scenario_id,target_actor_id,num_modes,top1_mode,top1_probability,top1_min_distance,worst_case_mode,worst_case_probability,worst_case_min_distance,ground_truth_min_distance,unsafe_mode_count,safety_threshold_m,unsafe_probability_mass,severity_weighted_risk,expected_distance_deficit_risk,top1_event,worst_case_event,ground_truth_event,probabilities,mode_min_distances
00010486-9a07-48ae-b493-cf4545855937,77544,6,4,0.3731001317501068,17.12910776585952,0,0.011052250862121582,17.126779253743834,17.137973409870547,0,3.0,0.0,0.0,0.0,false,false,false,"[0.011052250862121582, 0.23655448853969574, 0.09262964874505997, 0.2361903339624405, 0.3731001317501068, 0.05047312378883362]","[17.126779253743834, 17.128580686917825, 17.128577576414862, 17.12976718560846, 17.12910776585952, 17.129855611029313]"
00062a32-8d6d-4449-9948-6fedac67bfcd,21361,6,3,0.3755089342594147,10.971450247782645,1,0.09243347495794296,10.96309097463087,11.417657629336146,0,3.0,0.0,0.0,0.0,false,false,false,"[0.014842730015516281, 0.09243347495794296, 0.027871688827872276, 0.3755089342594147, 0.2935596704483032, 0.19578349590301514]","[11.052550124732294, 10.96309097463087, 10.981755626698996, 10.971450247782645, 10.96542539776361, 10.993548129420308]"
0006ca28-fcbb-4ae2-9d9e-951fa3b41c1c,62021,6,2,0.4142039716243744,20.607024708166275,5,0.0016524329548701644,15.606332468210049,20.724609311727292,0,3.0,0.0,0.0,0.0,false,false,false,"[0.0694030150771141, 0.3782522976398468, 0.4142039716243744, 0.01863221824169159, 0.11785601824522018, 0.0016524329548701644]","[20.829084619739394, 20.335414711222246, 20.607024708166275, 18.64095803970127, 19.634205855257708, 15.606332468210049]"
0007df76-c9a2-47aa-83bf-3b2b414109c9,79739,6,4,0.2818070650100708,9.466077683197788,5,0.06522748619318008,9.465920961451571,9.467472996304922,0,3.0,0.0,0.0,0.0,false,false,false,"[0.019314436241984367, 0.229435533285141, 0.1403694599866867, 0.2638460397720337, 0.2818070650100708, 0.06522748619318008]","[9.471209894445352, 9.466214256703974, 9.46783942484374, 9.466092892957443, 9.466077683197788, 9.465920961451571]"
0015197d-b916-43b6-bcaa-8a7d90d7b87d,26943,6,2,0.6046013832092285,11.83605793696525,0,0.001281424192711711,8.937446739339855,15.367578208782547,0,3.0,0.0,0.0,0.0,false,false,false,"[0.001281424192711711, 0.31395602226257324, 0.6046013832092285, 0.0007592231268063188, 0.07939157634973526, 1.0368011317041237e-05]","[8.937446739339855, 13.768918692443501, 11.83605793696525, 15.70910338392642, 14.922638330888951, 15.872856110152515]"
00170a57-eb8a-4947-8b7d-7b12af7af2db,157474,6,1,0.5317715406417847,3.4270362425625023,0,0.0007878370233811438,3.2614177633511874,3.362151129964027,0,3.0,0.0,0.0,0.0,false,false,false,"[0.0007878370233811438, 0.5317715406417847, 0.1716555953025818, 0.057592179626226425, 0.23790571093559265, 0.0002871581236831844]","[3.2614177633511874, 3.4270362425625023, 3.3158326927952047, 3.441020272786941, 3.4373883402635697, 3.440555783510179]"
001749f1-bc1c-47fb-a13f-9ab1f2c050a8,7361,6,1,0.2648898959159851,3.3171304893715607,5,0.024044949561357498,0.4480973718285185,3.40640844842747,1,3.0,0.024044949561357498,0.06136036997987891,0.020453456659959637,false,true,false,"[0.12088070809841156, 0.2648898959159851, 0.24443940818309784, 0.11995281279087067, 0.22579222917556763, 0.024044949561357498]","[3.2573202753879453, 3.3171304893715607, 3.2982021752010557, 3.328113143971418, 3.324684119457237, 0.4480973718285185]"
00190202-a988-4f35-96b5-876869b4e0a3,147327,6,0,0.4628504514694214,8.30623984742856,0,0.4628504514694214,8.30623984742856,8.33376100675116,0,3.0,0.0,0.0,0.0,false,false,false,"[0.4628504514694214, 0.1625954657793045, 0.31212612986564636, 0.00012841551506426185, 0.062298599630594254, 9.08999822968326e-07]","[8.30623984742856, 8.333988369580652, 8.394734127727933, 8.391775167456135, 8.442132111835003, 8.409316547511244]"
00195499-be19-4cfb-867a-f6a78c43f51c,52958,6,2,0.22942043840885162,3.403850935477123,5,0.07729115337133408,3.33868327363696,3.694961345674319,0,3.0,0.0,0.0,0.0,false,false,false,"[0.15320003032684326, 0.21628281474113464, 0.22942043840885162, 0.1383521556854248, 0.1854533702135086, 0.07729115337133408]","[3.496205461304991, 3.4004432985278537, 3.403850935477123, 3.35478985172341, 3.376463828703865, 3.33868327363696]"
001ce108-22b2-4e40-bcf3-40d22732a8c3,192411,6,3,0.2858017385005951,18.396278705008168,5,0.15697599947452545,16.778166389947156,18.237195114766635,0,3.0,0.0,0.0,0.0,false,false,false,"[0.02121332287788391, 0.18500253558158875, 0.10332072526216507, 0.2858017385005951, 0.24768571555614471, 0.15697599947452545]","[23.26199458524831, 21.01581003894672, 22.398009696310474, 18.396278705008168, 19.725625056285548, 16.778166389947156]"
001d7c9e-4f80-4d1d-9ad9-5b6432c4fb36,6857,6,1,0.379716157913208,14.210587093506392,0,0.11850546300411224,11.000884315859116,12.416532912856697,0,3.0,0.0,0.0,0.0,false,false,false,"[0.11850546300411224, 0.379716157913208, 0.2968692183494568, 0.00023393418814521283, 0.20217831432819366, 0.0024969608057290316]","[11.000884315859116, 14.210587093506392, 13.2310535086564, 14.845587350167808, 14.822011798932701, 15.526959655617542]"
001e7a56-f046-4f05-bd8f-ddf320079eae,128381,6,0,0.4228048026561737,70.51764305280915,4,0.09832008183002472,70.49719445802393,70.49403905395825,0,3.0,0.0,0.0,0.0,false,false,false,"[0.4228048026561737, 0.1850135624408722, 0.25155842304229736, 0.0385257825255394, 0.09832008183002472, 0.003777389880269766]","[70.51764305280915, 70.50635204680292, 70.51239553585403, 70.51459928758747, 70.49719445802393, 70.5128173527795]"
001f9701-34f9-4811-bcbb-8cf1a412fb0e,111399,6,4,0.23581278324127197,7.187305577385192,5,0.09554721415042877,5.885145777436397,6.677872054417642,0,3.0,0.0,0.0,0.0,false,false,false,"[0.08334586024284363, 0.2023397982120514, 0.15353408455848694, 0.2294202446937561, 0.23581278324127197, 0.09554721415042877]","[10.256424149861582, 7.894667714613263, 8.77612411677723, 6.56628605104548, 7.187305577385192, 5.885145777436397]"
00226ff5-0ee6-43b7-8568-ffd0f357db91,25627,6,0,0.2784244120121002,14.900658820650712,5,0.0061574471183121204,12.999659684688895,12.990370059018108,0,3.0,0.0,0.0,0.0,false,false,false,"[0.2784244120121002, 0.25161227583885193, 0.27830517292022705, 0.05463724583387375, 0.1308634728193283, 0.0061574471183121204]","[14.900658820650712, 13.972443311358868, 14.311498888371558, 13.369922129840111, 13.624517365269451, 12.999659684688895]"
00230ccd-4922-4f8c-b67f-ba70d0db22d3,79514,6,2,0.33502084016799927,40.67626449413668,0,0.1484818011522293,40.19058872488509,40.06084239419795,0,3.0,0.0,0.0,0.0,false,false,false,"[0.1484818011522293, 0.26888230443000793, 0.33502084016799927, 0.0699688121676445, 0.1730411797761917, 0.00460509117692709]","[40.19058872488509, 40.83640821137085, 40.67626449413668, 41.1131454190074, 40.986304467871314, 41.28048401843145]"
0028b424-9a0a-4b3e-a59e-0fc183c02095,29677,6,2,0.31649333238601685,12.988121116626221,5,0.021387184038758278,8.843458625792218,13.824410365259626,0,3.0,0.0,0.0,0.0,false,false,false,"[0.08830096572637558, 0.31383463740348816, 0.31649333238601685, 0.08655142039060593, 0.17343248426914215, 0.021387184038758278]","[14.53253722898596, 11.858825952337545, 12.988121116626221, 9.931656639963927, 10.828978118206654, 8.843458625792218]"
002ba35d-be70-4ce4-b15a-01a28e0ae801,124980,6,4,0.36860862374305725,4.480138749287612,1,0.19514083862304688,4.1865123690126715,4.360785072703967,0,3.0,0.0,0.0,0.0,false,false,false,"[0.036550771445035934, 0.19514083862304688, 0.2144680768251419, 0.027161862701177597, 0.36860862374305725, 0.15806980431079865]","[4.539547838496506, 4.1865123690126715, 4.667265005014117, 5.050461671799399, 4.480138749287612, 4.776485508822214]"
003363ad-fa78-45f9-a8d7-716f4ea6d586,28412,6,2,0.2422545999288559,31.213937605182966,5,0.09059522300958633,29.567326054003743,31.21388845613369,0,3.0,0.0,0.0,0.0,false,false,false,"[0.11312834173440933, 0.23764219880104065, 0.2422545999288559, 0.1323901265859604, 0.18398959934711456, 0.09059522300958633]","[31.21496113036762, 31.211014524324213, 31.213937605182966, 31.014987314428588, 31.209991009126373, 29.567326054003743]"
00351569-255c-433e-b97b-e2a844d1b6e0,114092,6,3,0.3062566816806793,2.5966607566909525,0,0.0009688230347819626,2.044681911179561,2.1616658873276005,6,3.0,0.9999999411520548,0.3795351747847421,0.12651172492824736,true,true,true,"[0.0009688230347819626, 0.21971328556537628, 0.006311303935945034, 0.3062566816806793, 0.2899073362350464, 0.17684251070022583]","[2.044681911179561, 2.6766629297919264, 2.839014294267036, 2.5966607566909525, 2.657264440028906, 2.5268939066004323]"
0036b8de-9be1-4861-adcf-34671484a3c3,42935,6,4,0.5270219445228577,38.00933910903077,5,0.15484637022018433,21.394639975212495,47.26503240607924,0,3.0,0.0,0.0,0.0,false,false,false,"[0.0008511625928804278, 0.11855104565620422, 0.004075194243341684, 0.19465430080890656, 0.5270219445228577, 0.15484637022018433]","[71.95359773356313, 45.24378881599694, 61.364624658680334, 32.605811846097794, 38.00933910903077, 21.394639975212495]"
003a8853-461a-4fa4-9a04-be07aae9b70c,128283,6,0,0.8518430590629578,29.60770350848921,5,0.006055502686649561,8.80534118351453,15.759848257962243,0,3.0,0.0,0.0,0.0,false,false,false,"[0.8518430590629578, 0.04089780151844025, 0.07725987583398819, 0.0074521503411233425, 0.01649167388677597, 0.006055502686649561]","[29.60770350848921, 22.183184439417435, 24.95198453143412, 14.06621170439084, 18.557944283415367, 8.80534118351453]"
00404e6d-ff66-460e-8f22-bc61fc9f7f9d,93160,6,0,0.4512386620044708,17.93692871838836,5,2.9341550543904305e-05,17.93345918897808,17.932088347948092,0,3.0,0.0,0.0,0.0,false,false,false,"[0.4512386620044708, 0.1358315497636795, 0.35738810896873474, 0.002899091923609376, 0.052613142877817154, 2.9341550543904305e-05]","[17.93692871838836, 17.938095470008218, 17.938817020740554, 17.935846372137423, 17.936915265165755, 17.93345918897808]"
004153a3-9385-4f91-b702-76d58a222bdb,22911,6,2,0.435759037733078,7.895550763703994,0,0.002987311454489827,7.893215925863586,7.881479521344808,0,3.0,0.0,0.0,0.0,false,false,false,"[0.002987311454489827, 0.32856717705726624, 0.435759037733078, 0.028443031013011932, 0.2042422890663147, 1.1317321195747354e-06]","[7.893215925863586, 7.897234923240833, 7.895550763703994, 7.896648474390992, 7.896978776792941, 7.8989825133786935]"
00422cc5-b120-49db-982f-fc0c1e1eaf8d,28930,6,2,0.3685842752456665,14.498530136619873,0,0.19420303404331207,6.314420436275411,13.831570524715536,0,3.0,0.0,0.0,0.0,false,false,false,"[0.19420303404331207, 0.21730519831180573, 0.3685842752456665, 0.00040109228575602174, 0.2186439335346222, 0.0008625283371657133]","[6.314420436275411, 18.011846725151525, 14.498530136619873, 21.517346045281375, 20.502007365802317, 26.30666793424183]"
00430751-d928-472b-9944-ea55b2fb8d89,150679,6,0,0.3828011155128479,9.015787666116085,2,0.2312978208065033,9.01460005092518,9.02906307303107,0,3.0,0.0,0.0,0.0,false,false,false,"[0.3828011155128479, 0.20822511613368988, 0.2312978208065033, 0.0438537634909153, 0.127506822347641, 0.006315357051789761]","[9.015787666116085, 9.017306867604933, 9.01460005092518, 9.019658180721526, 9.018096664355642, 9.017198439369844]"
0044b5c0-f492-43b3-ae9c-daa8ff1c9584,152834,6,3,0.3977369964122772,23.54343162449964,5,0.3703514039516449,23.540380968302372,23.55417334151993,0,3.0,0.0,0.0,0.0,false,false,false,"[0.0010802674805745482, 0.02499816007912159, 0.003744424320757389, 0.3977369964122772, 0.20208875834941864, 0.3703514039516449]","[23.546661939207606, 23.543021477196707, 23.54152609198018, 23.54343162449964, 23.54519196351052, 23.540380968302372]"
00450480-0bcd-46b9-a48b-5337d8c9d0a3,281880,6,4,0.2961771488189697,22.46708486306602,5,0.11172088980674744,22.430353639424283,22.398474141088613,0,3.0,0.0,0.0,0.0,false,false,false,"[0.040895916521549225, 0.23548594117164612, 0.11161878705024719, 0.2041013389825821, 0.2961771488189697, 0.11172088980674744]","[22.470966176843728, 22.469313093939967, 22.472421235106065, 22.466319298959803, 22.46708486306602, 22.430353639424283]"
0046bad9-f29c-4365-bfba-a087a1075667,6335,6,1,0.4143091142177582,41.494288155573344,5,0.007211174350231886,28.895839083454867,42.20988317031074,0,3.0,0.0,0.0,0.0,false,false,false,"[0.012243591248989105, 0.4143091142177582, 0.29439035058021545, 0.042507827281951904, 0.2293379008769989, 0.007211174350231886]","[45.97477556384401, 41.494288155573344, 44.08085184137875, 34.95081790085061, 38.74592069334727, 28.895839083454867]"
0051a8c9-e50e-4cde-b003-1a103de0fdb1,51752,6,4,0.27334827184677124,4.165421062093338,0,0.03595321252942085,4.027109200338117,4.296756375149213,0,3.0,0.0,0.0,0.0,false,false,false,"[0.03595321252942085, 0.2608141005039215, 0.14454469084739685, 0.2047416865825653, 0.27334827184677124, 0.08059798926115036]","[4.027109200338117, 4.178145600170403, 4.089910504835632, 4.10933253770364, 4.165421062093338, 4.040997725936167]"
00546066-20ea-4012-854a-fcdb47973b92,115299,6,4,0.23257365822792053,23.441563069703083,5,0.16022460162639618,21.305833646511417,21.860525189925028,0,3.0,0.0,0.0,0.0,false,false,false,"[0.04750264436006546, 0.20484548807144165, 0.12764622271060944, 0.22720731794834137, 0.23257365822792053, 0.16022460162639618]","[24.049928557419687, 23.776586297424345, 23.92103157387955, 22.63979565014293, 23.441563069703083, 21.305833646511417]"
0058ed53-93bf-42a7-9bba-6df3f6ce20f5,101932,6,1,0.29448455572128296,8.172944143023669,5,0.009942138567566872,0.6458897924868424,9.283274718718223,1,3.0,0.009942138567566872,0.023404889886419415,0.007801629962139805,false,true,false,"[0.07707144320011139, 0.29448455572128296, 0.24280837178230286, 0.1310725063085556, 0.24462102353572845, 0.009942138567566872]","[9.978923775073582, 8.172944143023669, 9.97215368944797, 4.11829404058177, 6.286774374269099, 0.6458897924868424]"
005b26cb-7ddc-4e9e-b2d1-55c49f1c6e85,23924,6,2,0.5047014951705933,10.499974863839716,0,0.3703891634941101,8.131244347003728,11.941688065078226,0,3.0,0.0,0.0,0.0,false,false,false,"[0.3703891634941101, 0.11589705944061279, 0.5047014951705933, 0.0005385235417634249, 0.0063345846720039845, 0.0021392072085291147]","[8.131244347003728, 12.633852583816987, 10.499974863839716, 17.386719058535387, 14.377103529315571, 19.47462015454873]"
005f3e26-75cb-43a5-b61a-89343d490fdf,110833,6,4,0.22460556030273438,3.0355593500800175,5,0.10665111243724823,3.0032057038279225,3.6055977293028985,0,3.0,0.0,0.0,0.0,false,false,false,"[0.14157254993915558, 0.2030899077653885, 0.14811532199382782, 0.17596553266048431, 0.22460556030273438, 0.10665111243724823]","[3.2310193623524097, 3.056604954934931, 3.0729002319889194, 3.0307309730067913, 3.0355593500800175, 3.0032057038279225]"
00629110-b592-4d2a-8524-b5f2e9661048,58567,6,2,0.5194886326789856,12.685496100147173,0,0.08561459183692932,10.98485519165387,12.688814816832249,0,3.0,0.0,0.0,0.0,false,false,false,"[0.08561459183692932, 0.0018456672551110387, 0.5194886326789856, 0.052530139684677124, 0.3337160348892212, 0.0068049184046685696]","[10.98485519165387, 12.674958654854768, 12.685496100147173, 12.693634351919199, 12.695656832536988, 12.708815061726147]"
0066f16d-cee1-44db-aa9d-aca38e9761f4,110567,6,2,0.3866789638996124,35.06215827611763,5,0.001740536536090076,31.273224464799195,31.423808623813084,0,3.0,0.0,0.0,0.0,false,false,false,"[0.18016555905342102, 0.2737463414669037, 0.3866789638996124, 0.029436839744448662, 0.12823182344436646, 0.001740536536090076]","[35.924529253003094, 34.36244977585209, 35.06215827611763, 32.750709183926034, 33.64502910804598, 31.273224464799195]"
0067cf62-4775-425e-8edc-28fd8622b920,4529,6,5,0.25898268818855286,6.984217976932128,5,0.25898268818855286,6.984217976932128,6.459581391940928,0,3.0,0.0,0.0,0.0,false,false,false,"[0.06947597861289978, 0.16026578843593597, 0.10960820317268372, 0.21781373023986816, 0.1838536113500595, 0.25898268818855286]","[10.504619141514704, 8.867271725426843, 9.568726949333866, 7.592201879644349, 8.209634015019917, 6.984217976932128]"
0072a11c-c3f5-4d44-b4e1-04117bc4100b,5346,6,4,0.7621489763259888,58.04761950890142,2,0.0004882435023318976,58.02484705911079,58.05828475908424,0,3.0,0.0,0.0,0.0,false,false,false,"[6.168818345031468e-06, 0.2142745405435562, 0.0004882435023318976, 0.019423706457018852, 0.7621489763259888, 0.0036583601031452417]","[58.03054198173136, 58.051288615097036, 58.02484705911079, 58.04961304711351, 58.04761950890142, 58.05160847120145]"
007408b9-948f-42c9-aed4-a03339f3aa4f,14263,6,2,0.39127933979034424,10.692953293984907,0,0.23000161349773407,10.246195066578643,10.89523258735195,0,3.0,0.0,0.0,0.0,false,false,false,"[0.23000161349773407, 0.2780231535434723, 0.39127933979034424, 0.005046893376857042, 0.09550920128822327, 0.0001397122541675344]","[10.246195066578643, 11.29016568822556, 10.692953293984907, 17.79841580641192, 13.353389503382212, 25.16931810067059]"
007471ae-7006-49ec-903d-a9465c4fa379,186690,6,4,0.27711808681488037,97.99853804875778,5,0.08593925088644028,94.00835797674623,99.8881664717257,0,3.0,0.0,0.0,0.0,false,false,false,"[0.056265171617269516, 0.18880535662174225, 0.1506287008523941, 0.24124346673488617, 0.27711808681488037, 0.08593925088644028]","[103.38209780828308, 99.39871099956287, 100.87669006396858, 96.27410684587244, 97.99853804875778, 94.00835797674623]"
007e6152-fb08-4a1b-be8c-d60e4d8635ce,12856,6,0,0.6393780708312988,5.237291377653658,0,0.6393780708312988,5.237291377653658,5.205781105859733,0,3.0,0.0,0.0,0.0,false,false,false,"[0.6393780708312988, 0.04754455015063286, 0.31246307492256165, 8.405899052377208e-07, 0.0006119324825704098, 1.5279874787665904e-06]","[5.237291377653658, 5.666210877843169, 5.387140404503508, 13.493420040456238, 8.710988877355021, 18.35166986143588]"
008415aa-6a7d-4c51-9b82-f29bc76f7f28,4947,6,4,0.38243311643600464,9.483473419122436,5,0.022404387593269348,9.170445774375414,9.490923435516905,0,3.0,0.0,0.0,0.0,false,false,false,"[0.0009931946406140924, 0.28526875376701355, 0.08494442701339722, 0.22395603358745575, 0.38243311643600464, 0.022404387593269348]","[9.480622810963547, 9.483199412783598, 9.484009699565926, 9.482389138476575, 9.483473419122436, 9.170445774375414]"
0085e780-a3b2-4432-a64f-56e7b3394432,175315,6,3,0.30868902802467346,16.762553366491492,0,0.023838220164179802,15.81819793886327,16.769112717483672,0,3.0,0.0,0.0,0.0,false,false,false,"[0.023838220164179802, 0.11991314589977264, 0.05507878214120865, 0.30868902802467346, 0.30052196979522705, 0.19195885956287384]","[15.81819793886327, 16.760855121539908, 16.761327765195695, 16.762553366491492, 16.759889149430123, 16.764983885737706]"
00868013-e5b7-4b75-b30c-045bb4244627,88865,6,5,0.6063651442527771,17.932914260691202,0,0.010298655368387699,7.594837978115279,14.620286785240507,0,3.0,0.0,0.0,0.0,false,false,false,"[0.010298655368387699, 0.001791232731193304, 0.0015462766168639064, 0.19835001230239868, 0.18164873123168945, 0.6063651442527771]","[7.594837978115279, 19.806866264506244, 19.757998809901395, 16.73636201696384, 13.91171208812781, 17.932914260691202]"
008e9697-bbd5-46fa-a2df-bcda736bab18,141607,6,2,0.35425496101379395,13.894493622041189,5,0.0007152342586778104,10.563514708698465,13.312086799638484,0,3.0,0.0,0.0,0.0,false,false,false,"[0.11910691857337952, 0.34721848368644714, 0.35425496101379395, 0.027116725221276283, 0.15158769488334656, 0.0007152342586778104]","[13.970822378977777, 13.698882071363736, 13.894493622041189, 12.195362110513564, 13.175625132617775, 10.563514708698465]"
008eacb9-eef8-4781-96e4-7446926a2fea,9548,6,4,0.27781742811203003,9.788304017077719,0,0.00019057434110436589,8.261712080942104,9.878926495666695,0,3.0,0.0,0.0,0.0,false,false,false,"[0.00019057434110436589, 0.25674012303352356, 0.12301259487867355, 0.2114700973033905, 0.27781742811203003, 0.13076916337013245]","[8.261712080942104, 9.621214193172184, 9.474696601406885, 9.836374773483596, 9.788304017077719, 9.895016402889503]"
0091bad9-e7b2-4c07-aa12-6b5fd03c63d2,68319,6,4,0.9121313095092773,3.181133475470925,0,0.0003766267909668386,3.136026826911071,3.2283208610386613,0,3.0,0.0,0.0,0.0,false,false,false,"[0.0003766267909668386, 0.040538936853408813, 0.00253964401781559, 0.04440978914499283, 0.9121313095092773, 3.730241132871015e-06]","[3.136026826911071, 3.1635656602878854, 3.1535225251755037, 3.20069747270009, 3.181133475470925, 3.210776814075285]"
0092658a-5705-4a48-9de0-195b430c03f8,57383,6,3,0.36473363637924194,18.639528494594042,5,0.15063047409057617,14.736291842735122,18.744709619581194,0,3.0,0.0,0.0,0.0,false,false,false,"[0.0025460494216531515, 0.13899584114551544, 0.06457562744617462, 0.36473363637924194, 0.27851834893226624, 0.15063047409057617]","[24.162227346329487, 22.522110116017068, 23.71752053524645, 18.639528494594042, 20.733884179271655, 14.736291842735122]"
00976f6f-59fa-4fad-ba0b-828cce074d97,32730,6,1,0.2207164168357849,28.450822853330102,0,0.07336582243442535,26.768159159575504,28.450294786452908,0,3.0,0.0,0.0,0.0,false,false,false,"[0.07336582243442535, 0.2207164168357849, 0.1692391186952591, 0.19728028774261475, 0.21637193858623505, 0.12302644550800323]","[26.768159159575504, 28.450822853330102, 28.449648073312584, 28.451684203058594, 28.45120068620208, 28.450819247824537]"
009ba352-ea89-45cb-83e8-c8e65148d87e,156930,6,4,0.3177073299884796,96.87269977984322,3,0.19219359755516052,96.87215650300003,96.8840613884137,0,3.0,0.0,0.0,0.0,false,false,false,"[0.05019674077630043, 0.2587229311466217, 0.14293625950813293, 0.19219359755516052, 0.3177073299884796, 0.03824317455291748]","[96.88616087987103, 96.87395395544797, 96.87689837072375, 96.87215650300003, 96.87269977984322, 96.872391345064]"
009cf3d3-fd2c-4361-b926-eca40c138446,29409,6,5,0.455532431602478,10.051299910113647,1,0.0271893497556448,9.940393552207725,10.086043225783184,0,3.0,0.0,0.0,0.0,false,false,false,"[0.19418179988861084, 0.0271893497556448, 0.0374879464507103, 0.04248114675283432, 0.24312724173069, 0.455532431602478]","[10.06622479261409, 9.940393552207725, 10.054486906435182, 10.127750069084847, 10.014446337271467, 10.051299910113647]"
00a0ec58-1fb9-4a2b-bfd7-f4e5da7a9eff,72146,6,1,0.26360374689102173,3.60250138273153,5,0.07742432504892349,3.5946193970300526,3.5147082087084005,0,3.0,0.0,0.0,0.0,false,false,false,"[0.05290533974766731, 0.26360374689102173, 0.24444596469402313, 0.15287892520427704, 0.20874172449111938, 0.07742432504892349]","[3.6041561064078502, 3.60250138273153, 3.6031651603002364, 3.595841048215073, 3.5993420506284237, 3.5946193970300526]"
00a28ba6-9343-42b7-9458-5aebdf1a7360,51797,6,4,0.2822345495223999,18.825288033339937,4,0.2822345495223999,18.825288033339937,18.823596091499674,0,3.0,0.0,0.0,0.0,false,false,false,"[0.1015450656414032, 0.15887847542762756, 0.24367953836917877, 0.050602156668901443, 0.2822345495223999, 0.1630602329969406]","[18.827332017847336, 18.825759904162854, 18.826756803969573, 18.826137406552807, 18.825288033339937, 18.82633212811164]"
00a50e9f-63a1-4678-a4fe-c6109721ecba,22588,6,2,0.5172258615493774,43.46902295225052,0,0.14348988234996796,39.288634541582105,59.880944438744386,0,3.0,0.0,0.0,0.0,false,false,false,"[0.14348988234996796, 0.3226643204689026, 0.5172258615493774, 0.0019364530453458428, 0.01389519963413477, 0.0007882732897996902]","[39.288634541582105, 50.185649325237826, 43.46902295225052, 57.56479257135304, 54.293473727499425, 60.84829822267013]"
00a5d0a7-3be4-4008-a77b-4eebe77b1480,12518,6,0,0.9767376780509949,3.854467246431814,2,0.02318359911441803,3.853743179570763,3.8630724060725763,0,3.0,0.0,0.0,0.0,false,false,false,"[0.9767376780509949, 4.6191311412258074e-05, 0.02318359911441803, 1.2484641956689302e-05, 2.612457137729507e-06, 1.7476453649578616e-05]","[3.854467246431814, 3.8596180538137594, 3.853743179570763, 3.87722640719877, 3.868306015557261, 3.8808507204079272]"
00a8fc17-d464-47c6-95f9-4e99a9a6fe86,4990,6,0,0.6674239039421082,31.40025408668205,5,0.00023318352759815753,31.382320222846793,31.387332692473876,0,3.0,0.0,0.0,0.0,false,false,false,"[0.6674239039421082, 0.0012418456608429551, 0.19186407327651978, 0.01787322573363781, 0.12136373668909073, 0.00023318352759815753]","[31.40025408668205, 31.39846098045426, 31.399792900967228, 31.399970361297, 31.396399208074953, 31.382320222846793]"
00a9541f-a00c-45c6-9071-dec34f5f818b,121514,6,5,0.3083951473236084,11.871665869411185,5,0.3083951473236084,11.871665869411185,13.929222292287081,0,3.0,0.0,0.0,0.0,false,false,false,"[0.09213491529226303, 0.09415114670991898, 0.03776860982179642, 0.2298462986946106, 0.2377038300037384, 0.3083951473236084]","[14.492925767532864, 14.491589977506312, 14.493537312180527, 14.488490912593836, 14.489750928170958, 11.871665869411185]"
00aa433e-6dcf-4919-b660-309d6bd75447,38836,6,1,0.3257080316543579,5.548678710739206,0,0.07810159772634506,5.2248515777063815,5.677070225263404,0,3.0,0.0,0.0,0.0,false,false,false,"[0.07810159772634506, 0.3257080316543579, 0.28724169731140137, 0.05892211198806763, 0.2267206460237503, 0.023305892944335938]","[5.2248515777063815, 5.548678710739206, 5.4217740665819525, 5.78377882866026, 5.655030966906167, 5.888358368443876]"
00abf9e5-4bc0-4b90-a3da-9d858df18f7d,7592,6,2,0.4682163894176483,20.952566373022073,0,0.0687134638428688,20.94956892532831,20.95152237934041,0,3.0,0.0,0.0,0.0,false,false,false,"[0.0687134638428688, 0.25108546018600464, 0.4682163894176483, 0.06450258940458298, 0.1457454115152359, 0.0017366418614983559]","[20.94956892532831, 20.954297233137655, 20.952566373022073, 20.961718322920532, 20.952305081843623, 20.9609476061728]"
00b2262d-bb33-4756-963e-4a5c87d8bd5d,29348,6,3,0.3417681157588959,13.169722803210323,5,0.17677825689315796,10.664434087658126,11.980501439187075,0,3.0,0.0,0.0,0.0,false,false,false,"[0.0029066679999232292, 0.14791147410869598, 0.03960820659995079, 0.3417681157588959, 0.291027307510376, 0.17677825689315796]","[22.756207697642274, 17.95537440539897, 19.53829211920723, 13.169722803210323, 15.831808262762246, 10.664434087658126]"
00b265e1-3c7e-44fc-b725-29d4f2cde0bd,101317,6,3,0.38157010078430176,52.48460422260258,4,0.24883215129375458,52.484362822267485,52.48395728856131,0,3.0,0.0,0.0,0.0,false,false,false,"[0.00013424453209154308, 0.041192427277565, 0.0012026631738990545, 0.38157010078430176, 0.24883215129375458, 0.32706835865974426]","[52.485437855998704, 52.48545609567666, 52.484417538144406, 52.48460422260258, 52.484362822267485, 52.48475443622522]"
00b37268-eeb0-4a5b-8241-e33a530fe267,101378,6,0,0.3914925456047058,9.293484369238847,0,0.3914925456047058,9.293484369238847,10.788353545881554,0,3.0,0.0,0.0,0.0,false,false,false,"[0.3914925456047058, 0.21477973461151123, 0.23315508663654327, 0.051066864281892776, 0.08630993217229843, 0.023195866495370865]","[9.293484369238847, 10.128924563619739, 9.921932490625302, 10.5812452671437, 10.30850446415924, 10.893069443780718]"
00b3a6f5-32ce-4d91-b320-10284ab921be,11285,6,3,0.23070624470710754,4.890162921536311,5,0.12001205235719681,4.884405450381267,5.0562274512842045,0,3.0,0.0,0.0,0.0,false,false,false,"[0.08217224478721619, 0.15782299637794495, 0.21215583384037018, 0.23070624470710754, 0.19713063538074493, 0.12001205235719681]","[5.148115580806062, 5.000043285078205, 4.983604782802864, 4.890162921536311, 4.905075780955766, 4.884405450381267]"
00b87c67-701e-40e4-a1b7-002717d0a4e5,159107,6,0,0.5963923931121826,4.1497751439317145,0,0.5963923931121826,4.1497751439317145,4.142436829512929,0,3.0,0.0,0.0,0.0,false,false,false,"[0.5963923931121826, 0.09667239338159561, 0.2527109384536743, 0.00033817486837506294, 0.05387907475233078, 6.989906523813261e-06]","[4.1497751439317145, 4.4639036669061545, 4.280408156944829, 4.9486449766372775, 4.663992192746444, 5.423509911944241]"
00bb46d3-2f4e-4c7b-95bd-51a65ff9670e,6879,6,4,0.8744038939476013,124.35620928053011,5,4.884515146841295e-05,110.63071298556727,115.22802606426885,0,3.0,0.0,0.0,0.0,false,false,false,"[0.005289891734719276, 0.08231567591428757, 0.0011518215760588646, 0.03678978979587555, 0.8744038939476013, 4.884515146841295e-05]","[135.99809884046815, 129.56873346378038, 133.31689150087422, 119.26517226334278, 124.35620928053011, 110.63071298556727]"
00bb5f2e-c964-4fcd-9c6a-4353a7baed6e,11023,6,0,0.4842517673969269,24.042366131838932,5,0.004549666307866573,20.35152175518504,23.976760724224956,0,3.0,0.0,0.0,0.0,false,false,false,"[0.4842517673969269, 0.027994666248559952, 0.4485801160335541, 0.010209610685706139, 0.024414202198386192, 0.004549666307866573]","[24.042366131838932, 23.30043572220012, 24.034915049319267, 21.527836130346838, 22.45774147714112, 20.35152175518504]"
00bd1af3-e5a4-4042-b0dd-627f6cc66ee8,57010,6,2,0.5831213593482971,11.797183093116558,0,0.1370692104101181,10.652246023813243,11.890918049519842,0,3.0,0.0,0.0,0.0,false,false,false,"[0.1370692104101181, 0.268934428691864, 0.5831213593482971, 0.001568788313306868, 0.00755931343883276, 0.001746966503560543]","[10.652246023813243, 11.971389488717827, 11.797183093116558, 12.726668121732475, 12.37291574959082, 12.727328509294408]"
00c1667c-0e02-44b2-8e5e-29dc81dfd323,49028,6,5,0.8027697205543518,14.260369326074274,5,0.8027697205543518,14.260369326074274,14.930215032770255,0,3.0,0.0,0.0,0.0,false,false,false,"[0.0006695213378407061, 0.04924529418349266, 0.008131074719130993, 0.07367534935474396, 0.06550902873277664, 0.8027697205543518]","[42.3247941298866, 23.094948909130682, 31.193728648694144, 16.21045324130807, 19.036310014960147, 14.260369326074274]"
00cf7a09-b98d-4c87-921a-830066a07100,58534,6,4,0.6075809597969055,46.46664899483678,5,0.005098140332847834,46.466622371874244,46.463884168949015,0,3.0,0.0,0.0,0.0,false,false,false,"[0.00010256178939016536, 0.20353898406028748, 0.0009563536150380969, 0.18272298574447632, 0.6075809597969055, 0.005098140332847834]","[46.468852444197836, 46.469226564870176, 46.46768113509071, 46.466681218385155, 46.46664899483678, 46.466622371874244]"
00d95e80-1f97-48ef-8bf6-651e6c93678f,2956,6,1,0.41065260767936707,31.074101846032676,0,0.028921155259013176,31.0492777176045,31.07552353183407,0,3.0,0.0,0.0,0.0,false,false,false,"[0.028921155259013176, 0.41065260767936707, 0.12823858857154846, 0.09880581498146057, 0.3190438449382782, 0.014337928965687752]","[31.0492777176045, 31.074101846032676, 31.06553950450283, 31.079234908268123, 31.079492100961097, 31.06539535826354]"
00d9f613-2637-4665-b640-15ca2219929a,102075,6,4,0.4602537453174591,17.575652469847757,0,0.0332438200712204,17.344579071798645,17.571669276340884,0,3.0,0.0,0.0,0.0,false,false,false,"[0.0332438200712204, 0.3230086863040924, 0.15433937311172485, 0.028006890788674355, 0.4602537453174591, 0.0011474762577563524]","[17.344579071798645, 17.517614363578065, 17.54539725283907, 17.537757436953413, 17.575652469847757, 17.557171403096884]"
00dd0b81-388f-40fd-a8f5-82d05d566cf5,46248,6,4,0.36065948009490967,14.680958342173563,1,0.23787176609039307,14.680287148869857,14.679854547624938,0,3.0,0.0,0.0,0.0,false,false,false,"[0.027755074203014374, 0.23787176609039307, 0.10276628285646439, 0.26594042778015137, 0.36065948009490967, 0.005006872117519379]","[14.680299496506079, 14.680287148869857, 14.682227319383266, 14.681685796417995, 14.680958342173563, 14.682265050056971]"
00ddb469-aea8-443b-a4f9-a5acff486b77,95081,6,0,0.9565418362617493,9.105117053199468,0,0.9565418362617493,9.105117053199468,9.0975369455435,0,3.0,0.0,0.0,0.0,false,false,false,"[0.9565418362617493, 0.001547984778881073, 0.0418415367603302, 7.384250238828827e-06, 5.9987894928781316e-05, 1.285821554120048e-06]","[9.105117053199468, 9.110011029695114, 9.113218501856453, 9.115856653939218, 9.11241491200186, 9.11927565419322]"
00de80df-9dfe-4ef7-a17f-7855caf9878f,34505,6,4,0.2986343502998352,20.53536385352703,1,0.19628137350082397,19.56437352383165,20.00139052280836,0,3.0,0.0,0.0,0.0,false,false,false,"[0.03433355689048767, 0.19628137350082397, 0.2604445815086365, 0.11748182773590088, 0.2986343502998352, 0.09282434731721878]","[21.74916144274107, 19.56437352383165, 19.836222301390258, 19.62799111315902, 20.53536385352703, 19.66745686096958]"
00e14259-7419-4f92-9699-835bc4f62536,40102,6,4,0.7530432939529419,80.50449772562473,0,0.0009728004224598408,75.45692761988701,80.53266765344394,0,3.0,0.0,0.0,0.0,false,false,false,"[0.0009728004224598408, 0.04916427657008171, 0.0021249353885650635, 0.1857878565788269, 0.7530432939529419, 0.00890678633004427]","[75.45692761988701, 80.50429295718101, 78.57815137073077, 80.50823176958242, 80.50449772562473, 80.51172139489498]"
00e194d5-57e3-4cd5-ba8d-61f89acea8c1,19244,6,2,0.2959243059158325,21.204975557022117,2,0.2959243059158325,21.204975557022117,21.208882377732127,0,3.0,0.0,0.0,0.0,false,false,false,"[0.0701192319393158, 0.23478814959526062, 0.2959243059158325, 0.11624197661876678, 0.14056549966335297, 0.1423608660697937]","[21.20638573478398, 21.20615107079956, 21.204975557022117, 21.211383210645472, 21.208971369365713, 21.211769962358076]"
00e21119-f350-4664-b77e-18823533a1a6,20927,6,0,0.39399197697639465,44.40369761368618,0,0.39399197697639465,44.40369761368618,54.94019160456171,0,3.0,0.0,0.0,0.0,false,false,false,"[0.39399197697639465, 0.27005109190940857, 0.19496187567710876, 0.026402879506349564, 0.11184961348772049, 0.0027425838634371758]","[44.40369761368618, 53.769534610792526, 50.319272569459926, 60.16645261351664, 56.94735690579846, 65.19090986123562]"
00e2cd17-25bc-42f2-8f33-17ae24d17a5f,66170,6,1,0.301880806684494,3.037804988180369,3,0.14127850532531738,2.8678147282154764,2.9413048978773646,4,3.0,0.41513559012673795,0.04308618245708568,0.01436206081902856,false,true,true,"[0.003709777956828475, 0.301880806684494, 0.2829836308956146, 0.14127850532531738, 0.25171414017677307, 0.018433166667819023]","[2.911844508856217, 3.037804988180369, 3.043880820547281, 2.8678147282154764, 2.913871311430548, 2.869561275550462]"
00e452e1-1a79-4327-abb2-fbbe0097b1b5,57984,6,2,0.7565736770629883,26.600502393131922,5,7.167085277615115e-05,17.22523442315263,25.951720760837183,0,3.0,0.0,0.0,0.0,false,false,false,"[0.20481131970882416, 0.03780826926231384, 0.7565736770629883, 6.895766273373738e-05, 0.0006661454681307077, 7.167085277615115e-05]","[29.663933426229825, 24.93723951439107, 26.600502393131922, 19.58068916385248, 21.83236401931054, 17.22523442315263]"
00e988db-319b-45b1-b16d-ccbbeaeb07cc,121659,6,1,0.3607899248600006,19.080899521784556,5,0.004169276915490627,16.713203345153946,18.434368709550537,0,3.0,0.0,0.0,0.0,false,false,false,"[0.0005897168884985149, 0.3607899248600006, 0.2388542741537094, 0.13737070560455322, 0.2582261860370636, 0.004169276915490627]","[19.5904973562387, 19.080899521784556, 19.378258291494937, 19.639519114215556, 19.51877754335767, 16.713203345153946]"
00ea15e0-d833-4d56-8b67-c640fefc81ee,153419,6,2,0.3307942748069763,31.68439636541322,5,0.0001662385620875284,31.65358939221381,31.695160183262594,0,3.0,0.0,0.0,0.0,false,false,false,"[0.2933618128299713, 0.2524735927581787, 0.3307942748069763, 0.01910623535513878, 0.10409782826900482, 0.0001662385620875284]","[31.68625775561578, 31.67798718923634, 31.68439636541322, 31.670075849652232, 31.672859633489434, 31.65358939221381]"
00eb04c6-a59e-4ff4-9d26-325b629b212b,25265,6,1,0.40435513854026794,17.42634904873183,2,0.2898365259170532,17.425877933542896,17.420274840761028,0,3.0,0.0,0.0,0.0,false,false,false,"[0.07314937561750412, 0.40435513854026794, 0.2898365259170532, 0.04923776909708977, 0.18267308175563812, 0.0007480987114831805]","[17.428757298423324, 17.42634904873183, 17.425877933542896, 17.43234953854617, 17.428652477545757, 17.43062906065656]"
00eb27a5-f716-4f7f-a877-113550040df3,132244,6,5,0.4830832779407501,6.276276992142647,1,8.853456529323012e-05,6.241604207206601,6.275115742318885,0,3.0,0.0,0.0,0.0,false,false,false,"[0.0004387873050291091, 8.853456529323012e-05, 0.0006244315882213414, 0.3219013810157776, 0.19386357069015503, 0.4830832779407501]","[6.2579933466597835, 6.241604207206601, 6.2458135185336685, 6.264663509549974, 6.26322215160511, 6.276276992142647]"
00ef7d7b-4709-4429-8714-48cfea6b4dde,34327,6,1,0.5282139182090759,5.235066749995783,0,0.00017335842130705714,5.2198254657078795,5.247133650788815,0,3.0,0.0,0.0,0.0,false,false,false,"[0.00017335842130705714, 0.5282139182090759, 0.28737467527389526, 0.011677023023366928, 0.17256100475788116, 1.8187201078490034e-08]","[5.2198254657078795, 5.235066749995783, 5.2251122637288665, 5.241826285539777, 5.234516572105294, 5.247210381656601]"
00f0977f-caf9-4781-b2b6-9747cbb7e7a3,3382,6,2,0.5575469732284546,22.758787937978617,5,7.886477533247671e-07,22.42599386338016,22.785729899543355,0,3.0,0.0,0.0,0.0,false,false,false,"[0.028316009789705276, 0.3643290400505066, 0.5575469732284546, 0.0002535346138756722, 0.04955362156033516, 7.886477533247671e-07]","[22.953447076408803, 22.668710088431787, 22.758787937978617, 22.515286593306406, 22.584011403481412, 22.42599386338016]"
00f1879f-ec21-4a4c-9c7b-84648379249b,24744,6,3,0.3461170196533203,86.49623791093705,5,0.33385083079338074,83.22308771975172,91.84516960429957,0,3.0,0.0,0.0,0.0,false,false,false,"[0.03602379932999611, 0.08546706289052963, 0.03219583258032799, 0.3461170196533203, 0.16634544730186462, 0.33385083079338074]","[98.54190514673772, 90.7006795654331, 93.68153739959283, 86.49623791093705, 88.56790745833662, 83.22308771975172]"
00f4189b-4296-4f07-a2b5-787c0db651ff,104998,6,3,0.3202883005142212,6.477689031909114,4,0.004559591878205538,0.6453233417773275,7.196128509010138,1,3.0,0.004559591878205538,0.010736364566632253,0.0035787881888774183,false,true,false,"[0.2226523607969284, 0.1098998412489891, 0.2254871428012848, 0.3202883005142212, 0.004559591878205538, 0.11711274832487106]","[10.852581753522802, 4.477299820926248, 8.159791623264546, 6.477689031909114, 0.6453233417773275, 11.219144992197293]"
00f65fe7-7d7c-4feb-9618-2742362cc12f,14152,6,1,0.5200362205505371,10.04221961106953,5,0.058792684227228165,9.16552757644023,9.989663800253425,0,3.0,0.0,0.0,0.0,false,false,false,"[0.00449788011610508, 0.5200362205505371, 0.24751026928424835, 0.08864875882863998, 0.08051414042711258, 0.058792684227228165]","[10.060279901339605, 10.04221961106953, 10.047505464431625, 10.024647267486316, 10.040882652313433, 9.16552757644023]"
00faa003-edc2-4184-b159-26155d40fdcb,123659,6,2,0.2938980460166931,5.4149696754983925,3,0.03137337788939476,3.551753198045361,7.181321957655547,0,3.0,0.0,0.0,0.0,false,false,false,"[0.018795451149344444, 0.17892862856388092, 0.2938980460166931, 0.03137337788939476, 0.24725820124149323, 0.22974629700183868]","[6.017708637985249, 8.322961781267699, 5.4149696754983925, 3.551753198045361, 6.665944642248713, 4.802902808228001]"
01069700-248e-4881-843a-d41206389020,606,6,4,0.29451826214790344,11.523875758355594,0,0.004497692454606295,10.744282915525032,11.580678254171353,0,3.0,0.0,0.0,0.0,false,false,false,"[0.004497692454606295, 0.19459517300128937, 0.1369229257106781, 0.2261042296886444, 0.29451826214790344, 0.14336176216602325]","[10.744282915525032, 11.472306973235627, 11.418226667212874, 11.545510075879509, 11.523875758355594, 11.572932537836522]"
01097a43-cccc-4ea1-97f7-c24bd10a8234,123913,6,2,0.31058594584465027,2.808570458497308,5,0.00017617121920920908,2.7276347874589546,3.2701430232627957,6,3.0,1.0000000795407686,0.21431695298155162,0.07143898432718387,true,true,false,"[0.2300473004579544, 0.2984444200992584, 0.31058594584465027, 0.010474036447703838, 0.1502722054719925, 0.00017617121920920908]","[2.7697343738355107, 2.7800115147744955, 2.808570458497308, 2.7937526989823516, 2.773563704507098, 2.7276347874589546]"
0109ca7d-7ec2-4530-bfb1-4c7d1feb892d,18741,6,3,0.42341771721839905,17.82190915647428,5,0.2351563721895218,15.686673154450718,19.664973414437906,0,3.0,0.0,0.0,0.0,false,false,false,"[0.0035705212503671646, 0.08283019065856934, 0.005597229581326246, 0.42341771721839905, 0.2494279146194458, 0.2351563721895218]","[19.66595987290638, 19.660589931122793, 19.66256288676321, 17.82190915647428, 19.105492967189743, 15.686673154450718]"
010cc179-827b-433c-a14d-c2b27ee9ded7,57509,6,4,0.35263001918792725,4.0687593290043305,0,0.015868553891777992,4.0644742790085955,3.933283508552294,0,3.0,0.0,0.0,0.0,false,false,false,"[0.015868553891777992, 0.22398962080478668, 0.05653655156493187, 0.08937625586986542, 0.35263001918792725, 0.26159900426864624]","[4.0644742790085955, 4.078801557537702, 4.075811396672503, 4.129091273107727, 4.0687593290043305, 4.076294594175398]"
01154df6-1058-404c-91eb-e78992da5a38,19841,6,4,0.3990904986858368,41.292524192518336,5,0.01419789157807827,36.42701652339671,46.638785059337984,0,3.0,0.0,0.0,0.0,false,false,false,"[0.011615728959441185, 0.1774596869945526, 0.06272625923156738, 0.3349098563194275, 0.3990904986858368, 0.01419789157807827]","[47.0029937231073, 42.89921106322905, 44.6609405404753, 39.545537983139106, 41.292524192518336, 36.42701652339671]"
0119275b-35ba-48d9-9cde-cb72f2849423,24777,6,2,0.5404855012893677,27.61208190018607,1,0.16139794886112213,27.611924525982207,27.606163629358317,0,3.0,0.0,0.0,0.0,false,false,false,"[0.10624516010284424, 0.16139794886112213, 0.5404855012893677, 0.11140865832567215, 0.04466293379664421, 0.035799793899059296]","[27.615059389946346, 27.611924525982207, 27.61208190018607, 27.613816920254582, 27.613991908864563, 27.613858992781243]"
011d6552-93e1-4766-a2ac-8209ef17f9c9,94489,6,0,0.7725427746772766,51.01972976589288,0,0.7725427746772766,51.01972976589288,52.68784494788406,0,3.0,0.0,0.0,0.0,false,false,false,"[0.7725427746772766, 0.00019571321900002658, 0.22722259163856506, 3.745052254089387e-06, 3.298650335636921e-05, 2.21736399907968e-06]","[51.01972976589288, 52.64070706022824, 52.251088391473004, 52.936961462046895, 52.79508428215931, 53.15013296672333]"
011edc25-d8b7-4471-a2dc-9d44231f1b62,139875,6,5,0.39855656027793884,53.58364052416261,5,0.39855656027793884,53.58364052416261,58.74084750482547,0,3.0,0.0,0.0,0.0,false,false,false,"[2.1927813577349298e-05, 0.11560944467782974, 0.04119674488902092, 0.25563886761665344, 0.1889764964580536, 0.39855656027793884]","[58.752093686807235, 58.74473298436816, 58.7461620458255, 56.956230960212984, 58.74272184995196, 53.58364052416261]"
011f5450-0124-43f2-8374-9322c5f99c50,127448,6,3,0.4881012737751007,24.78179639163416,5,0.16523180902004242,20.803487647940443,24.109056686400994,0,3.0,0.0,0.0,0.0,false,false,false,"[0.001462995889596641, 0.04695005714893341, 0.004945395980030298, 0.4881012737751007, 0.29330846667289734, 0.16523180902004242]","[38.1778847334473, 30.69412951631975, 33.835686720943436, 24.78179639163416, 27.928863546598834, 20.803487647940443]"
0123336f-afc6-4704-9ed0-efc5bea121f0,3063,6,4,0.24671712517738342,4.217532130901527,3,0.24449652433395386,3.702948447784446,3.730708539112839,0,3.0,0.0,0.0,0.0,false,false,false,"[0.02689918503165245, 0.19295185804367065, 0.12221946567296982, 0.24449652433395386, 0.24671712517738342, 0.1667158454656601]","[6.724573449732168, 5.313548486360752, 6.506404512096143, 3.702948447784446, 4.217532130901527, 4.02497859188094]"
0124a476-262a-4afc-b7b5-3f4d41b413a8,144334,6,4,0.39381086826324463,3.8938547539741384,3,0.12586361169815063,3.2426987578122697,3.538238067262369,0,3.0,0.0,0.0,0.0,false,false,false,"[0.08221070468425751, 0.2648143768310547, 0.12858162820339203, 0.12586361169815063, 0.39381086826324463, 0.004718767944723368]","[4.614725021041338, 3.812687134449393, 4.449438242065644, 3.2426987578122697, 3.8938547539741384, 3.3566807078042897]"
012ae3e3-aa0b-45e6-af38-f8ddb5ecec6b,91257,6,3,0.38696151971817017,22.339023845519364,5,0.29871007800102234,20.64149104742668,22.59984576078824,0,3.0,0.0,0.0,0.0,false,false,false,"[0.00040318313403986394, 0.07182762771844864, 0.01895809918642044, 0.38696151971817017, 0.22313953936100006, 0.29871007800102234]","[22.592392320388463, 22.598199842108407, 22.59861835493945, 22.339023845519364, 22.597766823197233, 20.64149104742668]"
012d987d-0f4a-47f7-99c3-04278e8e897e,125803,6,4,0.5362687110900879,27.51694376296406,5,0.0016406431095674634,14.612936822421078,36.90999957820581,0,3.0,0.0,0.0,0.0,false,false,false,"[0.01919272355735302, 0.3282763659954071, 0.08886189758777618, 0.025759676471352577, 0.5362687110900879, 0.0016406431095674634]","[37.50360164393477, 32.24483402270776, 36.04743979007031, 22.238820519903452, 27.51694376296406, 14.612936822421078]"
01340461-df3d-4d25-9085-657d1c7839f3,158123,6,1,0.40866971015930176,25.52454758925269,2,0.15546166896820068,25.19790956471105,24.930970362773092,0,3.0,0.0,0.0,0.0,false,false,false,"[0.005902064498513937, 0.40866971015930176, 0.15546166896820068, 0.15550819039344788, 0.27156081795692444, 0.0028974846936762333]","[25.981542004536358, 25.52454758925269, 25.19790956471105, 25.539423220313804, 25.263212135063032, 25.371379844881993]"
0134aa84-8bf4-4b83-8c84-c3598e69b663,56735,6,2,0.394648015499115,24.4936645114168,5,4.188264938420616e-05,9.150743854263586,24.558363544956073,0,3.0,0.0,0.0,0.0,false,false,false,"[0.25228601694107056, 0.3347785174846649, 0.394648015499115, 0.00024779565865173936, 0.017997825518250465, 4.188264938420616e-05]","[24.131900299913905, 24.969754117477333, 24.4936645114168, 9.187470302444586, 25.280026460249346, 9.150743854263586]"
013563bf-4b77-464d-8930-612b2d58816c,33202,6,0,0.7071896195411682,2.6359819486567,0,0.7071896195411682,2.6359819486567,3.3514317090531165,1,3.0,0.7071896195411682,0.2574297872355858,0.0858099290785286,true,true,false,"[0.7071896195411682, 0.047733671963214874, 0.17406897246837616, 0.009315088391304016, 0.06141578406095505, 0.0002768526610452682]","[2.6359819486567, 5.11438878024447, 3.2686916521861837, 13.711777843301396, 9.013864285586745, 17.400063722258725]"
0136e98b-3f68-4cb4-9b5c-cbe5799980c9,28264,6,1,0.30004850029945374,7.37158336236369,5,0.05805471912026405,7.366223188215859,7.355963411337905,0,3.0,0.0,0.0,0.0,false,false,false,"[0.12923681735992432, 0.30004850029945374, 0.25058192014694214, 0.0754101350903511, 0.18666790425777435, 0.05805471912026405]","[7.370846441031393, 7.37158336236369, 7.373446237219799, 7.366526149259876, 7.368448501718887, 7.366223188215859]"
01398017-cd33-4092-a16c-2b1f78da7546,3414,6,4,0.3619554042816162,22.971048869558548,4,0.3619554042816162,22.971048869558548,22.966221467878114,0,3.0,0.0,0.0,0.0,false,false,false,"[0.002600600477308035, 0.20459946990013123, 0.11689267307519913, 0.22270022332668304, 0.3619554042816162, 0.09125165641307831]","[23.006809038447486, 22.982160286570796, 23.000542726205286, 23.006392812788047, 22.971048869558548, 23.003733635992642]"
013b721e-322b-4e5c-91f2-3c455c1196ec,41998,6,4,0.256813645362854,48.844091727072865,0,0.009970342740416527,43.0016884713877,48.18921628511436,0,3.0,0.0,0.0,0.0,false,false,false,"[0.009970342740416527, 0.2494969516992569, 0.15876026451587677, 0.21828554570674896, 0.256813645362854, 0.10667327046394348]","[43.0016884713877, 47.315172345373306, 45.50159534955434, 48.844142770650116, 48.844091727072865, 48.843910406313825]"
013c7009-91c3-42e8-8ef2-8633d90f7d95,153435,6,2,0.3733844757080078,37.69603236535152,5,0.05208240821957588,23.748451667511986,37.69925661316611,0,3.0,0.0,0.0,0.0,false,false,false,"[0.001853270223364234, 0.295517235994339, 0.3733844757080078, 0.10776448249816895, 0.16939814388751984, 0.05208240821957588]","[37.6973451372714, 36.099793282042825, 37.69603236535152, 29.210359909499832, 32.94980899760361, 23.748451667511986]"
0143050d-d577-494c-929b-0a9811c6e7b5,103611,6,4,0.33350107073783875,8.119627311785495,5,0.05696146935224533,8.11554892254371,8.127068696397536,0,3.0,0.0,0.0,0.0,false,false,false,"[0.0004378492885734886, 0.23227480053901672, 0.13012386858463287, 0.2467009574174881, 0.33350107073783875, 0.05696146935224533]","[8.126876103087062, 8.120661216375277, 8.122997121415517, 8.116290309946432, 8.119627311785495, 8.11554892254371]"
014586b7-0816-4c04-b92d-981bd5de9984,157277,6,1,0.446831077337265,45.753600218538054,1,0.446831077337265,45.753600218538054,45.75652906192615,0,3.0,0.0,0.0,0.0,false,false,false,"[0.02218000590801239, 0.446831077337265, 0.29790857434272766, 0.009774021804332733, 0.22292695939540863, 0.0003793866198975593]","[45.76239236612103, 45.753600218538054, 45.75665317246921, 45.754155690081866, 45.75470540139951, 45.754822873328735]"
01465848-057b-4ec6-934d-2f0609f344cc,61053,6,3,0.3595532774925232,7.600673392717938,0,5.144804890733212e-05,7.425012761694685,7.563242770645724,0,3.0,0.0,0.0,0.0,false,false,false,"[5.144804890733212e-05, 0.18384988605976105, 0.04214615002274513, 0.3595532774925232, 0.3580086827278137, 0.05639047548174858]","[7.425012761694685, 7.534079860191545, 7.506284868199471, 7.600673392717938, 7.57849939665171, 7.612897272394326]"
01485c35-55a9-4ada-bf96-03751f2193b9,12693,6,1,0.36148208379745483,4.294729449765479,2,0.2012425661087036,4.138665151118046,4.700633618850044,0,3.0,0.0,0.0,0.0,false,false,false,"[0.06588573753833771, 0.36148208379745483, 0.2012425661087036, 0.010597499087452888, 0.36070072650909424, 9.134106949204579e-05]","[4.226459865504997, 4.294729449765479, 4.138665151118046, 4.8742278600192765, 4.438304401013166, 5.368569861346992]"
014a4282-3688-40b9-a881-02748e279acf,39577,6,4,0.27943819761276245,15.365238921408576,2,0.10085403919219971,15.363329165937055,15.371510972367428,0,3.0,0.0,0.0,0.0,false,false,false,"[0.053523339331150055, 0.2064504772424698, 0.10085403919219971, 0.21820378303527832, 0.27943819761276245, 0.14153021574020386]","[15.364269150145606, 15.365238921408576, 15.363329165937055, 15.367251273383117, 15.365238921408576, 15.367281117854697]"
014d18b9-7c8e-44c3-aeb0-bd285b6a0009,4663,6,1,0.38459253311157227,17.508390133685552,0,0.017163092270493507,12.95351686333573,16.002625793823164,0,3.0,0.0,0.0,0.0,false,false,false,"[0.017163092270493507, 0.38459253311157227, 0.1507071703672409, 0.1276860237121582, 0.3013255298137665, 0.01852559857070446]","[12.95351686333573, 17.508390133685552, 16.424922542374865, 19.241698283250336, 18.213211200746144, 20.528308815959928]"
014fd1db-07e6-4975-95f8-d295e675f230,76842,6,5,0.5123409032821655,3.093689109342706,5,0.5123409032821655,3.093689109342706,12.868003662411269,0,3.0,0.0,0.0,0.0,false,false,false,"[0.1638070046901703, 0.034468874335289, 0.1991717666387558, 0.06724774092435837, 0.02296372689306736, 0.5123409032821655]","[14.632665704193498, 14.231667743892922, 14.63210571504752, 8.91899677171129, 11.879859958788193, 3.093689109342706]"
015b821a-520a-4a2f-92cd-de0de2f617c4,83880,6,4,0.3361900746822357,15.372154860363674,5,0.06385935842990875,11.07791798550188,19.458813106476562,0,3.0,0.0,0.0,0.0,false,false,false,"[0.02498830296099186, 0.23147433996200562, 0.17169597744941711, 0.1717919409275055, 0.3361900746822357, 0.06385935842990875]","[23.609666866717554, 17.20417740545225, 19.505413503717964, 13.919926347513712, 15.372154860363674, 11.07791798550188]"
015e5479-1888-4d13-816c-689d9437599e,65073,6,3,0.5779409408569336,39.065059827388964,5,0.059457749128341675,39.057082733266185,39.05136916575731,0,3.0,0.0,0.0,0.0,false,false,false,"[4.317443654144881e-06, 0.04407479614019394, 0.0003032362146768719, 0.5779409408569336, 0.31821897625923157, 0.059457749128341675]","[39.077355692473205, 39.07507442665195, 39.080027263848976, 39.065059827388964, 39.07054620761814, 39.057082733266185]"
015ec6a8-5bb1-43d2-9afc-866b8d3a6ae4,23534,6,4,0.24532188475131989,21.26664709857151,5,0.11826849728822708,21.26322498028865,21.262744487487808,0,3.0,0.0,0.0,0.0,false,false,false,"[0.03158154338598251, 0.24045610427856445, 0.16417965292930603, 0.20019227266311646, 0.24532188475131989, 0.11826849728822708]","[21.277045402182484, 21.267883057658654, 21.269941249727967, 21.26542704272505, 21.26664709857151, 21.26322498028865]"
01608445-d0c0-4ab1-ad71-c1f2366af236,24035,6,2,0.39057502150535583,10.966813394401589,4,0.15363572537899017,10.964210576272464,10.967030450196724,0,3.0,0.0,0.0,0.0,false,false,false,"[0.1349734663963318, 0.28986120223999023, 0.39057502150535583, 0.030931729823350906, 0.15363572537899017, 2.2845024432172067e-05]","[10.970149130481575, 10.967235134705824, 10.966813394401589, 10.966701371999122, 10.964210576272464, 10.967551214952291]"
01648874-5934-457c-abb1-586a68bc6cf9,126409,6,4,0.3082790672779083,14.452203851452207,1,0.16033333539962769,14.450929401013052,14.456338337210067,0,3.0,0.0,0.0,0.0,false,false,false,"[0.15726236999034882, 0.16033333539962769, 0.21148093044757843, 0.09769845008850098, 0.3082790672779083, 0.06494581699371338]","[14.459047474047788, 14.450929401013052, 14.451685718965264, 14.451007465716755, 14.452203851452207, 14.455718559394708]"
016571a9-11d3-43e1-9fbb-eb286220fb81,31061,6,2,0.28848642110824585,4.075336030623475,3,0.13592135906219482,3.9049248106924668,3.837372684230657,0,3.0,0.0,0.0,0.0,false,false,false,"[0.1902918517589569, 0.16786569356918335, 0.28848642110824585, 0.13592135906219482, 0.13924910128116608, 0.07818560302257538]","[4.093036298199902, 4.349470262225622, 4.075336030623475, 3.9049248106924668, 4.232118323706545, 4.068501660903005]"
0168106d-6aac-4b54-adec-fb9996040418,22044,6,2,0.35482341051101685,29.303502144531965,5,0.002901813481003046,29.300126370891444,29.322429024598012,0,3.0,0.0,0.0,0.0,false,false,false,"[0.32531142234802246, 0.16341468691825867, 0.35482341051101685, 0.0022879261523485184, 0.15126070380210876, 0.002901813481003046]","[29.32185900131874, 29.306954386937285, 29.303502144531965, 29.306833565422295, 29.3043787997692, 29.300126370891444]"
0168f167-e4ad-4850-962b-6f0ec3292f92,20113,6,2,0.27383744716644287,59.837992492284265,5,0.1790679395198822,50.450762814216965,57.54240007943648,0,3.0,0.0,0.0,0.0,false,false,false,"[0.08631526678800583, 0.19057773053646088, 0.27383744716644287, 0.12955856323242188, 0.14064307510852814, 0.1790679395198822]","[63.12742650873197, 57.57684758916066, 59.837992492284265, 53.324671629293924, 55.408104918746304, 50.450762814216965]"
0169c8ca-0230-4e03-8c83-7d01cbd77d37,202,6,3,0.5642483830451965,29.863258463848993,0,0.00013452852726913989,16.473994998296106,32.18086581817644,0,3.0,0.0,0.0,0.0,false,false,false,"[0.00013452852726913989, 0.0016973180463537574, 0.00027793875779025257, 0.5642483830451965, 0.0006521497271023691, 0.43298962712287903]","[16.473994998296106, 24.43075466386993, 24.948288503469396, 29.863258463848993, 27.452827608596156, 32.04410961017045]"
0169cd4a-5b5a-4016-80b9-828cc05e554c,919,6,1,0.3337383270263672,35.45798024757447,0,0.00555240036919713,25.20797209917634,37.73721329358833,0,3.0,0.0,0.0,0.0,false,false,false,"[0.00555240036919713, 0.3337383270263672, 0.2469424605369568, 0.10473643988370895, 0.2579372823238373, 0.05109304562211037]","[25.20797209917634, 35.45798024757447, 32.996578187255146, 39.833537151372695, 37.386320725812226, 40.64912682179183]"
016b7b76-b5d0-4891-8205-3942113b05aa,224032,6,1,0.4991247057914734,7.380022104929304,5,0.002311588963493705,2.099125381397909,2.5159013608213985,2,3.0,0.00415052252355963,0.0029944853002066194,0.0009981617667355397,false,true,true,"[0.052807603031396866, 0.4991247057914734, 0.24502462148666382, 0.0018389335600659251, 0.19889262318611145, 0.002311588963493705]","[11.053323185712918, 7.380022104929304, 9.600537117321842, 2.5040421828389876, 3.8515285235099896, 2.099125381397909]"
0171cf17-b4c7-4772-af3a-54f338d52101,66511,6,4,0.33669808506965637,14.110824512616054,5,0.04668228328227997,14.1094508079275,14.110754074511334,0,3.0,0.0,0.0,0.0,false,false,false,"[0.024593640118837357, 0.2163357436656952, 0.09717326611280441, 0.2785170078277588, 0.33669808506965637, 0.04668228328227997]","[14.113785294169459, 14.111108738866909, 14.112849630412281, 14.110445594513882, 14.110824512616054, 14.1094508079275]"
01740590-deff-4fa8-928a-e77ad373acf9,159811,6,0,0.5293147563934326,22.737270560537166,0,0.5293147563934326,22.737270560537166,20.242911981613176,0,3.0,0.0,0.0,0.0,false,false,false,"[0.5293147563934326, 0.13559234142303467, 0.19075509905815125, 0.04624505341053009, 0.08850640058517456, 0.009586297906935215]","[22.737270560537166, 26.944249893967367, 26.49301260641204, 30.238730919500274, 28.496168681135096, 32.58616142869365]"
0177f3b7-ded5-4542-b4ce-009cda952dc1,58744,6,2,0.35947322845458984,16.05436542122949,0,0.0008773795561864972,16.051649770589503,16.041891867638093,0,3.0,0.0,0.0,0.0,false,false,false,"[0.0008773795561864972, 0.08422653377056122, 0.35947322845458984, 0.0744912177324295, 0.3203667402267456, 0.16056492924690247]","[16.051649770589503, 16.05395759352656, 16.05436542122949, 16.057783362026342, 16.05364072037004, 16.056062952231354]"
0181eaca-74f6-4478-865f-df2d20802041,60325,6,2,0.4802233576774597,0.6833686239930007,2,0.4802233576774597,0.6833686239930007,14.568678449784795,2,3.0,0.854192465543747,1.9604540749831352,0.6534846916610451,true,true,false,"[0.37396910786628723, 0.12975351512432098, 0.4802233576774597, 0.0011766095412895083, 0.014329172670841217, 0.0005481984699144959]","[0.7325571571027026, 4.172146849043855, 0.6833686239930007, 15.090006490447518, 11.641757549005328, 15.980599353660347]"
018230c9-cd2b-474d-9079-20e31b1d6648,214915,6,2,0.5249446630477905,32.72425673573205,5,0.055050306022167206,31.988306139445896,32.822459442718575,0,3.0,0.0,0.0,0.0,false,false,false,"[0.0003296991344541311, 0.3344270884990692, 0.5249446630477905, 0.042323894798755646, 0.0429244190454483, 0.055050306022167206]","[32.7990346977176, 32.63802661643706, 32.72425673573205, 32.34125476977239, 32.55516567238721, 31.988306139445896]"
0182d40d-e8e4-4149-84db-b4dd76de9cdc,23272,6,4,0.28551796078681946,48.86292390020505,0,0.09442449361085892,43.742922421334534,48.86197439117161,0,3.0,0.0,0.0,0.0,false,false,false,"[0.09442449361085892, 0.1971021443605423, 0.10195959359407425, 0.27418383955955505, 0.28551796078681946, 0.04681190475821495]","[43.742922421334534, 48.503951812276455, 46.291046797999925, 48.865986185417114, 48.86292390020505, 48.86607081695774]"
01883b10-f2de-4514-906d-47a65fec45d3,143362,6,3,0.3131798803806305,4.573270429959394,2,0.11550597846508026,3.216359501921245,4.8034393926321055,0,3.0,0.0,0.0,0.0,false,false,false,"[0.14800865948200226, 0.17566141486167908, 0.11550597846508026, 0.3131798803806305, 0.16193494200706482, 0.0857090950012207]","[3.279922955531472, 3.2471510008058035, 3.216359501921245, 4.573270429959394, 3.3554335800221775, 4.800668679415976]"
0189a457-7e10-4eee-9532-d5e9273a5ef6,195910,6,1,0.4906179904937744,23.830282030186034,5,0.010037755593657494,9.707567414303378,30.334725477796095,0,3.0,0.0,0.0,0.0,false,false,false,"[0.044122111052274704, 0.4906179904937744, 0.31147173047065735, 0.018656384199857712, 0.12509402632713318, 0.010037755593657494]","[33.948897393044064, 23.830282030186034, 29.57265360369663, 14.950109670569287, 19.545040006367298, 9.707567414303378]"
0189cec7-f323-4487-97d9-46cbd40a2af0,10641,6,1,0.2615606188774109,26.673912799319115,5,0.032171715050935745,26.67333531893361,26.67363576434911,0,3.0,0.0,0.0,0.0,false,false,false,"[0.05920546501874924, 0.2615606188774109, 0.2607945203781128, 0.13957208395004272, 0.2466955929994583, 0.032171715050935745]","[26.674237442496764, 26.673912799319115, 26.674003980441952, 26.673473735468182, 26.67379122449263, 26.67333531893361]"
018b5689-8c37-4286-aebc-85b51a5d9392,84977,6,5,0.43307924270629883,25.911605645468665,3,0.22078868746757507,25.902222959409087,27.442688242062154,0,3.0,0.0,0.0,0.0,false,false,false,"[0.1983516812324524, 0.010161631740629673, 0.11011030524969101, 0.22078868746757507, 0.027508480474352837, 0.43307924270629883]","[27.846790183334885, 25.972480658587234, 27.46549412376836, 25.902222959409087, 25.918522334564972, 25.911605645468665]"
019049a7-4f8b-429a-a925-478d97a4ef8a,21054,6,1,0.7879854440689087,42.46988550146022,5,0.13459186255931854,42.45917692491304,42.469984261188955,0,3.0,0.0,0.0,0.0,false,false,false,"[0.0010720683494582772, 0.7879854440689087, 0.07196829468011856, 0.00031947300885804, 0.004062879830598831, 0.13459186255931854]","[42.46480599321784, 42.46988550146022, 42.466429041359106, 42.462423031534776, 42.4702891252645, 42.45917692491304]"
019231d2-4fa5-4f1a-bb2d-04c4a08890b3,40201,6,3,0.3552280366420746,57.1877865273432,0,0.009319240227341652,57.18275272906095,57.1875585753761,0,3.0,0.0,0.0,0.0,false,false,false,"[0.009319240227341652, 0.2438841313123703, 0.08824747800827026, 0.3552280366420746, 0.2952435314655304, 0.00807763822376728]","[57.18275272906095, 57.18629145778366, 57.183921502408786, 57.1877865273432, 57.18619467491074, 57.18444325402202]"
0193b2be-f638-4af5-aa57-5364461286de,128966,6,3,0.42465028166770935,19.224340844868287,1,0.0008825750555843115,4.324470168112808,19.385167507358535,0,3.0,0.0,0.0,0.0,false,false,false,"[0.12245064973831177, 0.0008825750555843115, 0.07093194872140884, 0.42465028166770935, 0.27787843346595764, 0.10320611298084259]","[19.439696133073088, 4.324470168112808, 20.17706218541786, 19.224340844868287, 19.306177045922645, 19.122965692023076]"
019535d0-6810-4cf7-8327-d5f59607ae58,149629,6,4,0.365996778011322,13.905852094058085,5,0.07178676873445511,11.256475963580252,10.756705893459028,0,3.0,0.0,0.0,0.0,false,false,false,"[0.009605122730135918, 0.2060011327266693, 0.05800287052989006, 0.2886073589324951, 0.365996778011322, 0.07178676873445511]","[18.55118842932166, 15.070840846085234, 16.305480751752217, 12.714296956178375, 13.905852094058085, 11.256475963580252]"
01968413-2a52-4d0f-aef1-89487e3f7e1e,186448,6,4,0.34054067730903625,14.92986847444934,1,0.1799101084470749,14.812392840520932,14.51701312618867,0,3.0,0.0,0.0,0.0,false,false,false,"[0.042881570756435394, 0.1799101084470749, 0.22477994859218597, 0.07903451472520828, 0.34054067730903625, 0.13285325467586517]","[17.696777830441498, 14.812392840520932, 15.288876362789816, 15.487425319885672, 14.92986847444934, 15.098870321613601]"
019f7c63-0331-45e8-957b-65330d52c95d,7039,6,3,0.2347416877746582,3.439391127487378,3,0.2347416877746582,3.439391127487378,4.16932466683866,0,3.0,0.0,0.0,0.0,false,false,false,"[0.04602369666099548, 0.1714179366827011, 0.10778830945491791, 0.2347416877746582, 0.20928794145584106, 0.23074041306972504]","[5.693033493687325, 4.458144247050139, 5.285214132709543, 3.439391127487378, 3.773809102717951, 3.4716799021102474]"
01a33cc7-93cf-44c3-acaa-9f5dc3ca88f9,148294,6,1,0.24859200417995453,3.266291134172572,0,0.10467836260795593,3.2656092732124393,3.2675124879767043,0,3.0,0.0,0.0,0.0,false,false,false,"[0.10467836260795593, 0.24859200417995453, 0.2211737036705017, 0.1489022970199585, 0.21738731861114502, 0.05926625058054924]","[3.2656092732124393, 3.266291134172572, 3.2668404467581538, 3.2667955932525725, 3.2664524273211053, 3.267468238631773]"
01aa2ec8-ba08-41e7-9d41-215c38581c7c,7675,6,3,0.29848620295524597,13.59913197846847,0,0.012744421139359474,5.5839902721874575,20.397935491274193,0,3.0,0.0,0.0,0.0,false,false,false,"[0.012744421139359474, 0.1394621729850769, 0.0659685879945755, 0.29848620295524597, 0.22605739533901215, 0.25728118419647217]","[5.5839902721874575, 10.113995883014484, 8.273548781418894, 13.59913197846847, 11.744644218961458, 16.28546004957448]"
01aaa27b-6781-4299-ac1d-11ab7d40b1c9,40311,6,0,0.6047933101654053,8.790987270252712,5,0.001012005377560854,8.782148013235028,8.743075508922754,0,3.0,0.0,0.0,0.0,false,false,false,"[0.6047933101654053, 0.03120412677526474, 0.32163938879966736, 0.005441979970782995, 0.03590918704867363, 0.001012005377560854]","[8.790987270252712, 8.794107646386372, 8.786355228964826, 8.803640308403594, 8.801687314174316, 8.782148013235028]"
01ad19fa-e2b3-49f4-bfbd-2b346fd1d091,45898,6,1,0.3632189929485321,30.646657161263242,5,0.012846117839217186,22.729367082786247,34.55612137726228,0,3.0,0.0,0.0,0.0,false,false,false,"[0.12004123628139496, 0.3632189929485321, 0.23715908825397491, 0.03343554213643074, 0.23329909145832062, 0.012846117839217186]","[35.9078238186321, 30.646657161263242, 32.855684982892626, 26.351146390486935, 28.60472337980266, 22.729367082786247]"
01c0d443-8170-4cc9-8001-e4d41034a173,177439,6,3,0.276538223028183,15.679030229280833,0,0.10002817213535309,15.623472186734006,15.702962255820742,0,3.0,0.0,0.0,0.0,false,false,false,"[0.10002817213535309, 0.1815962940454483, 0.18111759424209595, 0.276538223028183, 0.13979887962341309, 0.12092085927724838]","[15.623472186734006, 15.657862302333411, 15.631945700875825, 15.679030229280833, 15.654259060191114, 15.69341515541252]"
01c4ac10-5f99-460f-bc86-fd64d704ddf8,69424,6,1,0.2533631920814514,31.973013857342906,5,0.044878654181957245,24.9170913410251,30.131334936674655,0,3.0,0.0,0.0,0.0,false,false,false,"[0.08417344838380814, 0.2533631920814514, 0.22995540499687195, 0.1402711570262909, 0.24735812842845917, 0.044878654181957245]","[41.444876093458895, 31.973013857342906, 34.433534692463724, 27.778652597533053, 29.735947832453824, 24.9170913410251]"
01c53999-fca1-4c5c-b790-56d05a62d45d,7030,6,2,0.6594895124435425,7.0339584784663405,1,0.2010524719953537,6.688917718613316,6.973709441408935,0,3.0,0.0,0.0,0.0,false,false,false,"[0.01989457756280899, 0.2010524719953537, 0.6594895124435425, 0.0392497219145298, 0.0797509178519249, 0.0005627385689876974]","[6.895916015231899, 6.688917718613316, 7.0339584784663405, 7.184529611787082, 6.824911717022309, 6.928453623445215]"
01ca1736-ec51-41aa-8c73-3338c574a83a,12200,6,3,0.370761901140213,2.7282151191231265,4,0.25706565380096436,2.725497669771173,2.769993952554555,6,3.0,1.000000003259629,0.26779752370329357,0.0892658412344312,true,true,true,"[0.006392739247530699, 0.10551612079143524, 0.05730472132563591, 0.370761901140213, 0.25706565380096436, 0.2029588669538498]","[2.7680435919919164, 2.7310460268985595, 2.7404738856491027, 2.7282151191231265, 2.725497669771173, 2.74511566827027]"
01cde1f9-df92-4761-aa64-3fed3d1e93c2,219404,6,3,0.4035731554031372,11.438088407129129,0,0.0003463863686192781,4.513973349816224,11.439945597873562,0,3.0,0.0,0.0,0.0,false,false,false,"[0.0003463863686192781, 0.039108749479055405, 0.00013649370521306992, 0.4035731554031372, 0.2578164041042328, 0.2990187704563141]","[4.513973349816224, 11.436830011140996, 11.435886342184007, 11.438088407129129, 11.436957875416427, 11.437213677850831]"
01cf2434-2b72-41fd-8fd8-439038f90959,517,6,0,0.8737574219703674,58.42544115664709,0,0.8737574219703674,58.42544115664709,58.42961656209345,0,3.0,0.0,0.0,0.0,false,false,false,"[0.8737574219703674, 0.009760230779647827, 0.05708502605557442, 0.01723216101527214, 0.0019450774416327477, 0.040220048278570175]","[58.42544115664709, 58.42790487188998, 58.425645084761854, 58.43173739380679, 58.430267845874724, 58.43471346104376]"
01d10f88-b95b-44ae-a33f-3f819f372553,6499,6,3,0.3338364064693451,50.401712552750844,0,0.007887422107160091,39.17925123312224,50.18947470652972,0,3.0,0.0,0.0,0.0,false,false,false,"[0.007887422107160091, 0.17271222174167633, 0.052729520946741104, 0.3338364064693451, 0.28580620884895325, 0.14702817797660828]","[39.17925123312224, 45.96978993085591, 43.56403166706667, 50.401712552750844, 48.12232432730052, 50.71451906865552]"
01d2eaa8-9188-4346-afaa-0a8fc55f76e2,12270,6,2,0.5471158623695374,8.673798289448483,0,0.027502842247486115,8.572138929930095,8.593455256750378,0,3.0,0.0,0.0,0.0,false,false,false,"[0.027502842247486115, 0.14775213599205017, 0.5471158623695374, 0.06601254642009735, 0.1770123988389969, 0.03460416942834854]","[8.572138929930095, 8.671785323435396, 8.673798289448483, 8.681979239289225, 8.683099485746114, 8.659342093905947]"
01d3dcb9-50dc-4084-8ef5-b30e11b089cd,116569,6,3,0.42189064621925354,15.93036883474714,5,0.0049662343226373196,8.90287758766335,15.698733760796257,0,3.0,0.0,0.0,0.0,false,false,false,"[0.002928284928202629, 0.2289741337299347, 0.0852581337094307, 0.42189064621925354, 0.25598254799842834, 0.0049662343226373196]","[15.185457723821964, 15.764111004446015, 15.322163026106356, 15.93036883474714, 15.454753653130709, 8.90287758766335]"
01d69373-46c8-46bf-a500-aa7833faf886,21836,6,4,0.29529714584350586,2.695992115971388,5,0.04548104107379913,2.5466604786027087,12.561340565578467,3,3.0,0.4402345195412636,0.1480660358725277,0.04935534529084256,true,true,false,"[0.18984922766685486, 0.18206337094306946, 0.1878529042005539, 0.09945633262395859, 0.29529714584350586, 0.04548104107379913]","[10.338541341568616, 3.306331369952731, 6.718290109198044, 2.6211903152074134, 2.695992115971388, 2.5466604786027087]"
01d7deae-31e9-4657-843f-c30009b09f1c,30693,6,0,0.732216477394104,10.950880264997476,0,0.732216477394104,10.950880264997476,10.95160519009001,0,3.0,0.0,0.0,0.0,false,false,false,"[0.732216477394104, 0.06478840112686157, 0.1734015941619873, 0.0057632350362837315, 0.02038385160267353, 0.00344648864120245]","[10.950880264997476, 11.193624013124733, 11.140463418619753, 11.167312347933297, 11.178025844974098, 11.175096473903134]"
01dc8c71-9e9b-483b-91a5-e71d093659ee,134867,6,0,0.4761708080768585,4.535487359221296,0,0.4761708080768585,4.535487359221296,4.648252289552401,0,3.0,0.0,0.0,0.0,false,false,false,"[0.4761708080768585, 0.2696932554244995, 0.18973439931869507, 7.08310617483221e-05, 0.06431838124990463, 1.2255299225216731e-05]","[4.535487359221296, 5.226255410699569, 4.900199830167455, 6.953439307877565, 5.878783018778663, 8.525584061603121]"
01ea7833-0216-4af2-a81a-ac6355391f73,224728,6,1,0.2693149745464325,4.063212670689254,5,0.07118716835975647,3.282685792798116,4.397609227120188,0,3.0,0.0,0.0,0.0,false,false,false,"[0.1225663349032402, 0.2693149745464325, 0.18153628706932068, 0.14791223406791687, 0.20748303830623627, 0.07118716835975647]","[5.202855329516697, 4.063212670689254, 4.716413822870177, 3.285466364353827, 3.4967300113111577, 3.282685792798116]"
01ed6986-529a-4252-b25e-8052fbc8233f,43591,6,4,0.27631881833076477,22.043037177842756,5,0.06068623065948486,21.441706543590186,22.029747888747583,0,3.0,0.0,0.0,0.0,false,false,false,"[0.06146042421460152, 0.23642760515213013, 0.16000574827194214, 0.20510122179985046, 0.27631881833076477, 0.06068623065948486]","[22.040368844321446, 22.04107161528744, 22.04170299433441, 22.038403289899488, 22.043037177842756, 21.441706543590186]"
01f85d76-2704-4640-b28b-570594232599,82467,6,1,0.30695587396621704,22.86639187228236,0,0.06433436274528503,21.042077887888997,21.62253129732247,0,3.0,0.0,0.0,0.0,false,false,false,"[0.06433436274528503, 0.30695587396621704, 0.296249121427536, 0.11656531691551208, 0.2102963924407959, 0.005598932504653931]","[21.042077887888997, 22.86639187228236, 21.90377641859727, 25.112919652263695, 23.956692404771058, 25.332375096595573]"
01f8e244-8202-4e51-9769-9f7bce6487f8,141395,6,1,0.29549795389175415,9.131993510959449,5,0.007882488891482353,9.119532894734698,9.12291470388827,0,3.0,0.0,0.0,0.0,false,false,false,"[0.1335018426179886, 0.29549795389175415, 0.25728997588157654, 0.06391371041536331, 0.24191398918628693, 0.007882488891482353]","[9.129540806182156, 9.131993510959449, 9.131817427367483, 9.127972870774874, 9.13340653248909, 9.119532894734698]"
01fca836-8c06-47cb-9369-70104ecb3afe,93786,6,3,0.37289053201675415,16.316096716847348,5,0.0366443395614624,10.894689244888761,19.745562883404403,0,3.0,0.0,0.0,0.0,false,false,false,"[0.01184359472244978, 0.1697138547897339, 0.08474230766296387, 0.37289053201675415, 0.3241654634475708, 0.0366443395614624]","[26.69525175503548, 22.447862364105134, 25.16120134518642, 16.316096716847348, 18.880317911465866, 10.894689244888761]"
020128fb-4f88-4901-b942-2b815fbf0738,149262,6,3,0.26423102617263794,6.657837423798526,0,0.07479032874107361,6.621633162229681,6.621953275192255,0,3.0,0.0,0.0,0.0,false,false,false,"[0.07479032874107361, 0.18787409365177155, 0.1352699249982834, 0.26423102617263794, 0.25083640217781067, 0.08699823915958405]","[6.621633162229681, 6.6436649685125575, 6.631662844265484, 6.657837423798526, 6.651410870428922, 6.677119337200322]"
02017859-da93-41ba-aa76-2288cb63f92f,43822,6,4,0.21922656893730164,6.211330445173245,5,0.04804319888353348,6.167368485182554,6.350110750943842,0,3.0,0.0,0.0,0.0,false,false,false,"[0.15689945220947266, 0.21870487928390503, 0.21733054518699646, 0.1397954225540161, 0.21922656893730164, 0.04804319888353348]","[6.322596098836313, 6.274735989753965, 6.263902491923536, 6.198823072801729, 6.211330445173245, 6.167368485182554]"
0203f947-02e1-48c0-8d2d-eb26e39317bd,129729,6,1,0.25529420375823975,10.785364159359276,5,0.06402865052223206,7.234642773609814,10.20918797723642,0,3.0,0.0,0.0,0.0,false,false,false,"[0.03926607221364975, 0.25529420375823975, 0.1860094517469406, 0.211287721991539, 0.24411386251449585, 0.06402865052223206]","[13.505415891922457, 10.785364159359276, 11.819910444744963, 9.552130109713362, 10.11256569710175, 7.234642773609814]"
0208f4d8-f35d-4d8f-9a94-b774de8c3fa0,163616,6,2,0.40104520320892334,15.537748462473457,0,0.2242150455713272,15.510298362991266,15.434838147058542,0,3.0,0.0,0.0,0.0,false,false,false,"[0.2242150455713272, 0.35318121314048767, 0.40104520320892334, 0.00032786448718979955, 0.020840058103203773, 0.00039058455149643123]","[15.510298362991266, 15.536350665698224, 15.537748462473457, 15.535587177721661, 15.535215568093516, 15.526875338416758]"
020cd834-379f-418e-891e-e6e766b26c14,98692,6,0,0.3550124168395996,9.96843564799474,4,0.06614694744348526,7.412807994582408,8.63194382728833,0,3.0,0.0,0.0,0.0,false,false,false,"[0.3550124168395996, 0.24623680114746094, 0.1801750212907791, 0.06146097555756569, 0.06614694744348526, 0.09096779674291611]","[9.96843564799474, 8.280403803831527, 8.835730108395653, 8.359756632141806, 7.412807994582408, 7.622308420180292]"
020eb6fa-c82e-40cc-bd37-ae6992391142,18275,6,3,0.26470640301704407,19.347974454980626,0,0.015303843654692173,19.344753886821753,19.34805296831096,0,3.0,0.0,0.0,0.0,false,false,false,"[0.015303843654692173, 0.20880813896656036, 0.16464918851852417, 0.26470640301704407, 0.2564227879047394, 0.09010966122150421]","[19.344753886821753, 19.345534082744834, 19.346470630812707, 19.347974454980626, 19.347001540541637, 19.34674416272757]"
021024aa-34d7-4591-96b7-396004378588,193497,6,4,0.2687516510486603,10.122803817795702,3,0.24051684141159058,10.121923779955699,10.128702463968024,0,3.0,0.0,0.0,0.0,false,false,false,"[0.0002237976441392675, 0.16751986742019653, 0.08442604541778564, 0.24051684141159058, 0.2687516510486603, 0.2385617196559906]","[10.12441326431079, 10.122803817795702, 10.123945487410314, 10.121923779955699, 10.122803817795702, 10.12497617283125]"
02140af8-c64b-4f82-87a7-b32c7ec3633e,71963,6,1,0.29759714007377625,11.682782983277072,0,0.0008407115237787366,5.3387995984795324,14.093563419045882,0,3.0,0.0,0.0,0.0,false,false,false,"[0.0008407115237787366, 0.29759714007377625, 0.18077802658081055, 0.18218842148780823, 0.23357431590557098, 0.10502137243747711]","[5.3387995984795324, 11.682782983277072, 8.36986686555654, 16.128223808487036, 14.047635661439408, 18.743657482614665]"
0215552f-6951-47e5-8cf6-3d1351d28957,16016,6,0,0.8125696778297424,21.379099842047452,3,0.0006301559624262154,21.369738885349623,21.381891422413165,0,3.0,0.0,0.0,0.0,false,false,false,"[0.8125696778297424, 0.06277965009212494, 0.089791439473629, 0.0006301559624262154, 0.033135153353214264, 0.0010938345221802592]","[21.379099842047452, 21.377953332388934, 21.378193002279545, 21.369738885349623, 21.374270291797693, 21.370937476182057]"
0215f173-8164-4cef-b51c-fea24c98cba9,7242,6,2,0.5205876231193542,57.5668397700616,5,0.0011430580634623766,42.20182948121607,33.30736999147087,0,3.0,0.0,0.0,0.0,false,false,false,"[0.32139959931373596, 0.15437555313110352, 0.5205876231193542, 0.002461625263094902, 3.253838440286927e-05, 0.0011430580634623766]","[58.42168457603309, 57.99903898891988, 57.5668397700616, 48.25760302962124, 58.43780887137731, 42.20182948121607]"
021bb967-2faf-4528-a334-9b249d4b36ee,39359,6,1,0.41942349076271057,32.5598917486709,0,0.004658399149775505,25.303822450199608,34.8112950110046,0,3.0,0.0,0.0,0.0,false,false,false,"[0.004658399149775505, 0.41942349076271057, 0.21007925271987915, 0.1168302446603775, 0.23819266259670258, 0.010815954767167568]","[25.303822450199608, 32.5598917486709, 29.811173559716092, 34.83907765122421, 34.839192517692325, 34.838576871307914]"
021d8f3c-0f97-40e9-90f1-96f22706f5b6,59118,6,0,0.953923225402832,112.45954803912726,2,0.02080688439309597,112.42635283329368,112.44325899883303,0,3.0,0.0,0.0,0.0,false,false,false,"[0.953923225402832, 0.010620582848787308, 0.02080688439309597, 0.007069939281791449, 0.005597483832389116, 0.0019818672444671392]","[112.45954803912726, 112.45939692705926, 112.42635283329368, 112.46012179435319, 112.45498337366125, 112.4604382939038]"
0228c7db-252d-49ce-8caf-fb6a131261b0,30482,6,5,0.4900650978088379,12.049446927188916,5,0.4900650978088379,12.049446927188916,13.598774172529286,0,3.0,0.0,0.0,0.0,false,false,false,"[0.015704486519098282, 0.039299722760915756, 0.06098513677716255, 0.3803689777851105, 0.013576570898294449, 0.4900650978088379]","[13.521175213098788, 13.499909292748386, 13.501139575024146, 13.499987519693967, 13.136840852392014, 12.049446927188916]"
022accfa-a406-419b-bdad-b2867370b477,152903,6,1,0.2663605809211731,36.36616988526632,5,0.05708687752485275,30.770660612862,43.41827383849042,0,3.0,0.0,0.0,0.0,false,false,false,"[0.055199023336172104, 0.2663605809211731, 0.19973686337471008, 0.17906157672405243, 0.24255502223968506, 0.05708687752485275]","[45.24991988338312, 36.36616988526632, 39.27453472975637, 33.162751800971606, 34.64063840585362, 30.770660612862]"
022c5148-8d15-4429-b649-6e7dc3354dc8,48263,6,1,0.3304680287837982,1.961726712091453,3,0.07081445306539536,0.2571923010072083,6.475963360693914,3,3.0,0.7089383825659752,1.30666145266117,0.4355538175537233,true,true,false,"[0.039182379841804504, 0.3304680287837982, 0.25183120369911194, 0.07081445306539536, 0.3076559007167816, 4.802139665116556e-05]","[6.370120214771948, 1.961726712091453, 3.7615774528028134, 0.2571923010072083, 0.4994307048651848, 3.081146789940956]"
022caabc-26fb-4ef7-8495-63ac3894b018,161,6,2,0.4703329801559448,70.73457953303625,5,2.5611536329961382e-05,63.77373785296109,69.42866598774779,0,3.0,0.0,0.0,0.0,false,false,false,"[0.4363214373588562, 0.09149845689535141, 0.4703329801559448, 4.1152830817736685e-05, 0.0017803184455260634, 2.5611536329961382e-05]","[71.48547938395326, 70.12106355043078, 70.73457953303625, 68.02911610908014, 69.32413787426528, 63.77373785296109]"
022d8a5b-10e5-436f-85e5-aa3240c778e5,417,6,3,0.2725881338119507,102.7289690006644,5,0.1778402030467987,100.67137037284259,109.67609118960496,0,3.0,0.0,0.0,0.0,false,false,false,"[0.025417035445570946, 0.1879034787416458, 0.11245236545801163, 0.2725881338119507, 0.22379879653453827, 0.1778402030467987]","[108.96061882748675, 105.49918491943582, 106.81328331585884, 102.7289690006644, 104.27528010911251, 100.67137037284259]"
022dc6e2-adc2-4991-988a-d85957d41262,31595,6,4,0.29455694556236267,15.503447304201968,5,0.1190202534198761,10.989103135488483,14.801047884265286,0,3.0,0.0,0.0,0.0,false,false,false,"[0.05126437917351723, 0.24991771578788757, 0.13941901922225952, 0.14582166075706482, 0.29455694556236267, 0.1190202534198761]","[17.493461357307353, 17.17283318990159, 17.423046327674793, 13.650379090843945, 15.503447304201968, 10.989103135488483]"
02310b3c-10fc-4848-a883-d9578d0e175e,122922,6,4,0.39273935556411743,19.528145291566187,5,0.011149834841489792,17.96317555909899,17.882709474545972,0,3.0,0.0,0.0,0.0,false,false,false,"[8.309483746415935e-06, 0.3375537097454071, 0.12297049164772034, 0.13557836413383484, 0.39273935556411743, 0.011149834841489792]","[19.981792406852456, 19.674240830545425, 19.81024305834072, 19.332580114632975, 19.528145291566187, 17.96317555909899]"
023247e3-b62d-4d81-8453-5d24354e3c9f,30447,6,1,0.5466960668563843,25.62595523385451,0,0.002645208965986967,23.390914299806074,24.587797498894055,0,3.0,0.0,0.0,0.0,false,false,false,"[0.002645208965986967, 0.5466960668563843, 0.40837562084198, 3.2366531286243116e-06, 0.042279839515686035, 2.307499968878801e-08]","[23.390914299806074, 25.62595523385451, 24.875978046941782, 27.34187207619368, 26.441626825890534, 28.67950484656173]"
0236e0f6-fa31-45ec-82b2-c1abcdc486fc,216054,6,2,0.29251205921173096,5.435786717257031,2,0.29251205921173096,5.435786717257031,5.4492891601060744,0,3.0,0.0,0.0,0.0,false,false,false,"[0.22562406957149506, 0.2536253333091736, 0.29251205921173096, 0.029899345710873604, 0.18522369861602783, 0.013115527108311653]","[5.440633484791598, 5.440101817708644, 5.435786717257031, 5.439404740452236, 5.4382942334910505, 5.447878721359106]"
02382383-9a0f-4654-8a6f-468d285ae847,233347,6,1,0.5183990597724915,17.165087400595024,5,0.01021320465952158,10.112910013763397,14.839049781712728,0,3.0,0.0,0.0,0.0,false,false,false,"[0.037037305533885956, 0.5183990597724915, 0.1864701360464096, 0.03096069023013115, 0.21691958606243134, 0.01021320465952158]","[17.749361725197797, 17.165087400595024, 17.59650428380121, 14.503700978177282, 16.131532351340645, 10.112910013763397]"
0238aa4b-940b-4bed-b4b2-785d19213cd4,294088,6,5,0.2755008339881897,15.490849110573425,0,0.0003863012825604528,15.489506810467343,15.484799916344013,0,3.0,0.0,0.0,0.0,false,false,false,"[0.0003863012825604528, 0.24959993362426758, 0.08632256090641022, 0.20263516902923584, 0.18555524945259094, 0.2755008339881897]","[15.489506810467343, 15.49027393313407, 15.49118708979215, 15.491344070295353, 15.491593285061137, 15.490849110573425]"
023a6721-dd09-4edb-9d0d-9bbd2ffde5ce,1388,6,4,0.3820400536060333,12.476127411500265,0,0.14682038128376007,12.474875950626544,12.433801311902085,0,3.0,0.0,0.0,0.0,false,false,false,"[0.14682038128376007, 0.16188965737819672, 0.03187527135014534, 0.22738023102283478, 0.3820400536060333, 0.049994416534900665]","[12.474875950626544, 12.493319137494609, 12.478698416263866, 12.495790354464095, 12.476127411500265, 12.487553742057315]"
023c4757-bfc8-4569-b32e-11dd0c9f53e1,72820,6,4,0.2645527422428131,16.463984775423103,4,0.2645527422428131,16.463984775423103,16.46490994187848,0,3.0,0.0,0.0,0.0,false,false,false,"[0.02912052534520626, 0.23309677839279175, 0.16112709045410156, 0.23992954194545746, 0.2645527422428131, 0.07217328250408173]","[16.468247728089892, 16.469916720385328, 16.46743862569794, 16.469878127313645, 16.463984775423103, 16.465127609901206]"
023f9e9c-75f1-494d-9b69-3ca2cd17a8d6,19971,6,4,0.3430591821670532,12.400136570409133,5,0.06885313242673874,6.19765775337427,14.78949639177093,0,3.0,0.0,0.0,0.0,false,false,false,"[0.006671492010354996, 0.2895760238170624, 0.07595689594745636, 0.2158832848072052, 0.3430591821670532, 0.06885313242673874]","[29.90803905644589, 15.597860725222352, 28.118153811186506, 9.386400132441034, 12.400136570409133, 6.19765775337427]"
024057e0-ceb2-4469-a7ee-ebb8c2571290,158479,6,2,0.46084699034690857,3.1078674177121437,0,0.02148459106683731,2.769502050631898,3.3446679960817542,1,3.0,0.02148459106683731,0.004952154183918245,0.0016507180613060818,false,true,false,"[0.02148459106683731, 0.2924606502056122, 0.46084699034690857, 0.06886082142591476, 0.14233562350273132, 0.014011288993060589]","[2.769502050631898, 3.541172244797851, 3.1078674177121437, 3.720611126901562, 3.689270831956915, 3.7167731448524517]"
024338e0-da9b-42a3-a67c-9e2b80e3e466,41712,6,2,0.45914387702941895,27.923166801229577,0,0.16545429825782776,27.92169208178512,27.92885203572466,0,3.0,0.0,0.0,0.0,false,false,false,"[0.16545429825782776, 0.26676103472709656, 0.45914387702941895, 0.010069180279970169, 0.09848994761705399, 8.172846719389781e-05]","[27.92169208178512, 27.924544451762145, 27.923166801229577, 27.925281831280508, 27.924544451762145, 27.923535490266975]"
02461a3b-b783-458c-93b1-5726183b6869,54340,6,2,0.4043988883495331,58.26324704218571,0,0.033279675990343094,58.25549852068444,58.556760908779246,0,3.0,0.0,0.0,0.0,false,false,false,"[0.033279675990343094, 0.1827707439661026, 0.4043988883495331, 0.15865524113178253, 0.14832453429698944, 0.07257084548473358]","[58.25549852068444, 58.26906890491361, 58.26324704218571, 58.27606112875633, 58.27127782121135, 58.28694395268021]"
02464d4a-8287-46b2-88e8-4ca9a7f8db86,120279,6,3,0.357149600982666,28.842430285260594,5,0.12353977560997009,28.84195941546783,28.836276709443215,0,3.0,0.0,0.0,0.0,false,false,false,"[0.004410088993608952, 0.16618593037128448, 0.02204819582402706, 0.357149600982666, 0.3266664147377014, 0.12353977560997009]","[28.84416597697683, 28.842933462411654, 28.842868849333524, 28.842430285260594, 28.842868849333524, 28.84195941546783]"
02491617-bad6-4ad0-aead-e8cabc6bb48c,23199,6,3,0.6893348097801208,3.211976542529146,0,0.004101527389138937,3.090694978660211,3.1110492157806253,0,3.0,0.0,0.0,0.0,false,false,false,"[0.004101527389138937, 0.036811113357543945, 0.007708427030593157, 0.6893348097801208, 0.211568221449852, 0.05047585070133209]","[3.090694978660211, 3.1998647907501936, 3.188978657504915, 3.211976542529146, 3.208721759067843, 3.2032179944347052]"
024bfe25-e29a-4b12-9edb-5bb727cf27a1,1337,6,4,0.3687525987625122,10.302171763023544,5,0.04439787566661835,8.311049980238655,12.990004917585075,0,3.0,0.0,0.0,0.0,false,false,false,"[0.008102199994027615, 0.21297256648540497, 0.0736202597618103, 0.2921545207500458, 0.3687525987625122, 0.04439787566661835]","[14.466997291739245, 11.303854987460417, 12.212564668708685, 9.427879077914389, 10.302171763023544, 8.311049980238655]"
02509248-5f65-4af6-bc9a-a88369bf32c2,2940,6,4,0.4100687801837921,13.77143243096304,5,0.023997705429792404,9.823413915258474,13.771519869871035,0,3.0,0.0,0.0,0.0,false,false,false,"[0.001228036591783166, 0.24126599729061127, 0.04716223478317261, 0.27627724409103394, 0.4100687801837921, 0.023997705429792404]","[13.76907738553097, 13.771889273383126, 13.77186281903955, 12.610224021042717, 13.77143243096304, 9.823413915258474]"
0253511d-47fd-446f-bacd-1f81047c24b9,108961,6,2,0.779721200466156,10.486495468728435,0,0.04028052091598511,10.486106389913415,10.43944695653635,0,3.0,0.0,0.0,0.0,false,false,false,"[0.04028052091598511, 0.1794433891773224, 0.779721200466156, 4.818898560188245e-06, 0.0005468605668283999, 3.182237378496211e-06]","[10.486106389913415, 10.48922845267923, 10.486495468728435, 10.49165947992214, 10.49073843294537, 10.491779132154665]"
02538229-02ca-487c-842a-20a60c8767b5,171530,6,1,0.21415318548679352,21.876393749936664,5,0.20195730030536652,19.1326618550211,21.559808442267844,0,3.0,0.0,0.0,0.0,false,false,false,"[0.03625711798667908, 0.21415318548679352, 0.1504317820072174, 0.18810977041721344, 0.20909085869789124, 0.20195730030536652]","[22.086512609085496, 21.876393749936664, 21.989002198400105, 21.556352383489802, 21.74342971936013, 19.1326618550211]"
02547d9c-2dd4-4b6f-8678-10ce8b82f320,14600,6,1,0.3961336314678192,47.99091676485607,0,6.934092380106449e-05,33.262793999683986,45.96609264618013,0,3.0,0.0,0.0,0.0,false,false,false,"[6.934092380106449e-05, 0.3961336314678192, 0.14034505188465118, 0.1601337492465973, 0.2334507405757904, 0.06986750662326813]","[33.262793999683986, 47.99091676485607, 46.92107877713141, 48.814837506626596, 48.44246211076692, 49.237507282546105]"
025487a2-79fe-4db5-99cc-3bb248999f79,202223,6,1,0.33504799008369446,5.252040126047302,3,0.03182991221547127,5.250983464351955,5.254326848562915,0,3.0,0.0,0.0,0.0,false,false,false,"[0.15226081013679504, 0.33504799008369446, 0.3258556127548218, 0.03182991221547127, 0.1503821164369583, 0.004623511806130409]","[5.25336646423422, 5.252040126047302, 5.252993624600018, 5.250983464351955, 5.251217622847835, 5.25165580036997]"
0255d5d9-15ee-477f-8a5d-e021a5462305,61390,6,1,0.25554102659225464,15.22094592636608,5,0.034293778240680695,11.695165578445526,17.11205833678759,0,3.0,0.0,0.0,0.0,false,false,false,"[0.09715166687965393, 0.25554102659225464, 0.21490821242332458, 0.15407517552375793, 0.2440301775932312, 0.034293778240680695]","[18.447985819323137, 15.22094592636608, 16.644967915649293, 12.923187486722844, 14.059132543670572, 11.695165578445526]"
02590051-6153-4257-b586-9545f58d20f2,201904,6,3,0.32190778851509094,20.81392287675785,5,0.06877029687166214,19.551490020861497,21.87446525192596,0,3.0,0.0,0.0,0.0,false,false,false,"[0.028659768402576447, 0.17272567749023438, 0.10041378438472748, 0.32190778851509094, 0.30752262473106384, 0.06877029687166214]","[22.35221006948042, 22.042084702714256, 22.206036762995467, 20.81392287675785, 21.624462781487217, 19.551490020861497]"
025a13f9-b08a-429a-9059-7e9eb1e06c45,56371,6,3,0.2005687654018402,15.368387817457526,5,0.15328939259052277,14.76355638709925,16.59319466860016,0,3.0,0.0,0.0,0.0,false,false,false,"[0.13309381902217865, 0.1702929586172104, 0.18456430733203888, 0.2005687654018402, 0.1581907719373703, 0.15328939259052277]","[16.82487609180625, 16.11903136059863, 16.448627951852856, 15.368387817457526, 15.79068211340116, 14.76355638709925]"
025dc8d5-bc7f-49b0-9a7e-ffe18b3e1125,81978,6,1,0.4089233875274658,47.057326694402306,5,6.42076411168091e-05,34.74818782853926,47.008851578101094,0,3.0,0.0,0.0,0.0,false,false,false,"[0.2260245829820633, 0.4089233875274658, 0.3153173327445984, 0.0030684892553836107, 0.046601973474025726, 6.42076411168091e-05]","[48.282428103798445, 47.057326694402306, 47.74633647311157, 40.43200494509865, 44.0511473865182, 34.74818782853926]"
025fd3a0-aee2-4739-b16a-4f7810831f1f,28903,6,3,0.2883530855178833,91.79236376746181,0,0.042127545922994614,89.39070772041504,87.78876165139722,0,3.0,0.0,0.0,0.0,false,false,false,"[0.042127545922994614, 0.12833677232265472, 0.10672356188297272, 0.2883530855178833, 0.17877130210399628, 0.25568774342536926]","[89.39070772041504, 91.75109313668432, 91.71566996549437, 91.79236376746181, 91.76862400507194, 91.82081878062938]"
0260d253-e5c1-4fb7-a7d8-95d6c4980f06,38603,6,3,0.32079195976257324,4.327359107658818,0,0.020694183185696602,4.288757987408273,4.326029087577747,0,3.0,0.0,0.0,0.0,false,false,false,"[0.020694183185696602, 0.16537903249263763, 0.08170156180858612, 0.32079195976257324, 0.2469615936279297, 0.16447171568870544]","[4.288757987408273, 4.2926466580633225, 4.294625022659681, 4.327359107658818, 4.291525274404309, 4.314051694486875]"
0264af5e-1e0e-4886-8b6c-526c2eab3b14,13717,6,4,0.5295345187187195,9.81256453230353,0,0.0040987818501889706,7.955968506398846,10.777283453694901,0,3.0,0.0,0.0,0.0,false,false,false,"[0.0040987818501889706, 0.16872531175613403, 0.004819793161004782, 0.26493707299232483, 0.5295345187187195, 0.02788448892533779]","[7.955968506398846, 9.343112838960439, 8.208168093632858, 10.62928619537211, 9.81256453230353, 11.313875238097411]"
0266f999-928b-441a-8c82-3a67038f646f,9288,6,2,0.8124878406524658,76.38599116447777,0,0.03896645829081535,73.97663381655485,80.51367863435122,0,3.0,0.0,0.0,0.0,false,false,false,"[0.03896645829081535, 0.13865095376968384, 0.8124878406524658, 0.006326400674879551, 0.0035383799113333225, 2.9935994461993687e-05]","[73.97663381655485, 79.64541675625986, 76.38599116447777, 86.60116886261095, 80.8950647819793, 97.57413051696989]"
0269b56d-c68f-4a49-bed0-360757923c69,172494,6,4,0.38607150316238403,9.285844237340488,0,0.003300046781077981,8.764322986564055,8.436975621777028,0,3.0,0.0,0.0,0.0,false,false,false,"[0.003300046781077981, 0.31417176127433777, 0.05317235738039017, 0.22857320308685303, 0.38607150316238403, 0.014711127616465092]","[8.764322986564055, 9.40903702822249, 9.598775746345392, 9.046610395155895, 9.285844237340488, 9.039161401337823]"
027b81a3-f7ae-41dc-aa94-229b40dd98b1,76494,6,3,0.49312347173690796,16.074518496197214,4,0.20569881796836853,16.071027825384522,16.073470017456916,0,3.0,0.0,0.0,0.0,false,false,false,"[0.008975877426564693, 0.06077210605144501, 0.011709003709256649, 0.49312347173690796, 0.20569881796836853, 0.219720721244812]","[16.07437645659831, 16.072409503000493, 16.071865760372265, 16.074518496197214, 16.071027825384522, 16.0762806408055]"
027ce064-d67b-4ef6-b246-a0971274e132,4396,6,1,0.26818180084228516,17.933098641052627,0,0.21562150120735168,17.931991280176263,17.935902185237683,0,3.0,0.0,0.0,0.0,false,false,false,"[0.21562150120735168, 0.26818180084228516, 0.21218527853488922, 0.0741071030497551, 0.16498631238937378, 0.0649179220199585]","[17.931991280176263, 17.933098641052627, 17.933476365622777, 17.9332975762225, 17.933777491444193, 17.93470784819263]"
027e4177-b97d-4f7c-a0f6-591ca68330f9,2512,6,1,0.27010828256607056,20.788936246272105,0,0.13005331158638,19.95535821158992,20.788063071166615,0,3.0,0.0,0.0,0.0,false,false,false,"[0.13005331158638, 0.27010828256607056, 0.14588966965675354, 0.16633445024490356, 0.2495933473110199, 0.03802090138196945]","[19.95535821158992, 20.788936246272105, 20.78982188335205, 20.789235611775066, 20.78887637319179, 20.789450189185956]"
027ef393-57cd-48e8-a2bb-39e78b9c6fb4,152299,6,0,0.5031397342681885,3.1685772110404726,3,0.0014187701744958758,3.1423344053816895,3.261142515917542,0,3.0,0.0,0.0,0.0,false,false,false,"[0.5031397342681885, 0.09257231652736664, 0.3886425793170929, 0.0014187701744958758, 0.013948033563792706, 0.000278550578514114]","[3.1685772110404726, 3.1465280556147923, 3.15390207577633, 3.1423344053816895, 3.1451026991087785, 3.155641275338839]"
027f22a3-4bd9-42ae-a165-a9d6b4e2ef78,141178,6,4,0.3511095941066742,50.927970470649726,2,0.07977952808141708,50.92302688835949,50.92659985978409,0,3.0,0.0,0.0,0.0,false,false,false,"[0.00224179495126009, 0.276642382144928, 0.07977952808141708, 0.19586318731307983, 0.3511095941066742, 0.09436356276273727]","[50.92474088542502, 50.925798068008724, 50.92302688835949, 50.92726764456514, 50.927970470649726, 50.926201017780684]"
02807b27-d648-4887-a79e-6f7b775eb34c,133041,6,2,0.43261709809303284,26.09364993864569,4,0.05208290368318558,26.037503811666678,25.126024651121845,0,3.0,0.0,0.0,0.0,false,false,false,"[0.2297339141368866, 0.27175700664520264, 0.43261709809303284, 0.012284424155950546, 0.05208290368318558, 0.0015246538678184152]","[26.884286360916125, 26.416685750802937, 26.09364993864569, 26.21292030944196, 26.037503811666678, 27.002731205990404]"
0280d95b-37bb-4af9-9b35-64e9e3a09897,133434,6,1,0.3275495171546936,120.01998712768139,0,2.286703238496557e-05,111.04666043803348,118.34664593305733,0,3.0,0.0,0.0,0.0,false,false,false,"[2.286703238496557e-05, 0.3275495171546936, 0.04595484212040901, 0.32607173919677734, 0.21146750450134277, 0.0889335572719574]","[111.04666043803348, 120.01998712768139, 117.1159097366934, 126.13977908272902, 122.94908062437024, 130.0682304516871]"
0284deea-c47e-47c6-b949-13efe955b070,12061,6,1,0.37488171458244324,5.931802203573815,5,0.0297787357121706,1.1511064844011956,5.936017700806525,1,3.0,0.0297787357121706,0.05505771136096277,0.01835257045365426,false,true,false,"[0.04801051318645477, 0.37488171458244324, 0.25100988149642944, 0.08132634311914444, 0.21499282121658325, 0.0297787357121706]","[5.931930640364727, 5.931802203573815, 5.9316675799188525, 4.331942047378265, 5.931634766667161, 1.1511064844011956]"
028a6168-6c93-44a3-8be7-874a717f3770,68538,6,3,0.40647873282432556,85.04282435278364,0,0.040723688900470734,72.43457090167897,81.16124436614392,0,3.0,0.0,0.0,0.0,false,false,false,"[0.040723688900470734, 0.11541178822517395, 0.0739787295460701, 0.40647873282432556, 0.2147178053855896, 0.14868927001953125]","[72.43457090167897, 78.98560023654518, 76.22307424568011, 85.04282435278364, 81.65983963298022, 90.1718323198005]"
028ccc06-4cae-4395-ab18-f037e07e9c42,51480,6,1,0.337605357170105,4.995002305246992,0,0.11814731359481812,4.994427784230385,4.994231192282666,0,3.0,0.0,0.0,0.0,false,false,false,"[0.11814731359481812, 0.337605357170105, 0.31989219784736633, 0.05886411666870117, 0.1430353820323944, 0.022455601021647453]","[4.994427784230385, 4.995002305246992, 4.99531135666458, 5.009382267091183, 4.996237520858931, 5.015230282139246]"
029012ee-19d6-4d7d-b45e-09cdd77d0e92,274540,6,3,0.21941399574279785,40.399913397375435,5,0.17256832122802734,37.754293524644915,43.018551347095965,0,3.0,0.0,0.0,0.0,false,false,false,"[0.08395543694496155, 0.168307825922966, 0.1556083709001541, 0.21941399574279785, 0.20014600455760956, 0.17256832122802734]","[48.869227969193446, 43.95997524009132, 45.71945994937375, 40.399913397375435, 42.250566232968644, 37.754293524644915]"
02994e7a-1be1-4e43-9f16-02f8aaca86b4,9347,6,0,0.5324976444244385,23.901250462699995,4,0.10002277046442032,23.8916689783888,23.919972337844133,0,3.0,0.0,0.0,0.0,false,false,false,"[0.5324976444244385, 0.15873076021671295, 0.197928786277771, 0.008507303893566132, 0.10002277046442032, 0.0023127356544137]","[23.901250462699995, 23.9021801776186, 23.90899294923359, 23.922809869821236, 23.8916689783888, 23.906199244915932]"
0299fdda-3967-47f6-9cfa-0a57869df3ff,157925,6,2,0.5293606519699097,4.1163356882654325,3,0.059846021234989166,0.6915906901570137,6.846741183986631,4,3.0,0.1647169697098434,0.3559512156432372,0.11865040521441239,false,true,false,"[0.30592241883277893, 0.06181953847408295, 0.5293606519699097, 0.059846021234989166, 0.0372493639588356, 0.005802046041935682]","[8.317104769911497, 0.8203453626464712, 4.1163356882654325, 0.6915906901570137, 1.093586520294724, 0.9241512899737168]"
029e1006-cff6-47cb-81de-d1c18deee079,38093,6,2,0.42852047085762024,47.0119261930015,0,0.20508189499378204,46.786381666192916,46.77757017905079,0,3.0,0.0,0.0,0.0,false,false,false,"[0.20508189499378204, 0.16392767429351807, 0.42852047085762024, 0.05156140401959419, 0.15079224109649658, 0.00011627261119429022]","[46.786381666192916, 47.34869201914518, 47.0119261930015, 48.939655680940795, 47.995204539462755, 54.13963401570062]"
029e621e-c82d-4a2f-8498-1ebbd94c6a35,107790,6,2,0.36827990412712097,8.627494329587806,1,0.047741297632455826,8.454128117942105,8.817452887086615,0,3.0,0.0,0.0,0.0,false,false,false,"[0.1263868659734726, 0.047741297632455826, 0.36827990412712097, 0.036477986723184586, 0.29463908076286316, 0.12647482752799988]","[8.605125727986923, 8.454128117942105, 8.627494329587806, 8.710026889114781, 8.548826091799805, 8.649557610680311]"
02a69394-a6db-4322-ac2d-b38119e94c15,92494,6,2,0.29387736320495605,31.168508716521455,5,0.020343268290162086,23.552907786678755,27.930191086600704,0,3.0,0.0,0.0,0.0,false,false,false,"[0.0850425586104393, 0.2886621057987213, 0.29387736320495605, 0.10178843885660172, 0.2102862298488617, 0.020343268290162086]","[34.18374767515104, 29.302485661317863, 31.168508716521455, 25.94688833168413, 27.608401848493706, 23.552907786678755]"
02aa936c-8c1a-4be9-97f2-76455b9351a7,201550,6,3,0.22825513780117035,3.9362359075894116,2,0.10862258076667786,3.87195546462735,3.7988519883877263,0,3.0,0.0,0.0,0.0,false,false,false,"[0.03298607096076012, 0.19363848865032196, 0.10862258076667786, 0.22825513780117035, 0.22696001827716827, 0.20953768491744995]","[3.8935922009010224, 3.886483291012648, 3.87195546462735, 3.9362359075894116, 3.8969138547227233, 3.906244825866372]"
02ad9a10-525b-4c1b-bc2e-1c0762af13a8,91550,6,2,0.3599711060523987,3.3441417823310937,1,0.04042191058397293,2.0353163291957217,3.1499198359599663,2,3.0,0.13570374995470047,0.07092042625429976,0.023640142084766586,false,true,false,"[0.09040696918964386, 0.04042191058397293, 0.3599711060523987, 0.24851404130458832, 0.09528183937072754, 0.16540415585041046]","[3.04417957754336, 2.0353163291957217, 3.3441417823310937, 3.9075357157033817, 2.664930175759823, 3.649205591557405]"
02ae120e-ebc6-49bf-924a-f7f328a18cf4,36075,6,1,0.2958032190799713,21.988371513589396,0,0.03693069890141487,21.984706355355083,21.990048779911348,0,3.0,0.0,0.0,0.0,false,false,false,"[0.03693069890141487, 0.2958032190799713, 0.22069422900676727, 0.14500083029270172, 0.25112587213516235, 0.05044512450695038]","[21.984706355355083, 21.988371513589396, 21.9898845375593, 21.987419366675145, 21.988023197667818, 21.986381298569178]"
02b186e4-b7f3-4c47-a492-3219e3d6e3ba,20034,6,1,0.3362421989440918,10.067546704385023,5,0.04902677610516548,4.657849568318998,11.796884094638981,0,3.0,0.0,0.0,0.0,false,false,false,"[0.013839351013302803, 0.3362421989440918, 0.1378472000360489, 0.13437649607658386, 0.3286680281162262, 0.04902677610516548]","[13.374391740265889, 10.067546704385023, 11.39543732815758, 7.203823366051373, 8.794786496680297, 4.657849568318998]"
02b57064-6fe3-41a4-8ad5-24e51abbdac4,69497,6,4,0.49446386098861694,32.35198500098726,0,0.07899665087461472,32.35142974715734,32.3447711875513,0,3.0,0.0,0.0,0.0,false,false,false,"[0.07899665087461472, 0.010711452923715115, 0.4152311086654663, 0.0005870931781828403, 0.49446386098861694, 9.813739779929165e-06]","[32.35142974715734, 32.35442025174706, 32.35366486510063, 32.35449745261311, 32.35198500098726, 32.35266316284229]"
02b6146b-376b-43d1-a8bb-6a73088d7260,129311,6,2,0.538417398929596,59.823751354975926,5,0.000705077953170985,59.81683740664107,59.82872783469755,0,3.0,0.0,0.0,0.0,false,false,false,"[0.1728936731815338, 0.283570259809494, 0.538417398929596, 0.0014510260662063956, 0.002962626051157713, 0.000705077953170985]","[59.82444110347065, 59.82030261277417, 59.823751354975926, 59.81739588235028, 59.81859470774141, 59.81683740664107]"
02b79459-8195-4715-8541-3657915e6245,52991,6,4,0.46935975551605225,17.844299003987317,0,0.000526248593814671,3.144168347096561,24.436665536884814,0,3.0,0.0,0.0,0.0,false,false,false,"[0.000526248593814671, 0.21672137081623077, 0.00392385246232152, 0.2970151901245117, 0.46935975551605225, 0.012453613802790642]","[3.144168347096561, 13.227856317590094, 5.211717956067143, 22.239876654557012, 17.844299003987317, 26.30722519586675]"
02b8441d-1c61-4e33-91ff-ed2a5929b395,52757,6,1,0.3776800036430359,17.802382655136434,5,0.0021191888954490423,17.79048071384568,17.80007086471267,0,3.0,0.0,0.0,0.0,false,false,false,"[0.03580797091126442, 0.3776800036430359, 0.21185199916362762, 0.0692814439535141, 0.3032594919204712, 0.0021191888954490423]","[17.80903331189955, 17.802382655136434, 17.80586412575722, 17.792671868814846, 17.7998554196953, 17.79048071384568]"
02baa3c0-37b0-4599-baff-a4101532687d,88647,6,3,0.2632279694080353,39.52277281866381,5,0.1462879180908203,39.52122975185633,39.51479778653289,0,3.0,0.0,0.0,0.0,false,false,false,"[0.03618515282869339, 0.19460758566856384, 0.10401703417301178, 0.2632279694080353, 0.2556743621826172, 0.1462879180908203]","[39.529915698907516, 39.5242583179617, 39.52640182333378, 39.52277281866381, 39.523715446355965, 39.52122975185633]"
02bb77b3-e288-4e26-9139-f47f6863fbc2,140679,6,4,0.31939271092414856,6.659728370430767,5,0.02081982232630253,6.633492951668474,6.621395097984526,0,3.0,0.0,0.0,0.0,false,false,false,"[0.017912358045578003, 0.2822027802467346, 0.1608523726463318, 0.19881999492645264, 0.31939271092414856, 0.02081982232630253]","[6.685948295547215, 6.651667781764585, 6.6879478382905, 6.643423621472266, 6.659728370430767, 6.633492951668474]"
02bd8f8c-e552-42d4-a23c-8d9d2e153b7b,85959,6,2,0.3992268741130829,16.172705490906573,0,0.08904924243688583,16.170815172804065,16.172657183491463,0,3.0,0.0,0.0,0.0,false,false,false,"[0.08904924243688583, 0.02184212952852249, 0.3992268741130829, 0.18795642256736755, 0.11074517667293549, 0.19118021428585052]","[16.170815172804065, 16.173658506782115, 16.172705490906573, 16.172418142149485, 16.172856141702397, 16.172378253592953]"
02c16161-8786-4047-ba2e-a62e0faa419d,122687,6,4,0.23563580214977264,7.3458689697159185,5,0.02871658280491829,2.1066551300746994,11.909215365902257,1,3.0,0.02871658280491829,0.025653811930558854,0.008551270643519618,false,true,false,"[0.14675754308700562, 0.23326121270656586, 0.2226763367652893, 0.13295254111289978, 0.23563580214977264, 0.02871658280491829]","[15.037498992803169, 9.515476914986001, 11.646021700872861, 5.231841903858569, 7.3458689697159185, 2.1066551300746994]"
02c22132-7ab8-4b93-9925-cc5bc1759061,82553,6,1,0.2575262784957886,12.416370162504585,5,0.023922033607959747,12.215006608703824,12.409988756787948,0,3.0,0.0,0.0,0.0,false,false,false,"[0.16490910947322845, 0.2575262784957886, 0.2537170648574829, 0.09154365211725235, 0.20838187634944916, 0.023922033607959747]","[12.411574335856978, 12.416370162504585, 12.413935164057506, 12.416213266540751, 12.412824755123617, 12.215006608703824]"
02c4c773-a4f1-4f9b-a186-d0d34ff93641,50869,6,0,0.9050540924072266,26.158570299780894,0,0.9050540924072266,26.158570299780894,26.224905722487733,0,3.0,0.0,0.0,0.0,false,false,false,"[0.9050540924072266, 0.01876884140074253, 0.07383140921592712, 0.00020570831838995218, 0.0017876772908493876, 0.0003522250917740166]","[26.158570299780894, 33.258211033561274, 28.777963635253933, 46.40098103255495, 39.165703149388996, 54.54951835192088]"
02c86c81-b43b-4c93-9033-4f21da22a24d,223,6,2,0.9090671539306641,12.205173093438813,0,0.030982904136180878,12.201173838833107,12.194395181098487,0,3.0,0.0,0.0,0.0,false,false,false,"[0.030982904136180878, 0.05982394516468048, 0.9090671539306641, 4.637537131202407e-05, 4.506693221628666e-05, 3.4533324651420116e-05]","[12.201173838833107, 12.203141485366725, 12.205173093438813, 12.202299954686069, 12.207002163661636, 12.209635313064636]"
02cc4ddf-7f67-4f14-9e66-653810ccdfc2,117860,6,4,0.32356417179107666,32.357961369595266,4,0.32356417179107666,32.357961369595266,32.3503402971016,0,3.0,0.0,0.0,0.0,false,false,false,"[0.057740792632102966, 0.20352739095687866, 0.23661421239376068, 0.11969123035669327, 0.32356417179107666, 0.05886222422122955]","[32.35876214125355, 32.35884876850231, 32.359944555445225, 32.359787683005926, 32.357961369595266, 32.35909227669517]"
02d3faab-eb6c-4f42-a922-857e314c1507,194436,6,1,0.32071810960769653,6.1272162690107175,2,0.1747346967458725,6.0940108854739945,6.9522747420026025,0,3.0,0.0,0.0,0.0,false,false,false,"[0.02891659364104271, 0.32071810960769653, 0.1747346967458725, 0.1700737029314041, 0.28906935453414917, 0.01648753322660923]","[6.231011848337121, 6.1272162690107175, 6.0940108854739945, 6.373329099063891, 6.402742920372326, 6.381921045250993]"
02de1808-f374-41ce-84cb-a311dd8ac17c,129895,6,4,0.3108813762664795,49.868021947736096,0,0.07265979796648026,49.86462257096299,49.8650101029883,0,3.0,0.0,0.0,0.0,false,false,false,"[0.07265979796648026, 0.2733231782913208, 0.15098240971565247, 0.1639353483915329, 0.3108813762664795, 0.028217880055308342]","[49.86462257096299, 49.867405535499024, 49.8647812267696, 49.86856206833888, 49.868021947736096, 49.86956601668685]"
02df3560-c7df-4c72-9aba-45babf8aef8e,219482,6,4,0.3553517460823059,35.281770830939095,0,0.003529587760567665,31.784284287412234,35.27696590603508,0,3.0,0.0,0.0,0.0,false,false,false,"[0.003529587760567665, 0.11379634588956833, 0.007863619364798069, 0.27676382660865784, 0.3553517460823059, 0.24269486963748932]","[31.784284287412234, 35.28373114884716, 35.284177513615546, 35.28184169293404, 35.281770830939095, 35.27747059679844]"
02e4437b-309e-452f-90c8-bb8bc7cd0bee,104777,6,0,0.8876716494560242,3.136296957689966,0,0.8876716494560242,3.136296957689966,3.8474829000547865,0,3.0,0.0,0.0,0.0,false,false,false,"[0.8876716494560242, 0.007663279306143522, 0.10404674708843231, 0.00015093250840436667, 0.00036009441828355193, 0.0001072325321729295]","[3.136296957689966, 3.2847179161233524, 3.1650787605260713, 3.922531620090259, 3.824082712124878, 3.9169157368349565]"
02e8bdb8-c5a0-4f88-b404-f0e305fca367,111394,6,4,0.41776522994041443,12.536944639493752,0,0.04493200406432152,12.53133457528681,12.523868013788832,0,3.0,0.0,0.0,0.0,false,false,false,"[0.04493200406432152, 0.14118629693984985, 0.12282960116863251, 0.2697080969810486, 0.41776522994041443, 0.00357876461930573]","[12.53133457528681, 12.536547181562524, 12.535404194548855, 12.537483902670813, 12.536944639493752, 12.53856837704315]"
02ea59b1-3aac-46cf-b3f7-0358aa842499,161081,6,5,0.3409976065158844,0.17683085623675635,5,0.3409976065158844,0.17683085623675635,5.190488064241172,4,3.0,0.9812108129262924,2.7391272732652756,0.9130424244217585,true,true,false,"[0.001015484449453652, 0.08427631855010986, 0.017773788422346115, 0.3265204429626465, 0.22941644489765167, 0.3409976065158844]","[7.071955567120971, 0.22305877172807265, 3.501796821578238, 0.21107411375843557, 0.24622333233352126, 0.17683085623675635]"
02eb864b-0f8d-4e20-8f61-87425c8302c6,7668,6,0,0.942658543586731,38.476497970463555,0,0.942658543586731,38.476497970463555,46.44024836515403,0,3.0,0.0,0.0,0.0,false,false,false,"[0.942658543586731, 0.006544813048094511, 0.05012407526373863, 0.00029558895039372146, 0.00029830867424607277, 7.870469562476501e-05]","[38.476497970463555, 45.21178465787008, 43.24948455947123, 50.1654494726159, 47.16817226538542, 46.70374386943962]"
02eb9cea-68ef-44a4-9951-e0301ffcaace,82513,6,1,0.3011102080345154,3.7027247656246685,5,0.1071569174528122,3.332101797115076,3.4988605568888103,0,3.0,0.0,0.0,0.0,false,false,false,"[0.003515325952321291, 0.3011102080345154, 0.12592288851737976, 0.2022702842950821, 0.26002439856529236, 0.1071569174528122]","[3.700829458878985, 3.7027247656246685, 3.7050050558346577, 3.7012355688245986, 3.701643579061223, 3.332101797115076]"
02ecb39d-b566-4a45-b641-694b6dc452c3,162670,6,1,0.31566908955574036,22.95580113068435,5,0.028559232130646706,21.870063704339884,22.953431051458796,0,3.0,0.0,0.0,0.0,false,false,false,"[0.010800572112202644, 0.31566908955574036, 0.13673165440559387, 0.21831201016902924, 0.2899273931980133, 0.028559232130646706]","[22.95872229357971, 22.95580113068435, 22.959073557289038, 22.954018078822408, 22.955507491078773, 21.870063704339884]"
02ed805c-5223-4a48-a9d1-3768bc72aa7c,39741,6,0,0.9925328493118286,10.85671514416152,0,0.9925328493118286,10.85671514416152,11.378933975599764,0,3.0,0.0,0.0,0.0,false,false,false,"[0.9925328493118286, 0.0013830430107191205, 0.005316104274243116, 0.00018881901632994413, 0.0005095326341688633, 6.974368443479761e-05]","[10.85671514416152, 11.378859318519556, 11.377871048861085, 11.38016738476868, 11.377334850276103, 11.386575620088657]"
02eef7c9-620e-4823-b97a-082397bc8078,101940,6,4,0.3951486051082611,30.031231270235637,0,0.003173677483573556,30.029692044233126,30.028933744332264,0,3.0,0.0,0.0,0.0,false,false,false,"[0.003173677483573556, 0.32357993721961975, 0.021877825260162354, 0.18665115535259247, 0.3951486051082611, 0.06956887245178223]","[30.029692044233126, 30.03180508871302, 30.032037492359834, 30.031191291480187, 30.031231270235637, 30.033620103944553]"
02f2d954-5514-4c12-a608-8d5a0aebbe61,74670,6,4,0.3560038208961487,6.831262287042026,4,0.3560038208961487,6.831262287042026,7.831957700198518,0,3.0,0.0,0.0,0.0,false,false,false,"[0.047625742852687836, 0.18755550682544708, 0.1009758785367012, 0.2779814898967743, 0.3560038208961487, 0.029857534915208817]","[7.76726765907815, 7.880883999139636, 7.00976098045308, 7.476290756676398, 6.831262287042026, 6.9765112483607945]"
02f59b36-3288-4c79-ac01-b5afd35eb53e,6220,6,3,0.42155975103378296,29.11621319855408,5,0.17550966143608093,27.238002874696214,32.731130817044104,0,3.0,0.0,0.0,0.0,false,false,false,"[0.00799898523837328, 0.06633760780096054, 0.002262371126562357, 0.42155975103378296, 0.32633158564567566, 0.17550966143608093]","[37.63955278797416, 31.954183278361562, 33.48019419392743, 29.11621319855408, 30.62941912958834, 27.238002874696214]"
02f9c042-d28b-4104-88a6-889715346890,4483,6,2,0.8430866599082947,47.53535735926083,5,0.004329375457018614,21.393033415227134,47.132367431073234,0,3.0,0.0,0.0,0.0,false,false,false,"[0.06764119118452072, 0.08275898545980453, 0.8430866599082947, 0.0020440402440726757, 0.00013974393368698657, 0.004329375457018614]","[52.100466652192516, 47.12990173477315, 47.53535735926083, 33.66834567043029, 46.80242031784655, 21.393033415227134]"
02fa3af3-1e85-4037-abd1-cd30bfb0b86f,60184,6,4,0.3136843740940094,3.2999534155707613,1,0.18490086495876312,3.2339849190746652,2.8285569024521493,0,3.0,0.0,0.0,0.0,false,false,true,"[0.008521197363734245, 0.18490086495876312, 0.08305206149816513, 0.2292099893093109, 0.3136843740940094, 0.18063148856163025]","[3.4451277374066254, 3.2339849190746652, 3.305301726414666, 3.4198257546067525, 3.2999534155707613, 3.374984255506737]"
02fa5a73-aac4-4c52-ba41-a7f5804d93ab,83176,6,3,0.3443213403224945,30.99921029377092,0,0.025214100256562233,30.99344679594148,30.984338100524877,0,3.0,0.0,0.0,0.0,false,false,false,"[0.025214100256562233, 0.12990815937519073, 0.05501549318432808, 0.3443213403224945, 0.28938645124435425, 0.15615442395210266]","[30.99344679594148, 30.99698342462885, 30.994524018333905, 30.99921029377092, 30.998213159157096, 30.999501070739417]"
02fb0b7d-7396-4cfd-afd9-5ad6a8302e51,43160,6,1,0.33416876196861267,5.571751268289219,0,0.015468261204659939,5.567942651564653,5.573379063065969,0,3.0,0.0,0.0,0.0,false,false,false,"[0.015468261204659939, 0.33416876196861267, 0.3060522973537445, 0.05184819549322128, 0.21445509791374207, 0.07800735533237457]","[5.567942651564653, 5.571751268289219, 5.572242354362131, 5.568769891405811, 5.572296709414537, 5.570414950162964]"
02fc0395-856b-4131-a6eb-2a5d211d41c9,31608,6,1,0.3020787835121155,40.49737893853742,5,0.00016924651572480798,33.75222453539193,41.54640675008648,0,3.0,0.0,0.0,0.0,false,false,false,"[0.19461287558078766, 0.3020787835121155, 0.25792935490608215, 0.025679826736450195, 0.2195298671722412, 0.00016924651572480798]","[42.661793002119644, 40.49737893853742, 41.57184995874016, 37.531345659526345, 38.95515000840424, 33.75222453539193]"
02fdf762-5621-417e-b488-a43a4be7fb06,194703,6,3,0.7018416523933411,24.759870271220112,0,1.7160527931991965e-06,9.017453224815927,22.615849881650593,0,3.0,0.0,0.0,0.0,false,false,false,"[1.7160527931991965e-06, 1.8025608369498514e-05, 2.6715365493146237e-06, 0.7018416523933411, 0.0015055898111313581, 0.296630322933197]","[9.017453224815927, 18.007953214612783, 14.223843060611525, 24.759870271220112, 21.485252204326482, 28.884527761692414]"
0300c983-cc75-403d-a471-649bd76d34f2,17450,6,1,0.4999655485153198,23.778960832810224,0,0.024087458848953247,20.71337388521178,21.462862817877486,0,3.0,0.0,0.0,0.0,false,false,false,"[0.024087458848953247, 0.4999655485153198, 0.4715975821018219, 3.643108129836037e-06, 0.004184826742857695, 0.0001609024329809472]","[20.71337388521178, 23.778960832810224, 21.931124376667515, 38.026785878515874, 26.034898180587597, 39.14163430270604]"
03046c11-3a07-4553-8213-b9bb37171336,108437,6,1,0.34359684586524963,11.68565014122959,3,0.1017642468214035,11.684010883079445,11.687975312355777,0,3.0,0.0,0.0,0.0,false,false,false,"[0.03421236202120781, 0.34359684586524963, 0.20914755761623383, 0.1017642468214035, 0.25975972414016724, 0.051519207656383514]","[11.685973926157923, 11.68565014122959, 11.687093030408834, 11.684010883079445, 11.684502448790745, 11.686391519060317]"
03068be2-baec-4927-81f9-5ab2f87bd890,169802,6,2,0.3197249472141266,3.52745538410275,0,0.21068713068962097,3.519476260349456,3.6689650997291317,0,3.0,0.0,0.0,0.0,false,false,false,"[0.21068713068962097, 0.21086658537387848, 0.3197249472141266, 0.06861871480941772, 0.12269171327352524, 0.06741096824407578]","[3.519476260349456, 3.5533818624312574, 3.52745538410275, 3.653952504359323, 3.6044457287146856, 3.7353012819583666]"
0306f815-82cf-4ea7-948a-b4c0c7aadd2b,71096,6,1,0.3540627658367157,12.526600258665502,5,0.01964932307600975,8.384279697749566,15.398004972382049,0,3.0,0.0,0.0,0.0,false,false,false,"[0.0024176270235329866, 0.3540627658367157, 0.13960815966129303, 0.17822572588920593, 0.3060363531112671, 0.01964932307600975]","[16.637264550421722, 12.526600258665502, 13.926311006675189, 10.18327665914458, 11.344941190305116, 8.384279697749566]"
0307fa81-9363-4b36-83d5-9eb7f1d5e188,39444,6,2,0.2520724833011627,25.492849843489452,0,0.12144183367490768,25.489244631103297,25.487794962369367,0,3.0,0.0,0.0,0.0,false,false,false,"[0.12144183367490768, 0.23082241415977478, 0.2520724833011627, 0.15994583070278168, 0.2018989473581314, 0.033818524330854416]","[25.489244631103297, 25.49450339448858, 25.492849843489452, 25.495407025402265, 25.4937127218514, 25.489357584592927]"
030a3893-bd32-4855-936f-992c77fd4aab,23513,6,4,0.5984019041061401,24.613986200890675,0,8.630128286313266e-05,22.569086000700228,22.007625496794812,0,3.0,0.0,0.0,0.0,false,false,false,"[8.630128286313266e-05, 0.36718523502349854, 0.0037195023614913225, 0.029065251350402832, 0.5984019041061401, 0.0015417842660099268]","[22.569086000700228, 24.098940917554906, 23.48723473226607, 27.39387418881837, 24.613986200890675, 34.57860619287103]"
030c97d9-a9f6-4f3a-851c-b3491a09d4eb,58068,6,2,0.34645265340805054,24.917718063507174,4,0.07994755357503891,24.90765350580127,24.89992789005271,0,3.0,0.0,0.0,0.0,false,false,false,"[0.31157010793685913, 0.26091355085372925, 0.34645265340805054, 0.0007172287441790104, 0.07994755357503891, 0.00039898170507512987]","[24.923296829849264, 24.91826680051952, 24.917718063507174, 24.92450360633184, 24.90765350580127, 24.924806261027076]"
030fdfe8-8404-45b0-ada4-117e24498069,169606,6,4,0.3767666518688202,47.020274340825125,5,0.10208088904619217,45.304296546812495,47.02123232721453,0,3.0,0.0,0.0,0.0,false,false,false,"[0.0009599347249604762, 0.22133977711200714, 0.02181481570005417, 0.2770378887653351, 0.3767666518688202, 0.10208088904619217]","[47.02094671561939, 47.02119477960254, 47.02318174930094, 47.017729526427026, 47.020274340825125, 45.304296546812495]"
0319dd70-604b-4681-a139-a63b5777df2f,76426,6,2,0.5464260578155518,16.554544080139554,5,0.04853814095258713,13.83197956919206,12.603933124412206,0,3.0,0.0,0.0,0.0,false,false,false,"[0.06070894002914429, 0.33202484250068665, 0.5464260578155518, 0.005645723547786474, 0.00665627047419548, 0.04853814095258713]","[17.561573903758458, 15.44698286551356, 16.554544080139554, 14.764381283808763, 15.676822737934383, 13.83197956919206]"
031d46d5-aff7-4789-b998-a35511f89389,81658,6,0,0.8249018788337708,7.899940976100825,3,0.0007165442802943289,2.6914588358355216,7.213824975249262,3,3.0,0.004056402714923024,0.0012335515593633905,0.00041118385312113013,false,true,false,"[0.8249018788337708, 0.009727555327117443, 0.16131415963172913, 0.0007165442802943289, 0.002651727292686701, 0.0006881311419419944]","[7.899940976100825, 3.598393386474353, 5.740738119104703, 2.6914588358355216, 2.6971180079213446, 2.695831658632686]"
031d5bf6-1d44-4fbc-918c-61eb9203a170,117892,6,3,0.3888528048992157,9.724443387325202,0,0.07476069778203964,6.123284082822114,9.716624119627047,0,3.0,0.0,0.0,0.0,false,false,false,"[0.07476069778203964, 0.05389166995882988, 0.056073129177093506, 0.3888528048992157, 0.1779964566230774, 0.24842530488967896]","[6.123284082822114, 9.727037055338739, 9.368207573926332, 9.724443387325202, 9.72508991001926, 9.726836500368327]"
03219b3e-b385-4779-99f5-aa1ca5783f33,66000,6,4,0.22516116499900818,23.120255655762264,0,0.1734374761581421,23.11426705301361,23.124112867724275,0,3.0,0.0,0.0,0.0,false,false,false,"[0.1734374761581421, 0.16822823882102966, 0.12216813862323761, 0.19143635034561157, 0.22516116499900818, 0.11956867575645447]","[23.11426705301361, 23.12024373560656, 23.119398294649915, 23.117570465312095, 23.120255655762264, 23.115871660869892]"
0324a545-ba68-4fdc-b4f8-aadf0c57d62f,59901,6,4,0.22673502564430237,14.626779868894966,5,0.005692366044968367,12.42711806462736,15.415183768531165,0,3.0,0.0,0.0,0.0,false,false,false,"[0.15661603212356567, 0.22429195046424866, 0.218169167637825, 0.16849541664123535, 0.22673502564430237, 0.005692366044968367]","[18.211232122455343, 15.56746405835814, 16.646806714497423, 13.721074551241909, 14.626779868894966, 12.42711806462736]"
0325149c-9366-4a2a-a582-81acb67ae829,28753,6,4,0.29887986183166504,47.70809223254332,0,0.013862855732440948,47.69494784041585,47.70717995518224,0,3.0,0.0,0.0,0.0,false,false,false,"[0.013862855732440948, 0.19106866419315338, 0.08893817663192749, 0.28839483857154846, 0.29887986183166504, 0.11885561794042587]","[47.69494784041585, 47.70454433115187, 47.70169750468041, 47.7111165255868, 47.70809223254332, 47.71224000363747]"
032618a4-3f4b-456a-b575-17297fcc1ceb,30189,6,1,0.37176933884620667,5.5032561008210905,5,7.162484052969376e-06,0.27258672510970117,5.3229722084188476,1,3.0,7.162484052969376e-06,1.9535054087258745e-05,6.511684695752915e-06,false,true,false,"[0.08512545377016068, 0.37176933884620667, 0.2776775360107422, 0.004923283588141203, 0.26049721240997314, 7.162484052969376e-06]","[6.732447524280564, 5.5032561008210905, 6.058310587578812, 3.866892402641211, 5.030424158366998, 0.27258672510970117]"
032cfd2b-f5db-4f2b-bc27-d1d89305a666,19805,6,1,0.4281656742095947,44.341942921056756,0,0.0712873786687851,42.751786914784496,45.231201113233915,0,3.0,0.0,0.0,0.0,false,false,false,"[0.0712873786687851, 0.4281656742095947, 0.12364526093006134, 0.07305530458688736, 0.2935066819190979, 0.01033969596028328]","[42.751786914784496, 44.341942921056756, 42.883525218381735, 49.16420357024853, 46.111837395663926, 49.62325982434626]"
032d083b-3926-4b24-bff4-cc61bd423960,245036,6,2,0.5593358874320984,90.05976234692126,0,0.4024603068828583,89.17325514271285,86.11982308706229,0,3.0,0.0,0.0,0.0,false,false,false,"[0.4024603068828583, 0.037242867052555084, 0.5593358874320984, 5.421010428108275e-05, 0.0009019064600579441, 4.837802862311946e-06]","[89.17325514271285, 90.0726763322201, 90.05976234692126, 90.06923007538026, 90.07158544280979, 90.07425869719519]"
0332eace-a5e2-426b-ad40-6651f7759d47,113682,6,3,0.6457734107971191,11.309084257227587,5,3.294454984370532e-07,11.307529924503978,11.443274514093238,0,3.0,0.0,0.0,0.0,false,false,false,"[0.003574921051040292, 0.00016370216326322407, 0.0011432903120294213, 0.6457734107971191, 0.3493443727493286, 3.294454984370532e-07]","[11.49213759270173, 11.330294695692848, 11.382529013711181, 11.309084257227587, 11.313217585972186, 11.307529924503978]"
033e8dfd-8bd9-4a6d-b016-7238c2dfed7a,63024,6,2,0.3762107193470001,3.5589145218524902,0,0.058978371322155,3.3182174355886263,4.585427276978038,0,3.0,0.0,0.0,0.0,false,false,false,"[0.058978371322155, 0.20828934013843536, 0.3762107193470001, 0.13965949416160583, 0.1901199370622635, 0.026742123067378998]","[3.3182174355886263, 3.7279898670963383, 3.5589145218524902, 4.049551443291091, 3.84616732374911, 4.221352572698683]"
033f03e4-b7c5-4bbe-80ce-43bfaa9e40aa,64645,6,1,0.33126989006996155,15.857869995284336,0,0.0006282342947088182,14.559261815387915,15.834812186427929,0,3.0,0.0,0.0,0.0,false,false,false,"[0.0006282342947088182, 0.33126989006996155, 0.04710168391466141, 0.22490274906158447, 0.33096709847450256, 0.0651303231716156]","[14.559261815387915, 15.857869995284336, 15.845112399677333, 15.886121923915042, 15.874802543602351, 15.888111368150739]"
033f0897-01d9-4bac-a48d-beefb0a33b39,129967,6,5,0.35755056142807007,13.272525505816574,5,0.35755056142807007,13.272525505816574,21.553011227879104,0,3.0,0.0,0.0,0.0,false,false,false,"[0.02695261314511299, 0.17744757235050201, 0.05773105472326279, 0.20296984910964966, 0.17734843492507935, 0.35755056142807007]","[27.70677663261103, 22.260687798188663, 25.120121109713793, 17.248310104219385, 19.80485974254328, 13.272525505816574]"
033f78a3-b3d6-4924-9205-ab524f062dd6,12445,6,2,0.3034137189388275,7.899551768799636,0,0.06937573850154877,7.898570222763282,7.892187325674417,0,3.0,0.0,0.0,0.0,false,false,false,"[0.06937573850154877, 0.06043089181184769, 0.3034137189388275, 0.2332773208618164, 0.14725452661514282, 0.18624776601791382]","[7.898570222763282, 7.902287089512761, 7.899551768799636, 7.898757547709441, 7.901854037775238, 7.901016026588134]"
03418ae6-9c6c-4853-ace9-6b29fffc9930,67881,6,4,0.23565785586833954,10.83418859051838,1,0.2240530252456665,10.833792976970967,10.841938598607097,0,3.0,0.0,0.0,0.0,false,false,false,"[0.10305436700582504, 0.2240530252456665, 0.17149841785430908, 0.19005145132541656, 0.23565785586833954, 0.07568495720624924]","[10.834388756481962, 10.833792976970967, 10.834079853859619, 10.835230730026119, 10.83418859051838, 10.834265606138981]"
0343292a-3214-4da9-b05b-eca3f2336d73,118359,6,2,0.5556402206420898,42.61953307077266,2,0.5556402206420898,42.61953307077266,50.431381788683176,0,3.0,0.0,0.0,0.0,false,false,false,"[0.024020280689001083, 0.27006304264068604, 0.5556402206420898, 0.017359700053930283, 0.061921413987874985, 0.07099538296461105]","[54.03889299001851, 44.73560906918834, 42.61953307077266, 48.978051406376935, 46.83395814586668, 51.108338289962575]"
03439826-bc62-468c-b0f3-f70cd248e38e,23027,6,2,0.2805977165699005,41.94381337165486,5,0.018303578719496727,29.7080337086917,42.09179421496944,0,3.0,0.0,0.0,0.0,false,false,false,"[0.20382945239543915, 0.21489331126213074, 0.2805977165699005, 0.057116616517305374, 0.22525931894779205, 0.018303578719496727]","[42.23762223720855, 41.477613426441636, 41.94381337165486, 35.765937859271766, 40.380474329753625, 29.7080337086917]"
0343f631-e928-4f53-8b7b-d753d8a0f012,11382,6,2,0.24791832268238068,37.23507405792223,5,0.06925828754901886,30.817417234088527,34.94129677313451,0,3.0,0.0,0.0,0.0,false,false,false,"[0.14372378587722778, 0.2194216400384903, 0.24791832268238068, 0.14125098288059235, 0.17842701077461243, 0.06925828754901886]","[39.69899394928744, 35.61158453834857, 37.23507405792223, 32.8344714917306, 34.2208811065851, 30.817417234088527]"
03467aa3-7094-4b5c-83fc-d7eac8e3bd4f,92785,6,2,0.5191060304641724,38.36544960640139,0,0.25737282633781433,37.823150834988226,38.13608341494683,0,3.0,0.0,0.0,0.0,false,false,false,"[0.25737282633781433, 0.21906617283821106, 0.5191060304641724, 0.0001917005720315501, 0.0034501878544688225, 0.0008130691712722182]","[37.823150834988226, 38.62513182769581, 38.36544960640139, 38.57002922581494, 38.41896362723139, 38.77308466234065]"
034c467f-edb4-43c6-a41c-5489edf90ace,12396,6,3,0.4387500584125519,3.2069565307347636,3,0.4387500584125519,3.2069565307347636,4.4330525288086156,0,3.0,0.0,0.0,0.0,false,false,false,"[0.008611729368567467, 0.01801743172109127, 0.01025906391441822, 0.4387500584125519, 0.16210763156414032, 0.3622540831565857]","[26.41786019592547, 9.95576211978793, 31.929272333553705, 3.2069565307347636, 4.758219290198483, 3.2990382767315847]"
034cbdd6-ed26-448e-867d-6eac40a106e7,14068,6,5,0.5178531408309937,15.329066025043343,2,7.164547355387185e-08,15.323880946957527,15.3176062742124,0,3.0,0.0,0.0,0.0,false,false,false,"[3.453063257552458e-08, 9.478255265094049e-07, 7.164547355387185e-08, 0.46511706709861755, 0.017028722912073135, 0.5178531408309937]","[15.325013560410454, 15.325271209789443, 15.323880946957527, 15.32799718098227, 15.326108702787916, 15.329066025043343]"
034dc4cc-785d-4a0a-aba3-db9d2ed6f80d,136609,6,2,0.5405721068382263,4.835090953581096,0,0.13010846078395844,4.628042027119587,6.571828639703902,0,3.0,0.0,0.0,0.0,false,false,false,"[0.13010846078395844, 0.26457521319389343, 0.5405721068382263, 0.0020320462062954903, 0.062659852206707, 5.234030322753824e-05]","[4.628042027119587, 5.2318530849727685, 4.835090953581096, 5.948944988158201, 5.443694092123427, 4.851948917654293]"
03504b48-db27-47c2-859e-5ddb67d13e0b,13952,6,1,0.3841613233089447,32.904784799398705,5,0.0021849016193300486,32.901415479713535,32.89931707173428,0,3.0,0.0,0.0,0.0,false,false,false,"[0.04279050976037979, 0.3841613233089447, 0.3125094473361969, 0.0466037318110466, 0.2117501199245453, 0.0021849016193300486]","[32.90482862867865, 32.904784799398705, 32.90438798833045, 32.90613837463197, 32.903849966152904, 32.901415479713535]"
0361c9c4-2afe-4440-ad10-a45fe1b89045,116805,6,1,0.302768737077713,12.778707644313936,5,0.056063972413539886,12.761837419869485,13.010962169236038,0,3.0,0.0,0.0,0.0,false,false,false,"[0.03699249029159546, 0.302768737077713, 0.14131204783916473, 0.1813025325536728, 0.2815602421760559, 0.056063972413539886]","[12.819571562852486, 12.778707644313936, 12.79329527066945, 12.772820939777853, 12.771784423171397, 12.761837419869485]"
0362f719-8568-46b3-a855-787a337be0dc,30746,6,2,0.6345704197883606,35.55937315162006,5,0.010893404483795166,33.22361262232754,35.07768530028444,0,3.0,0.0,0.0,0.0,false,false,false,"[0.28768596053123474, 0.0005010091699659824, 0.6345704197883606, 0.03571036085486412, 0.030638881027698517, 0.010893404483795166]","[35.56006610717384, 35.472309250736465, 35.55937315162006, 34.23286243476692, 34.95363685802686, 33.22361262232754]"
0366a64a-cb8f-4a14-8aea-c42974734ba0,35169,6,3,0.23748810589313507,3.5629787646210067,1,0.2140917330980301,3.5056793676721596,4.156525769442458,0,3.0,0.0,0.0,0.0,false,false,false,"[0.046889778226614, 0.2140917330980301, 0.15951110422611237, 0.23748810589313507, 0.22445480525493622, 0.11756446957588196]","[6.756625748215638, 3.5056793676721596, 4.125383214778655, 3.5629787646210067, 3.523747677905457, 3.57259294398327]"
036db4b2-d27a-40d6-b255-35c166ed2967,8875,6,0,0.6875559687614441,12.130255749703823,0,0.6875559687614441,12.130255749703823,15.296304164615847,0,3.0,0.0,0.0,0.0,false,false,false,"[0.6875559687614441, 0.011895693838596344, 0.3003697991371155, 1.7981687960855197e-06, 0.00017644556646700948, 2.744259006703942e-07]","[12.130255749703823, 17.59966292546179, 15.915881821672306, 23.97828830313883, 20.707767736135704, 27.518077592650993]"
0373993d-00e7-4113-8657-a8e1b0838ea4,42997,6,2,0.29626673460006714,11.381628652392797,5,0.026506660506129265,11.366676338900678,11.365628052937367,0,3.0,0.0,0.0,0.0,false,false,false,"[0.2740119397640228, 0.18530592322349548, 0.29626673460006714, 0.07824400067329407, 0.13966470956802368, 0.026506660506129265]","[11.382525882977564, 11.371941397932499, 11.381628652392797, 11.377035302982772, 11.380729884783637, 11.366676338900678]"
037a7f53-8430-447f-8fd7-cb26536c4c78,8653,6,4,0.21509233117103577,15.343997089126105,5,0.12034662067890167,13.834216876771064,15.676297795154833,0,3.0,0.0,0.0,0.0,false,false,false,"[0.11517790704965591, 0.19956271350383759, 0.16524583101272583, 0.18457460403442383, 0.21509233117103577, 0.12034662067890167]","[16.6847237018102, 15.86796514999291, 16.311807391199302, 14.720947736444055, 15.343997089126105, 13.834216876771064]"
037ffad2-3957-4598-8041-513514182a5d,63919,6,4,0.5556545257568359,18.228375970827926,5,0.06118864193558693,18.15094096576992,18.23026260471178,0,3.0,0.0,0.0,0.0,false,false,false,"[0.011311620473861694, 0.1748395413160324, 0.029719658195972443, 0.16728602349758148, 0.5556545257568359, 0.06118864193558693]","[18.235452044201672, 18.22526338127007, 18.2276482066561, 18.220752952564535, 18.228375970827926, 18.15094096576992]"
03860546-32d9-4d54-9eb7-2ccdee3dfbe1,15229,6,0,0.5578176379203796,5.230303995003366,2,0.389475554227829,5.217499643503665,5.685447271346679,0,3.0,0.0,0.0,0.0,false,false,false,"[0.5578176379203796, 0.04009620100259781, 0.389475554227829, 0.0008709265966899693, 0.011599050834774971, 0.00014055988867767155]","[5.230303995003366, 5.5280822129181395, 5.217499643503665, 5.683163082218499, 5.683228283697388, 5.6832372088206355]"
0388916e-09e1-4749-b896-0c81cfb8e227,10427,6,4,0.29278573393821716,12.871906688991066,0,0.013958261348307133,12.87026261698235,12.877825964459847,0,3.0,0.0,0.0,0.0,false,false,false,"[0.013958261348307133, 0.201596200466156, 0.08403768390417099, 0.26806366443634033, 0.29278573393821716, 0.13955846428871155]","[12.87026261698235, 12.871671820525966, 12.872024123353007, 12.870548268569552, 12.871906688991066, 12.870548268569552]"
0388f280-f4cf-4f22-8b61-3408b9d41816,58204,6,5,0.3924313187599182,31.041694808900267,3,0.36558377742767334,31.036862400755794,31.111628652435037,0,3.0,0.0,0.0,0.0,false,false,false,"[0.056676555424928665, 0.021656937897205353, 0.006506507284939289, 0.36558377742767334, 0.1571449190378189, 0.3924313187599182]","[32.33963376633765, 31.053322126974606, 31.086354791908754, 31.036862400755794, 31.04802082886602, 31.041694808900267]"
038bb426-003e-456e-8e12-306ae67f649b,19052,6,1,0.24397186934947968,28.85257083649305,2,0.20572498440742493,28.851759178904846,28.852578320091602,0,3.0,0.0,0.0,0.0,false,false,false,"[0.03171286731958389, 0.24397186934947968, 0.20572498440742493, 0.19750332832336426, 0.2425742894411087, 0.07851267606019974]","[28.85575822607797, 28.85257083649305, 28.851759178904846, 28.85379017049078, 28.852084254764932, 28.855091885775145]"
03959fe1-bb37-4d9a-a610-50a28d3101a6,5982,6,5,0.42771682143211365,57.48910259909464,0,0.16915930807590485,38.91221025735428,41.497850753352004,0,3.0,0.0,0.0,0.0,false,false,false,"[0.16915930807590485, 0.13025493919849396, 0.03128887712955475, 0.14270761609077454, 0.09887241572141647, 0.42771682143211365]","[38.91221025735428, 43.00381267399043, 41.30755813941801, 49.419002960722516, 45.391942163898754, 57.48910259909464]"
039a20c5-36fd-438e-add8-498f3781a679,127785,6,2,0.3254198431968689,78.67212488765485,0,0.3054307699203491,76.05029233724102,80.97047205589584,0,3.0,0.0,0.0,0.0,false,false,false,"[0.3054307699203491, 0.2304207682609558, 0.3254198431968689, 0.013681050390005112, 0.12282570451498032, 0.0022218134254217148]","[76.05029233724102, 82.17682900114197, 78.67212488765485, 87.85861234844415, 85.69187251587253, 107.42984010782527]"
039b426d-f970-40c0-b316-191fadaa0863,152087,6,1,0.4445864260196686,3.5771052276812654,0,0.053935300558805466,3.5569821756519326,3.5790231693605885,0,3.0,0.0,0.0,0.0,false,false,false,"[0.053935300558805466, 0.4445864260196686, 0.21210071444511414, 0.07999129593372345, 0.17006242275238037, 0.0393238440155983]","[3.5569821756519326, 3.5771052276812654, 3.5589846065233295, 3.567194562717853, 3.5861274235498843, 3.576138095431927]"
039c3bd7-baf7-429e-adcb-3f0124360e9a,106204,6,2,0.33569616079330444,17.684478356759907,5,0.009160873480141163,17.064567742798356,17.689694180888374,0,3.0,0.0,0.0,0.0,false,false,false,"[0.06037335470318794, 0.3307706415653229, 0.33569616079330444, 0.06285646557807922, 0.20114251971244812, 0.009160873480141163]","[17.684933496430528, 17.6836141927882, 17.684478356759907, 17.686002170846567, 17.685789957382312, 17.064567742798356]"
039c8d26-7741-42b4-a329-8cc63fb7bac7,74762,6,1,0.3519904315471649,30.29587706741648,0,0.1861737072467804,29.0499843607629,30.43270967237682,0,3.0,0.0,0.0,0.0,false,false,false,"[0.1861737072467804, 0.3519904315471649, 0.20198118686676025, 0.000862246670294553, 0.2588616907596588, 0.00013069040141999722]","[29.0499843607629, 30.29587706741648, 29.699519324346465, 31.629328579442788, 30.912252605017468, 32.65538815542914]"
03a27f05-7a66-4544-b9cb-28f7de91d0f7,143336,6,3,0.32083484530448914,15.636264512857954,5,0.15087297558784485,12.802280027946242,23.823993135529527,0,3.0,0.0,0.0,0.0,false,false,false,"[0.0012779561802744865, 0.1850503534078598, 0.06373682618141174, 0.32083484530448914, 0.2782270014286041, 0.15087297558784485]","[25.227543479330002, 19.51869934965254, 21.608309032082655, 15.636264512857954, 17.654735943031206, 12.802280027946242]"
03a32a48-8d16-45fe-9e41-6939b79524ae,17098,6,1,0.28292611241340637,34.963151326559924,2,0.22046194970607758,34.96244830933544,34.96181588635819,0,3.0,0.0,0.0,0.0,false,false,false,"[0.12037715315818787, 0.28292611241340637, 0.22046194970607758, 0.17185144126415253, 0.19741660356521606, 0.006966765038669109]","[34.96269862342454, 34.963151326559924, 34.96244830933544, 34.96363317338433, 34.963583306353776, 34.963362134523635]"
03a404ef-b5a3-4cac-80b0-1ab50401dc80,80582,6,4,0.3876993656158447,14.467302948288893,0,2.7244206648902036e-05,14.453584358544912,14.465784844244475,0,3.0,0.0,0.0,0.0,false,false,false,"[2.7244206648902036e-05, 0.3338010013103485, 0.06180630624294281, 0.21099922060966492, 0.3876993656158447, 0.005666906479746103]","[14.453584358544912, 14.46355816564648, 14.459008820371512, 14.47192488249681, 14.467302948288893, 14.471166824941374]"
03a49a6a-6197-4f48-9eae-080bf2752efa,10107,6,1,0.9014967679977417,41.47516146284088,0,0.002138095907866955,32.41080013250266,44.75928127284598,0,3.0,0.0,0.0,0.0,false,false,false,"[0.002138095907866955, 0.9014967679977417, 0.022710485383868217, 0.07121984660625458, 0.002284846967086196, 0.0001498829951742664]","[32.41080013250266, 41.47516146284088, 37.44268103525282, 46.89147186340804, 40.42538442369931, 58.30347953085833]"
03a4e06a-bccc-459f-ac32-076bba9d4e3d,71866,6,0,0.9473434686660767,31.269965279001468,1,0.011907344684004784,31.25630605015597,31.272499753461986,0,3.0,0.0,0.0,0.0,false,false,false,"[0.9473434686660767, 0.011907344684004784, 0.022222651168704033, 0.01287003606557846, 0.00551560427993536, 0.00014089175965636969]","[31.269965279001468, 31.25630605015597, 31.259765687937737, 31.263783082882213, 31.26772928140318, 31.270795261576286]"
03a54244-d4a4-4b8e-8cbc-4f0729fe4cb1,69572,6,2,0.324334979057312,46.056012866756575,0,0.11078464984893799,45.26546785990993,46.27212149059178,0,3.0,0.0,0.0,0.0,false,false,false,"[0.11078464984893799, 0.29693344235420227, 0.324334979057312, 0.04529951140284538, 0.2225443720817566, 0.00010308482887921855]","[45.26546785990993, 46.475644550149056, 46.056012866756575, 47.056468290870704, 46.744590579072344, 47.35628126630976]"
03a64339-2304-4ff7-8540-0dae906f7e09,106014,6,4,0.6401973962783813,37.481020319969176,0,1.7713988199830055e-05,30.888098867090296,38.321719627715545,0,3.0,0.0,0.0,0.0,false,false,false,"[1.7713988199830055e-05, 0.03579498454928398, 0.00015403579163830727, 0.3113837242126465, 0.6401973962783813, 0.012452120892703533]","[30.888098867090296, 36.39070087100338, 34.3549519108693, 38.816376943941044, 37.481020319969176, 41.136393474434435]"
03a6c21a-dfbb-4047-b47f-6e8032f09fcd,26318,6,1,0.2482256144285202,32.674788795774475,5,0.0772966518998146,27.76273038289562,29.06955861035708,0,3.0,0.0,0.0,0.0,false,false,false,"[0.10063740611076355, 0.2482256144285202, 0.21414007246494293, 0.14277955889701843, 0.2169206738471985, 0.0772966518998146]","[35.502565396627304, 32.674788795774475, 34.12798787585593, 29.710326243957997, 31.180138170643257, 27.76273038289562]"
03aa159a-11c8-48a8-b007-c754b7417d64,68618,6,5,0.4223268926143646,19.5493227331755,0,0.04531625285744667,19.535815951889038,19.54022232916103,0,3.0,0.0,0.0,0.0,false,false,false,"[0.04531625285744667, 0.027365660294890404, 0.27679443359375, 0.10065674781799316, 0.1275399923324585, 0.4223268926143646]","[19.535815951889038, 19.539801039497874, 19.540312039940634, 19.541074868054736, 19.54091362495243, 19.5493227331755]"
03ab4086-6585-4e07-8494-e61efadbf5e4,12087,6,4,0.27122214436531067,93.05862790872311,5,0.08098313212394714,81.94244422173445,100.72567268310753,0,3.0,0.0,0.0,0.0,false,false,false,"[0.13162930309772491, 0.1517334133386612, 0.13424159586429596, 0.2301904261112213, 0.27122214436531067, 0.08098313212394714]","[103.28634411201936, 97.87726286986202, 101.63273643376004, 88.1737450171451, 93.05862790872311, 81.94244422173445]"
03ad6094-9b04-4039-8cc1-488bf898e660,70167,6,1,0.3550921678543091,18.330621086374986,5,0.02801806479692459,18.32797642336216,18.33248848337777,0,3.0,0.0,0.0,0.0,false,false,false,"[0.0407654233276844, 0.3550921678543091, 0.18577386438846588, 0.12504829466342926, 0.2653020918369293, 0.02801806479692459]","[18.331564837886404, 18.330621086374986, 18.33102024413093, 18.330763465535657, 18.328759873086472, 18.32797642336216]"
03afc320-acb1-4717-8240-fca72512106c,8291,6,4,0.43045955896377563,5.738426900804365,0,0.2060190737247467,5.73316096915968,5.735550436622218,0,3.0,0.0,0.0,0.0,false,false,false,"[0.2060190737247467, 0.0743650421500206, 0.09471695125102997, 0.19443871080875397, 0.43045955896377563, 6.96623544627073e-07]","[5.73316096915968, 5.738254779512144, 5.7402449254788825, 5.737094174439153, 5.738426900804365, 5.738755933362005]"
03b2fd2c-10a5-4e5d-a5a3-d2a941113b7e,83630,6,4,0.3030376732349396,1.6207044018979213,4,0.3030376732349396,1.6207044018979213,2.7047277561059,6,3.0,1.0000000051222742,1.2261401873842994,0.40871339579476645,true,true,true,"[0.005839092191308737, 0.21802374720573425, 0.10812913626432419, 0.25410470366477966, 0.3030376732349396, 0.11086565256118774]","[2.738233579473717, 1.723145845693215, 2.1173645170751647, 1.7737188578177685, 1.6207044018979213, 1.9067287156650266]"
03b4f03b-b54c-423d-a8ab-96e522a74f41,54956,6,0,0.8622065186500549,9.256137680309816,0,0.8622065186500549,9.256137680309816,10.361293566158091,0,3.0,0.0,0.0,0.0,false,false,false,"[0.8622065186500549, 0.0545731857419014, 0.08220130205154419, 1.0406811270513572e-06, 0.001017636968754232, 2.9133883572285413e-07]","[9.256137680309816, 10.09908393787, 10.078907449791854, 10.29447418148437, 10.185524933335104, 10.65954159774476]"
03b53590-22e2-4847-87a6-464bbf0b7465,177863,6,5,0.5770711302757263,46.666230276316455,0,0.0005938995163887739,21.45930151471985,21.14675213040546,0,3.0,0.0,0.0,0.0,false,false,false,"[0.0005938995163887739, 0.05955738201737404, 0.0019795591942965984, 0.2599518299102783, 0.10084623843431473, 0.5770711302757263]","[21.45930151471985, 27.34461924371885, 25.393595743250657, 39.340575310272186, 31.07150159750777, 46.666230276316455]"
03b843b0-4ff4-4ddd-9b5c-c2190a09a607,115384,6,2,0.39034995436668396,8.795915390799621,5,0.02299526520073414,2.459503880223641,3.143898328767879,2,3.0,0.06104550324380398,0.03252003740591863,0.010840012468639543,false,true,false,"[0.11836055666208267, 0.3243209421634674, 0.39034995436668396, 0.03805023804306984, 0.10592301934957504, 0.02299526520073414]","[10.242533668151934, 7.953300251006509, 8.795915390799621, 2.4719826517523527, 6.884776752070641, 2.459503880223641]"
03b86142-5dd7-47b5-931b-dc75a4ed88ff,79862,6,3,0.3353111743927002,26.165366586587183,0,0.026178816333413124,16.654648631406225,28.945906787069525,0,3.0,0.0,0.0,0.0,false,false,false,"[0.026178816333413124, 0.2287575751543045, 0.09926971793174744, 0.3353111743927002, 0.2334149330854416, 0.0770677924156189]","[16.654648631406225, 20.776894822217535, 18.59280817267147, 26.165366586587183, 23.19971082918695, 30.735864666224824]"
03b8e752-e33e-46a0-a2c4-98e2ffe60edd,21662,6,2,0.38488319516181946,2.610690783249098,1,0.26356908679008484,2.535411819079616,3.0405508568539004,4,3.0,0.9982573874294758,0.3951277908754784,0.13170926362515945,true,true,false,"[0.31030699610710144, 0.26356908679008484, 0.38488319516181946, 0.0012607515091076493, 0.03949810937047005, 0.00048182529280893505]","[2.6137408043479797, 2.535411819079616, 2.610690783249098, 7.990546678527834, 2.924573546082251, 14.793490872594814]"
03bfd760-d8d9-46f3-aa16-885efb85cf16,89470,6,2,0.22348229587078094,10.144946276799638,2,0.22348229587078094,10.144946276799638,10.0754624035836,0,3.0,0.0,0.0,0.0,false,false,false,"[0.18184636533260345, 0.15566112101078033, 0.22348229587078094, 0.16120831668376923, 0.15327860414981842, 0.12452331185340881]","[10.169526318705113, 10.16251128097739, 10.144946276799638, 10.1500576483348, 10.151641090628148, 10.180605006789943]"
03c378df-404e-4e3f-9206-f41869a7b7a0,35318,6,2,0.45302584767341614,26.602709145557313,5,0.00019724105368368328,10.497978986831104,29.867789643344757,0,3.0,0.0,0.0,0.0,false,false,false,"[0.0793856680393219, 0.307283878326416, 0.45302584767341614, 0.0033475495874881744, 0.15675976872444153, 0.00019724105368368328]","[30.06643808389698, 21.78286586055058, 26.602709145557313, 13.118299031605149, 17.465392853110718, 10.497978986831104]"
03c94364-761e-4e62-a05e-0d62d5af9b7a,7767,6,4,0.4047819972038269,145.00945023098205,1,0.23162956535816193,144.99991305771908,145.0175802267533,0,3.0,0.0,0.0,0.0,false,false,false,"[3.0223869543988258e-05, 0.23162956535816193, 0.06494790315628052, 0.2789965271949768, 0.4047819972038269, 0.019613858312368393]","[145.01222181356167, 144.99991305771908, 145.00867526684505, 145.0025217854383, 145.00945023098205, 145.00659333690282]"
03ccf9b1-d7be-4312-94ee-a8fbb636a916,30887,6,2,0.31680741906166077,9.567111097221073,0,0.08011719584465027,9.564214846396826,9.563903197297593,0,3.0,0.0,0.0,0.0,false,false,false,"[0.08011719584465027, 0.0273452065885067, 0.31680741906166077, 0.20634977519512177, 0.2845785915851593, 0.08480174839496613]","[9.564214846396826, 9.57553138298762, 9.567111097221073, 9.572121810426237, 9.569162207440641, 9.574998960033119]"
03cf6a50-b668-46ce-ba05-6bd4468b8680,42943,6,1,0.3565209209918976,20.67425890821956,5,0.010890028439462185,16.351448776904025,19.090581172276796,0,3.0,0.0,0.0,0.0,false,false,false,"[0.05807873606681824, 0.3565209209918976, 0.2945127785205841, 0.057503048330545425, 0.222494438290596, 0.010890028439462185]","[21.052214094064894, 20.67425890821956, 21.01899377463227, 18.938934435217494, 20.01019801533244, 16.351448776904025]"
03d2245b-361b-4f1b-aeb1-39cc105d9abd,4458,6,0,0.5869323015213013,27.424540482003554,5,0.00013757272972725332,23.672320431588105,27.434724164418736,0,3.0,0.0,0.0,0.0,false,false,false,"[0.5869323015213013, 0.2251204550266266, 0.18389536440372467, 0.00013989987201057374, 0.003774381708353758, 0.00013757272972725332]","[27.424540482003554, 26.22539747898796, 26.987029043949903, 24.612652377225533, 25.656020514266878, 23.672320431588105]"
03dc1a2f-f3ea-4632-8231-4b69ceffa660,175703,6,1,0.25741061568260193,6.741382721302751,5,0.045846130698919296,6.701405075582963,6.732500586631965,0,3.0,0.0,0.0,0.0,false,false,false,"[0.14665454626083374, 0.25741061568260193, 0.2381286919116974, 0.11891844123601913, 0.1930416226387024, 0.045846130698919296]","[6.733972177342867, 6.741382721302751, 6.7397880044380365, 6.729526699599331, 6.735775873295922, 6.701405075582963]"
03dd6505-37c2-4032-bf3a-7a5dc95caa36,7528,6,3,0.31621095538139343,44.46364798819291,5,0.23233646154403687,44.45180670303637,44.47149430182314,0,3.0,0.0,0.0,0.0,false,false,false,"[0.04460388049483299, 0.1184796690940857, 0.10241686552762985, 0.31621095538139343, 0.18595217168331146, 0.23233646154403687]","[44.465945723229034, 44.469764683319646, 44.467310180630214, 44.46364798819291, 44.46610250939138, 44.45180670303637]"
03e1c00b-a7c4-48ba-876b-284f56a0d95f,17251,6,1,0.3146498203277588,19.21026180526488,0,0.0049382587894797325,17.369900609223134,31.749485060687704,0,3.0,0.0,0.0,0.0,false,false,false,"[0.0049382587894797325, 0.3146498203277588, 0.07537718117237091, 0.2399812638759613, 0.2997550964355469, 0.06529846042394638]","[17.369900609223134, 19.21026180526488, 18.047792024615106, 22.802192210517266, 21.068192758814238, 26.46894568883379]"
03e52ed8-8f9c-4320-803d-d0f58586fdf9,117145,6,3,0.3894343674182892,73.98200704617956,5,0.20003509521484375,73.98113301836636,73.99406318766225,0,3.0,0.0,0.0,0.0,false,false,false,"[0.0010378757724538445, 0.07743855565786362, 0.01169726811349392, 0.3894343674182892, 0.3203567862510681, 0.20003509521484375]","[73.9879919178081, 73.98256214271251, 73.98274775198924, 73.98200704617956, 73.98198003467542, 73.98113301836636]"
03e59942-053e-41bb-a202-a6c120e05247,31260,6,4,0.4173969328403473,4.417217652872733,5,0.015799738466739655,4.414627472939491,4.4147984255178905,0,3.0,0.0,0.0,0.0,false,false,false,"[0.008568568155169487, 0.2677070200443268, 0.040718358010053635, 0.24980942904949188, 0.4173969328403473, 0.015799738466739655]","[4.418047750059296, 4.417550110565795, 4.417980689990523, 4.415705581070328, 4.417217652872733, 4.414627472939491]"
03ea387c-b884-43e0-a6b4-071120cd08a2,57341,6,4,0.28468143939971924,6.717026955664675,5,0.05772773548960686,0.2921155075894572,8.600663215471515,1,3.0,0.05772773548960686,0.15632003971428415,0.05210667990476139,false,true,false,"[0.032540030777454376, 0.23484139144420624, 0.1437944918870926, 0.2464148998260498, 0.28468143939971924, 0.05772773548960686]","[12.626955621664534, 8.760897677290497, 10.51070918945737, 4.702196609888077, 6.717026955664675, 0.2921155075894572]"
03ef2306-f91d-436e-872d-6aa60d019611,58406,6,3,0.541219174861908,15.101671341821062,5,0.4151412844657898,14.245918258201124,14.94041680344731,0,3.0,0.0,0.0,0.0,false,false,false,"[8.719864854356274e-05, 0.00017154710076283664, 0.0007225468871183693, 0.541219174861908, 0.042658235877752304, 0.4151412844657898]","[20.02986856925236, 17.661836871561558, 18.451916785097083, 15.101671341821062, 16.262290774090978, 14.245918258201124]"
03ef2f53-ec8f-41c1-be64-91ab10b0dd1e,81247,6,1,0.3315635919570923,20.653460552337023,1,0.3315635919570923,20.653460552337023,21.64944558634096,0,3.0,0.0,0.0,0.0,false,false,false,"[0.006348208524286747, 0.3315635919570923, 0.19968463480472565, 0.17261333763599396, 0.27330222725868225, 0.016487998887896538]","[22.705949459297223, 20.653460552337023, 22.141992611532466, 20.813983010961497, 22.325352255678943, 21.72602228496469]"
03ef8a00-676c-456e-bbe9-0fc6fb7b5ad3,25468,6,4,0.31287115812301636,17.95960976350944,1,0.12899138033390045,17.958854212478514,17.9587416494065,0,3.0,0.0,0.0,0.0,false,false,false,"[0.11951331794261932, 0.12899138033390045, 0.24587933719158173, 0.046990059316158295, 0.31287115812301636, 0.14575476944446564]","[17.96119993007437, 17.958854212478514, 17.96039900827023, 17.96143139249536, 17.95960976350944, 17.959943388666698]"
03f198e9-3ffc-4b04-9863-fb41d2431926,82530,6,3,0.5294061899185181,19.076183137473418,1,2.2542413091741764e-07,19.068029822631814,19.06859316140901,0,3.0,0.0,0.0,0.0,false,false,false,"[1.3941018551122397e-05, 2.2542413091741764e-07, 3.910611781066109e-07, 0.5294061899185181, 2.2134299797471613e-06, 0.47057709097862244]","[19.072169099828148, 19.068029822631814, 19.068178475516362, 19.076183137473418, 19.07043972699625, 19.08630171032868]"
03f3d173-aeb9-459d-8844-15573a4f8f77,3902,6,2,0.5566278100013733,7.63798513772235,4,0.018372152000665665,5.476060289900094,6.881207272865803,0,3.0,0.0,0.0,0.0,false,false,false,"[0.19538749754428864, 0.2286754846572876, 0.5566278100013733, 0.0009000697755254805, 0.018372152000665665, 3.700366141856648e-05]","[8.526286131952299, 6.755170806353079, 7.63798513772235, 7.722975252188601, 5.476060289900094, 6.548576861288309]"
03f3e304-eaf2-497f-a4e5-daa4d9a54c8f,42327,6,3,0.7306151986122131,9.815343019745967,1,2.5698329864098923e-06,9.811902313495713,9.809942243179517,0,3.0,0.0,0.0,0.0,false,false,false,"[3.038251861653407e-06, 2.5698329864098923e-06, 3.7357185078690236e-07, 0.7306151986122131, 0.001020889962092042, 0.26835793256759644]","[9.818785045617085, 9.811902313495713, 9.813502412363954, 9.815343019745967, 9.812462387498822, 9.817666267014832]"
03f494d8-9efa-4116-a701-7ee0f4f27206,25678,6,2,0.49908965826034546,8.908446624144464,0,0.31183290481567383,7.2392892778948585,14.409671171383897,0,3.0,0.0,0.0,0.0,false,false,false,"[0.31183290481567383, 0.17094610631465912, 0.49908965826034546, 0.000268195872195065, 0.017855606973171234, 7.588910193589982e-06]","[7.2392892778948585, 11.265921310385025, 8.908446624144464, 17.05031100233151, 14.14559893777904, 20.04278540058095]"
03f4e972-afbe-4d5b-8c74-2472e7f30029,18897,6,1,0.2600383758544922,6.45245854813372,5,0.0005698344320990145,0.3862011460700629,6.7699867134935845,1,3.0,0.0005698344320990145,0.0014894325855502207,0.0004964775285167402,false,true,false,"[0.13421688973903656, 0.2600383758544922, 0.20753559470176697, 0.1748700737953186, 0.22276921570301056, 0.0005698344320990145]","[9.154476788256314, 6.45245854813372, 7.526715005410951, 4.0111969902884335, 5.461942877609058, 0.3862011460700629]"
03f6587e-bb2d-46e7-aadf-de76aa41c4a5,27202,6,2,0.4965498447418213,11.020634133861874,0,0.21664808690547943,11.015154296882619,11.023359413330004,0,3.0,0.0,0.0,0.0,false,false,false,"[0.21664808690547943, 0.23755937814712524, 0.4965498447418213, 0.000756391673348844, 0.04843984544277191, 4.6432345698121935e-05]","[11.015154296882619, 11.018008549828059, 11.020634133861874, 11.023074836226412, 11.023649942255636, 11.024121837745534]"
03f8ebd3-d8bb-4204-951c-5e016e2f4297,63057,6,4,0.29779183864593506,29.022004187092968,5,0.06927353143692017,29.018194766302233,29.023035155237626,0,3.0,0.0,0.0,0.0,false,false,false,"[0.03612014278769493, 0.2587284445762634, 0.1099463701248169, 0.22813959419727325, 0.29779183864593506, 0.06927353143692017]","[29.026896544014537, 29.023295255083966, 29.024792070212847, 29.01980508533143, 29.022004187092968, 29.018194766302233]"
03fc110f-101f-474b-a399-95d9b4664d7c,21612,6,4,0.4312131702899933,18.513285803811403,0,0.022585175931453705,18.50976160783393,18.509224578140575,0,3.0,0.0,0.0,0.0,false,false,false,"[0.022585175931453705, 0.42467501759529114, 0.11242952942848206, 0.008235893212258816, 0.4312131702899933, 0.0008612102246843278]","[18.50976160783393, 18.512334088516397, 18.510304984823964, 18.513019067736742, 18.513285803811403, 18.51167263066314]"
04005f96-f7e1-4be5-8100-ca5d0c8158cf,166194,6,4,0.3240685760974884,5.161071147568362,5,0.10793443024158478,3.7606934985325227,5.939460355483938,0,3.0,0.0,0.0,0.0,false,false,false,"[0.03429727628827095, 0.17377889156341553, 0.0778869092464447, 0.28203392028808594, 0.3240685760974884, 0.10793443024158478]","[6.381307963893564, 5.542365161595964, 5.930287849683398, 4.725901060876384, 5.161071147568362, 3.7606934985325227]"
04007593-6b60-42ca-8eb2-4de5308f6224,3533,6,1,0.3017348647117615,12.596091045759565,5,0.11396140605211258,5.701534023198116,11.45833463957808,0,3.0,0.0,0.0,0.0,false,false,false,"[0.07049497961997986, 0.3017348647117615, 0.24692700803279877, 0.057215120643377304, 0.20966662466526031, 0.11396140605211258]","[12.969453606419938, 12.596091045759565, 12.802121196760154, 11.488360965352319, 12.215290550597304, 5.701534023198116]"
0401cc93-919d-44a5-bd3b-8e92b46b328b,18305,6,1,0.39366117119789124,12.93020642815241,2,0.29861414432525635,12.929577175401523,12.915697642302515,0,3.0,0.0,0.0,0.0,false,false,false,"[0.015769589692354202, 0.39366117119789124, 0.29861414432525635, 0.08906849473714828, 0.1941603571176529, 0.00872625783085823]","[12.936508730447121, 12.93020642815241, 12.929577175401523, 12.93355850000627, 12.931674839407203, 12.935414689419781]"
0401e4d2-ad48-4b87-bb04-caedbb53986c,29189,6,3,0.2601648271083832,3.1839066919147787,0,0.009340351447463036,3.1157168789002814,3.2208294308742818,0,3.0,0.0,0.0,0.0,false,false,false,"[0.009340351447463036, 0.1182662695646286, 0.11477335542440414, 0.2601648271083832, 0.24768075346946716, 0.24977442622184753]","[3.1157168789002814, 3.172652597901986, 3.1456927150704237, 3.1839066919147787, 3.136245606344467, 3.191615255415287]"
040320ad-b3cc-4cbf-b9b8-e74267c84ec0,51467,6,0,0.345827579498291,27.293042857402675,3,0.02640361897647381,16.841088297274833,25.1089806838785,0,3.0,0.0,0.0,0.0,false,false,false,"[0.345827579498291, 0.21604281663894653, 0.2852388024330139, 0.02640361897647381, 0.12375228106975555, 0.0027349451556801796]","[27.293042857402675, 20.60583744659895, 25.011084718523264, 16.841088297274833, 17.762722176141363, 17.79293681397278]"
04076adc-262b-4f27-ab8f-51ff0ac97a7e,152911,6,4,0.38485977053642273,10.877210458186628,5,0.0003332160704303533,4.021339958602904,15.35374372482948,0,3.0,0.0,0.0,0.0,false,false,false,"[0.012880108319222927, 0.29331105947494507, 0.10481971502304077, 0.2037961632013321, 0.38485977053642273, 0.0003332160704303533]","[19.053417207261276, 14.235577799439994, 17.255793719768565, 8.141170670128547, 10.877210458186628, 4.021339958602904]"
0409d524-492d-4e54-81eb-69d1f564fd8c,906,6,4,0.6218938231468201,3.147520854780873,1,0.001647657947614789,2.7551527219014305,3.205965978003452,1,3.0,0.001647657947614789,0.0004034245637109566,0.00013447485457031887,false,true,false,"[0.02952614054083824, 0.001647657947614789, 0.001089944620616734, 0.22712792456150055, 0.6218938231468201, 0.11871451139450073]","[3.1621550096655433, 2.7551527219014305, 3.1262481223516, 3.1863936883883337, 3.147520854780873, 3.1741643170049025]"
040b4d71-da76-40f6-8c04-69b6de088f5e,39803,6,4,0.5327754020690918,44.03928366016411,0,6.782737909816206e-05,31.506723022002173,45.2222075389219,0,3.0,0.0,0.0,0.0,false,false,false,"[6.782737909816206e-05, 0.00019184696429874748, 4.938711299473653e-06, 0.4622800946235657, 0.5327754020690918, 0.004679866135120392]","[31.506723022002173, 41.57241701624319, 37.573436827576835, 47.54446002407203, 44.03928366016411, 54.556963897384314]"
040d2c8e-a999-4323-8218-9c27d65ac81d,13165,6,3,0.36560848355293274,96.81299329680729,0,0.0016282337019219995,77.57469548621516,92.2514106807914,0,3.0,0.0,0.0,0.0,false,false,false,"[0.0016282337019219995, 0.11017774790525436, 0.019136400893330574, 0.36560848355293274, 0.3603069484233856, 0.14314217865467072]","[77.57469548621516, 90.32764908548583, 84.49844056877538, 96.81299329680729, 94.09746980337864, 98.63350925390193]"
04127f9a-8ef0-425f-9e8f-3d14f014ff29,110277,6,1,0.35548093914985657,34.56418535175489,0,0.03639256954193115,34.55806714496758,34.56460356783337,0,3.0,0.0,0.0,0.0,false,false,false,"[0.03639256954193115, 0.35548093914985657, 0.23771318793296814, 0.0833817720413208, 0.282697856426239, 0.00433368282392621]","[34.55806714496758, 34.56418535175489, 34.561539456239096, 34.56782841060473, 34.56471939661198, 34.56863594019978]"
0417b507-cd8b-4772-9ef4-b81fe8dcade2,95979,6,4,0.3446175158023834,41.72626762968037,0,0.017459778115153313,35.97318950501815,41.728161753862054,0,3.0,0.0,0.0,0.0,false,false,false,"[0.017459778115153313, 0.18509793281555176, 0.04832887277007103, 0.27199527621269226, 0.3446175158023834, 0.13250066339969635]","[35.97318950501815, 41.72616231305393, 39.331454651951944, 41.72686411800911, 41.72626762968037, 41.72734370640428]"
0418997d-1747-42f2-afed-66b6904e02e9,180829,6,0,0.542812168598175,39.58052167175681,0,0.542812168598175,39.58052167175681,41.00587313679743,0,3.0,0.0,0.0,0.0,false,false,false,"[0.542812168598175, 0.08804680407047272, 0.3486305773258209, 0.00376414367929101, 0.016660848632454872, 8.54849859024398e-05]","[39.58052167175681, 42.39601652291701, 40.93161424593306, 48.84066956166758, 44.59590875964716, 52.85542064774791]"
041986e2-4e45-43d7-b11a-53159057bd1d,117108,6,3,0.5307950973510742,16.275673876510616,0,2.4848022803780623e-06,9.855117514146498,16.65737456816023,0,3.0,0.0,0.0,0.0,false,false,false,"[2.4848022803780623e-06, 0.017204100266098976, 0.00016948515258263797, 0.5307950973510742, 0.24235795438289642, 0.20947085320949554]","[9.855117514146498, 13.55581149462229, 10.363156303173053, 16.275673876510616, 14.978898649731569, 16.836424315599015]"
04198bb2-6732-4e9e-b69d-14cb29f251c9,13288,6,5,0.4240766763687134,10.392582521158072,3,0.15546976029872894,10.389468863036404,10.398419373051874,0,3.0,0.0,0.0,0.0,false,false,false,"[0.0020296042785048485, 0.08246694505214691, 0.02499466761946678, 0.15546976029872894, 0.31096237897872925, 0.4240766763687134]","[10.394470023283464, 10.393858013872089, 10.393073903780726, 10.389468863036404, 10.392576326666886, 10.392582521158072]"
041b48a8-77a0-4140-a0a4-4a6faafcaa5c,187084,6,2,0.4660938084125519,29.30595354769597,2,0.4660938084125519,29.30595354769597,29.31432126694039,0,3.0,0.0,0.0,0.0,false,false,false,"[0.42790552973747253, 0.062393445521593094, 0.4660938084125519, 0.029212042689323425, 0.009060037322342396, 0.0053351400420069695]","[29.308821098703483, 29.306704787957425, 29.30595354769597, 29.31212030854702, 29.30920368599995, 29.316215586075046]"
041bb0ad-2153-46f2-8c6e-39c6bb5b48b2,17161,6,1,0.3122257888317108,7.248754361453509,3,0.04414529353380203,2.703043725357894,8.421225616726618,2,3.0,0.11166763305664062,0.016952895166588558,0.005650965055529519,false,true,false,"[0.13594990968704224, 0.3122257888317108, 0.29907292127609253, 0.04414529353380203, 0.1410837322473526, 0.06752233952283859]","[9.556679326023803, 7.248754361453509, 8.109340901797108, 2.703043725357894, 6.052098629687248, 2.9430755319947353]"
041d6736-34a9-4474-a91a-d3ea0f3b9a29,68425,6,4,0.3130252957344055,19.35757494975527,5,0.08695125579833984,16.297502138633348,18.646007972581838,0,3.0,0.0,0.0,0.0,false,false,false,"[0.012846200726926327, 0.24051634967327118, 0.09247712790966034, 0.25418370962142944, 0.3130252957344055, 0.08695125579833984]","[20.044236570000816, 19.83038655027312, 19.968968244805414, 18.14332446549703, 19.35757494975527, 16.297502138633348]"
041e7d63-ea63-4e00-a5a5-ca80f4590bde,11412,6,4,0.35975584387779236,4.197500280013311,4,0.35975584387779236,4.197500280013311,4.1962211963828615,0,3.0,0.0,0.0,0.0,false,false,false,"[0.00010016687883762643, 0.32937613129615784, 0.062041424214839935, 0.21838417649269104, 0.35975584387779236, 0.030342258512973785]","[4.199194578943993, 4.198919938567344, 4.198313458466188, 4.199398338558466, 4.197500280013311, 4.198588990295422]"
04228a63-7b08-470d-b2fb-88ba6cb7d47a,218006,6,2,0.265170693397522,17.9042353603521,5,0.04902751371264458,10.196802622321664,12.134042799693276,0,3.0,0.0,0.0,0.0,false,false,false,"[0.18934366106987, 0.23929359018802643, 0.265170693397522, 0.09170830249786377, 0.16545619070529938, 0.04902751371264458]","[20.305336631402913, 16.029215198809357, 17.9042353603521, 12.642751246126986, 14.308738972798844, 10.196802622321664]"
0424e1ff-4b0a-45ff-9641-a030a37a40b7,14491,6,3,0.40189608931541443,23.470989922406638,0,7.082519732648507e-05,23.457709060773237,23.46062566819983,0,3.0,0.0,0.0,0.0,false,false,false,"[7.082519732648507e-05, 0.06956632435321808, 0.02558167465031147, 0.40189608931541443, 0.15187938511371613, 0.3510057032108307]","[23.457709060773237, 23.467130771365742, 23.462529112249573, 23.470989922406638, 23.46994069299397, 23.475578021196498]"
0425f9d8-9fbe-4f82-868e-287857dcff4a,72083,6,0,0.463339239358902,26.222023322192484,5,0.0005273170536383986,13.575324968366886,15.94275909582199,0,3.0,0.0,0.0,0.0,false,false,false,"[0.463339239358902, 0.13317836821079254, 0.3689071238040924, 0.0005767193506471813, 0.03347118943929672, 0.0005273170536383986]","[26.222023322192484, 26.001024530576956, 26.20546822152005, 17.07254842441279, 25.20176643780674, 13.575324968366886]"
04293a58-5a12-4454-91d3-cc728d55db85,25643,6,2,0.30863139033317566,6.495830344745307,4,0.16082142293453217,6.494268714960936,6.490012309442214,0,3.0,0.0,0.0,0.0,false,false,false,"[0.17019636929035187, 0.16342467069625854, 0.30863139033317566, 0.11652098596096039, 0.16082142293453217, 0.08040511608123779]","[6.494580655212333, 6.494425960381582, 6.495830344745307, 6.49728845470635, 6.494268714960936, 6.497554902605795]"
0432f21b-1d05-476e-af14-fe48315d92ed,21952,6,5,0.3615979552268982,13.993445093710362,1,0.0015856079990044236,10.99245622716862,14.181066980857963,0,3.0,0.0,0.0,0.0,false,false,false,"[0.011515583842992783, 0.0015856079990044236, 0.2929622232913971, 0.11301536113023758, 0.21932336688041687, 0.3615979552268982]","[14.472673675877973, 10.99245622716862, 13.847962295846946, 14.46377480327333, 13.24728578939926, 13.993445093710362]"
0433b812-37b0-401b-b114-5a2400c977b2,30468,6,1,0.5729817748069763,123.96865129791439,5,0.00018182701023761183,123.82485876529003,124.05181560643089,0,3.0,0.0,0.0,0.0,false,false,false,"[0.20925378799438477, 0.5729817748069763, 0.06295356154441833, 0.012946010567247868, 0.14168302714824677, 0.00018182701023761183]","[124.05923982445582, 123.96865129791439, 124.01407644583003, 123.91029455840379, 123.94911219185428, 123.82485876529003]"
043b681e-fcf9-43cc-96c9-77416fe8e948,46261,6,4,0.27599284052848816,17.37410801299847,5,0.08395802229642868,17.133438601215797,17.69772758097775,0,3.0,0.0,0.0,0.0,false,false,false,"[0.03468983992934227, 0.236150860786438, 0.11211016029119492, 0.25709831714630127, 0.27599284052848816, 0.08395802229642868]","[17.80336964363652, 17.447273318688186, 17.570576770139496, 17.303412396165484, 17.37410801299847, 17.133438601215797]"
0441f342-b2ce-4ded-9672-a45173f72a0d,140579,6,1,0.3746165335178375,9.191239767273164,0,0.03834805265069008,8.097407214571874,8.051820080888234,0,3.0,0.0,0.0,0.0,false,false,false,"[0.03834805265069008, 0.3746165335178375, 0.3028216063976288, 0.09047769010066986, 0.18541522324085236, 0.00832096952944994]","[8.097407214571874, 9.191239767273164, 8.753527269453967, 9.867017228400888, 9.635135643529575, 10.408360503873963]"
044cf9e7-b4a2-4e88-b14c-737685e78120,223563,6,3,0.3993408679962158,24.484249181612828,0,4.7859197366051376e-05,12.504461017541969,27.034599362400208,0,3.0,0.0,0.0,0.0,false,false,false,"[4.7859197366051376e-05, 0.14689494669437408, 0.02266499400138855, 0.3993408679962158, 0.32638370990753174, 0.10466760396957397]","[12.504461017541969, 20.01696161963492, 17.71846054654794, 24.484249181612828, 21.96188556683373, 26.818384738515903]"
044e7279-4f38-4b3d-8409-0a7c11a0b88f,169260,6,1,0.31611621379852295,34.679247777567625,5,4.104017534700688e-06,21.999299352499502,39.82427639066071,0,3.0,0.0,0.0,0.0,false,false,false,"[0.19781233370304108, 0.31611621379852295, 0.3122474253177643, 3.994867438450456e-05, 0.1737799048423767, 4.104017534700688e-06]","[37.89688423885349, 34.679247777567625, 36.02621333242, 30.599454138134305, 33.114779934679994, 21.999299352499502]"
0453822e-6641-4919-b303-9f023d9ba14f,135151,6,3,0.37820592522621155,10.979316393116617,4,0.03781234845519066,9.697352586646335,11.254816168796726,0,3.0,0.0,0.0,0.0,false,false,false,"[0.09371677786111832, 0.03429324924945831, 0.23157218098640442, 0.37820592522621155, 0.03781234845519066, 0.22439952194690704]","[11.31565770250118, 10.13339845305789, 10.275927634383097, 10.979316393116617, 9.697352586646335, 10.144605237707898]"
04542005-8f8c-4c29-9bed-a45ccca4dfc9,2948,6,4,0.3409218192100525,5.756324052903844,5,0.00031318460241891444,3.8098357615903224,5.870152690540837,0,3.0,0.0,0.0,0.0,false,false,false,"[0.01650707796216011, 0.2764012813568115, 0.18170669674873352, 0.1841498762369156, 0.3409218192100525, 0.00031318460241891444]","[8.02554237963088, 6.336011314667668, 6.992062346974011, 5.183482677014234, 5.756324052903844, 3.8098357615903224]"
045719b9-ed2c-4859-8c1c-9873481d4c98,168106,6,4,0.2620779275894165,41.40539993277247,0,0.03364505618810654,41.39495023533553,41.39539014805906,0,3.0,0.0,0.0,0.0,false,false,false,"[0.03364505618810654, 0.19535568356513977, 0.09836985170841217, 0.2544251084327698, 0.2620779275894165, 0.15612633526325226]","[41.39495023533553, 41.40444810581377, 41.40418197433787, 41.407968916571846, 41.40539993277247, 41.41053790364689]"
045bfbec-6c4c-4e4e-b474-2e0e33f5c907,59188,6,4,0.4108286201953888,32.46427091480524,0,0.03941833972930908,32.456524674312774,32.475386058506004,0,3.0,0.0,0.0,0.0,false,false,false,"[0.03941833972930908, 0.2956139147281647, 0.06072189286351204, 0.1816163957118988, 0.4108286201953888, 0.011800790205597878]","[32.456524674312774, 32.459902327978774, 32.4590357085066, 32.471093448444066, 32.46427091480524, 32.47502488692795]"
045dc6dc-ca9b-4942-b008-44a90648b84f,34839,6,3,0.5714018940925598,4.619939587392129,5,0.2913186848163605,4.315756031618852,4.890461806234449,0,3.0,0.0,0.0,0.0,false,false,false,"[0.001120228786021471, 0.00840581115335226, 0.0004928895505145192, 0.5714018940925598, 0.1272604912519455, 0.2913186848163605]","[5.926086699547741, 5.212223614882563, 5.412011775138603, 4.619939587392129, 4.917927597152473, 4.315756031618852]"
045f966b-6e83-411e-b7b3-2a8dbdebd427,213196,6,0,0.43146535754203796,42.30084583551879,5,0.0010714322561398149,26.234675870877517,31.347902256518033,0,3.0,0.0,0.0,0.0,false,false,false,"[0.43146535754203796, 0.1474933922290802, 0.3894505500793457, 0.003952674567699432, 0.026566563174128532, 0.0010714322561398149]","[42.30084583551879, 38.27260295061436, 40.32735745431194, 31.609924391669434, 34.91676474685061, 26.234675870877517]"
045f9c81-96b1-4477-a134-32baeed93710,114920,6,2,0.30643320083618164,17.45902639166981,0,0.06788808852434158,17.45856346914344,17.460594723471058,0,3.0,0.0,0.0,0.0,false,false,false,"[0.06788808852434158, 0.06467639654874802, 0.30643320083618164, 0.05002592131495476, 0.27343329787254333, 0.2375430315732956]","[17.45856346914344, 17.46074245352477, 17.45902639166981, 17.460897347918266, 17.460665424625244, 17.4612974688742]"
045fd937-8671-4e40-991c-9b02c19372a2,16381,6,4,0.24493315815925598,24.907503031916455,2,0.10895951092243195,24.903128990807765,24.906579313709628,0,3.0,0.0,0.0,0.0,false,false,false,"[0.02741939201951027, 0.21724846959114075, 0.10895951092243195, 0.16418945789337158, 0.24493315815925598, 0.23725001513957977]","[24.903364738627275, 24.90620565260908, 24.903128990807765, 24.90768986181147, 24.907503031916455, 24.904604426972448]"
0461d152-44bf-4a3b-8609-bfbe01b9af8e,72977,6,3,0.5853482484817505,31.506618119578714,0,2.8150956495665014e-05,13.965433092286148,29.702632420372062,0,3.0,0.0,0.0,0.0,false,false,false,"[2.8150956495665014e-05, 0.008689831010997295, 4.3029020162066445e-05, 0.5853482484817505, 0.40395039319992065, 0.0019403488840907812]","[13.965433092286148, 28.265291629815987, 18.819996135977437, 31.506618119578714, 30.076866862996287, 33.263092933935425]"
04657af7-1b29-4831-ad15-4602bf931ca8,40378,6,1,0.49997830390930176,70.60174524189257,0,0.007185319904237986,59.94622323626908,69.10496774534654,0,3.0,0.0,0.0,0.0,false,false,false,"[0.007185319904237986, 0.49997830390930176, 0.1681165248155594, 0.04081994295120239, 0.27812543511390686, 0.00577450031414628]","[59.94622323626908, 70.60174524189257, 67.10443787416088, 80.14237494081874, 74.86533084246246, 86.20383364339655]"
0467d8fb-9727-4907-bad5-4dedcefb04a7,25989,6,4,0.2705236077308655,20.86817158541427,1,0.2046249955892563,20.86795205271396,20.870872272578794,0,3.0,0.0,0.0,0.0,false,false,false,"[0.04341212287545204, 0.2046249955892563, 0.1314546912908554, 0.2545173466205597, 0.2705236077308655, 0.095467209815979]","[20.87087463108686, 20.86795205271396, 20.869022445540452, 20.868517826772027, 20.86817158541427, 20.8683797402389]"
046c3777-ffa1-4e58-a071-d0e45522b44c,228097,6,0,0.8979781270027161,48.23102218595877,5,0.030507659539580345,24.408367248386902,48.22109761772606,0,3.0,0.0,0.0,0.0,false,false,false,"[0.8979781270027161, 0.002504972741007805, 0.06340612471103668, 0.001148637617006898, 0.004454456735402346, 0.030507659539580345]","[48.23102218595877, 45.77767686928555, 48.22553402988069, 32.640017871314186, 41.81359199860621, 24.408367248386902]"
046fb843-7436-439b-93e0-0278cfab0eb2,158192,6,4,0.279827743768692,4.388378899187161,3,0.11924415826797485,4.3851276409684585,4.386941722390182,0,3.0,0.0,0.0,0.0,false,false,false,"[0.08206930011510849, 0.09219624847173691, 0.23907913267612457, 0.11924415826797485, 0.279827743768692, 0.18758343160152435]","[4.386324700909548, 4.388400705649552, 4.386919908675489, 4.3851276409684585, 4.388378899187161, 4.387337950895531]"
046fba69-fc9c-455a-abef-e9068f43909d,99978,6,1,0.4022829234600067,6.171146070917995,5,0.09582817554473877,3.3393775709402207,3.2551139728856984,0,3.0,0.0,0.0,0.0,false,false,false,"[1.5912970411591232e-05, 0.4022829234600067, 0.0010703911539167166, 0.163859024643898, 0.3369435667991638, 0.09582817554473877]","[11.210436179751929, 6.171146070917995, 10.072230140190056, 3.3610811757901495, 3.563669523564301, 3.3393775709402207]"
047077a9-096f-49c6-a09b-65dd96d1a5c6,26388,6,3,0.5133552551269531,23.711724935964867,4,0.2571724057197571,23.710193282990293,23.704242541649435,0,3.0,0.0,0.0,0.0,false,false,false,"[4.9231900334234524e-08, 0.013594831340014935, 1.2363887435640208e-05, 0.5133552551269531, 0.2571724057197571, 0.21586507558822632]","[23.71450837221295, 23.712573190796327, 23.71367019039263, 23.711724935964867, 23.710193282990293, 23.71243013086115]"
0470b14d-42cd-4679-98f7-747965af66c0,1025,6,2,0.4651128053665161,73.74636925189664,0,0.09610532969236374,71.60836059880619,75.08348924971577,0,3.0,0.0,0.0,0.0,false,false,false,"[0.09610532969236374, 0.34019845724105835, 0.4651128053665161, 0.010312769562005997, 0.0813930556178093, 0.006877534091472626]","[71.60836059880619, 75.22451697518068, 73.74636925189664, 78.37772250162054, 76.80252744347386, 78.38442064246004]"
04760083-b2f0-4519-92d4-b07f31e3c512,45114,6,3,0.3499749004840851,9.792412024272817,5,0.34591490030288696,9.789830505737182,9.779009981910738,0,3.0,0.0,0.0,0.0,false,false,false,"[0.0021895417012274265, 0.14780212938785553, 0.04682502523064613, 0.3499749004840851, 0.1072934940457344, 0.34591490030288696]","[9.803873257243707, 9.79698428274801, 9.800081055521353, 9.792412024272817, 9.79925408596093, 9.789830505737182]"
048218e3-41a1-4342-948a-2b4fa4b98bf4,36062,6,1,0.3697088062763214,12.862894492615197,5,0.014684396795928478,8.310215262768505,13.686816537333693,0,3.0,0.0,0.0,0.0,false,false,false,"[0.05814111977815628, 0.3697088062763214, 0.1931120753288269, 0.0933755412697792, 0.27097803354263306, 0.014684396795928478]","[23.59884443752543, 12.862894492615197, 15.17914630214229, 10.158090990590336, 11.464191674269932, 8.310215262768505]"
0482b702-6553-43bc-895a-76d78a245e85,10511,6,1,0.20685991644859314,37.081575496874756,5,0.11453954875469208,37.07939767537364,37.0843432442159,0,3.0,0.0,0.0,0.0,false,false,false,"[0.15735706686973572, 0.20685991644859314, 0.14769649505615234, 0.1835964173078537, 0.18995055556297302, 0.11453954875469208]","[37.080409293947575, 37.081575496874756, 37.07988410134763, 37.080778289558566, 37.08045389188573, 37.07939767537364]"
04832be8-34e4-4c9b-b3de-98fb665a0d0b,3338,6,1,0.3099011182785034,5.685433950452672,0,0.016627788543701172,5.680124263419947,5.712545192088995,0,3.0,0.0,0.0,0.0,false,false,false,"[0.016627788543701172, 0.3099011182785034, 0.26354724168777466, 0.143959641456604, 0.2563077509403229, 0.009656451642513275]","[5.680124263419947, 5.685433950452672, 5.683321376710585, 5.695031183984664, 5.6906875282216625, 5.696000762712034]"
0484a954-0537-4de1-8243-366914daabfc,55234,6,2,0.38334497809410095,34.64764694314036,0,0.0067625828087329865,34.646957747977424,34.62881458698497,0,3.0,0.0,0.0,0.0,false,false,false,"[0.0067625828087329865, 0.2063291370868683, 0.38334497809410095, 0.19240978360176086, 0.17106033861637115, 0.04009312763810158]","[34.646957747977424, 34.648013031476516, 34.64764694314036, 34.64763105759213, 34.64826610656115, 34.6472491951887]"
04863ae1-01ca-47d0-a6b6-980f74147055,35298,6,3,0.2732018530368805,26.98146376287644,5,0.03467632457613945,19.218660160568035,38.24164453964621,0,3.0,0.0,0.0,0.0,false,false,false,"[0.05192022770643234, 0.25839024782180786, 0.24460619688034058, 0.2732018530368805, 0.13720515370368958, 0.03467632457613945]","[38.262655988803346, 37.47536702463036, 37.903157110371254, 26.98146376287644, 32.705027550891444, 19.218660160568035]"
04892447-9f9c-4d47-9d4f-d4c40c2cfe2f,70692,6,4,0.30756089091300964,8.396402725529065,3,0.17289909720420837,6.853219857279113,8.387357015890439,0,3.0,0.0,0.0,0.0,false,false,false,"[0.1064726710319519, 0.17349743843078613, 0.14278154075145721, 0.17289909720420837, 0.30756089091300964, 0.09678834676742554]","[8.395320225095647, 8.6023541128678, 8.263915885797493, 6.853219857279113, 8.396402725529065, 8.127877331149941]"
04923054-3816-4fe8-81f0-8f0911c73e27,52338,6,3,0.5610561966896057,11.617447451305864,4,0.08593738824129105,8.75730407092784,10.3890568695518,0,3.0,0.0,0.0,0.0,false,false,false,"[0.003700532950460911, 0.003942601848393679, 0.0629909485578537, 0.5610561966896057, 0.08593738824129105, 0.2823723554611206]","[10.329667237545678, 9.143229601833474, 9.792550074601714, 11.617447451305864, 8.75730407092784, 9.946702902849918]"
0493aba2-d61a-440b-b51a-b4236069080f,108577,6,1,0.3324322998523712,5.907424270783834,5,0.012310116551816463,5.87479422842138,5.785809952162444,0,3.0,0.0,0.0,0.0,false,false,false,"[0.09989365190267563, 0.3324322998523712, 0.3107498288154602, 0.08033522963523865, 0.16427887976169586, 0.012310116551816463]","[5.9878759892838085, 5.907424270783834, 5.948000450749924, 5.889564658825288, 5.900786617711087, 5.87479422842138]"
0494d287-7c6a-475c-aea1-594e45e4ac46,104111,6,4,0.34679362177848816,2.829010614678666,4,0.34679362177848816,2.829010614678666,6.496731085950697,3,3.0,0.546128336340189,0.08940170196105231,0.029800567320350774,true,true,false,"[0.0008226825157180429, 0.289210706949234, 0.1638382524251938, 0.17095479369163513, 0.34679362177848816, 0.02837992087006569]","[7.082190940422242, 3.4935926832480533, 5.390026967506815, 2.8450189673273574, 2.829010614678666, 2.872835329962888]"
04952b1e-9c94-47fe-b5f5-6279a62c9a1f,170889,6,1,0.3577560782432556,19.511929150994405,0,0.04339945316314697,15.782580344148055,19.522449992401352,0,3.0,0.0,0.0,0.0,false,false,false,"[0.04339945316314697, 0.3577560782432556, 0.07597152143716812, 0.13882428407669067, 0.2951729893684387, 0.0888756737112999]","[15.782580344148055, 19.511929150994405, 19.50802147309948, 19.51364770199948, 19.512921809623123, 19.512683662406108]"
0499c82d-458b-464d-a603-e355e5da4ec7,22118,6,3,0.31914377212524414,14.047828442533307,2,0.0914771556854248,14.040534560862188,14.060416045516162,0,3.0,0.0,0.0,0.0,false,false,false,"[0.025949345901608467, 0.15044082701206207, 0.0914771556854248, 0.31914377212524414, 0.2614572048187256, 0.15153171122074127]","[14.042819782106605, 14.045084642032881, 14.040534560862188, 14.047828442533307, 14.043990851253449, 14.054400521181172]"
049b91df-a0c0-4ab9-8f6a-a7f7a64dba62,59632,6,2,0.3131332993507385,7.858127248471387,3,0.03498233109712601,7.85631002495777,7.857382064745035,0,3.0,0.0,0.0,0.0,false,false,false,"[0.2547152042388916, 0.25900042057037354, 0.3131332993507385, 0.03498233109712601, 0.1379181295633316, 0.0002505976299289614]","[7.856485844442962, 7.859123726500532, 7.858127248471387, 7.85631002495777, 7.856670077222289, 7.858478855287129]"
049d6799-e01b-40d9-92a5-0d7f3b6c542b,12223,6,1,0.4419493079185486,7.920664139853118,3,0.045455895364284515,7.820106541744429,5.275592442775739,0,3.0,0.0,0.0,0.0,false,false,false,"[0.012984633445739746, 0.4419493079185486, 0.24887724220752716, 0.045455895364284515, 0.24441976845264435, 0.006313099060207605]","[8.88115889457561, 7.920664139853118, 8.618652399076185, 7.820106541744429, 8.045958013044283, 9.55558932299032]"
049ee267-2c2f-4390-9d32-b653b5cf270f,11768,6,4,0.2753461003303528,13.302253837122514,3,0.26466280221939087,13.302037970931819,13.291975464031553,0,3.0,0.0,0.0,0.0,false,false,false,"[0.019618893042206764, 0.25526759028434753, 0.10103151947259903, 0.26466280221939087, 0.2753461003303528, 0.08407310396432877]","[13.305443214753513, 13.302589737762961, 13.305262863970073, 13.302037970931819, 13.302253837122514, 13.304477656955754]"
04a49c79-972d-4d77-84ed-dbf71dd8050a,67133,6,3,0.4095693528652191,44.87094154242431,5,0.10847772657871246,44.8581878414673,44.87086774879222,0,3.0,0.0,0.0,0.0,false,false,false,"[0.00032162031857296824, 0.11966145038604736, 0.008762763813138008, 0.4095693528652191, 0.3532070517539978, 0.10847772657871246]","[44.880264133520356, 44.87463117424011, 44.871618037839966, 44.87094154242431, 44.87378253188461, 44.8581878414673]"
04a5afea-8019-4716-b51f-e8a0eec4631f,5238,6,4,0.21971113979816437,17.74463750703037,5,0.14129915833473206,13.305786741478597,19.978920133207954,0,3.0,0.0,0.0,0.0,false,false,false,"[0.05089807137846947, 0.21255508065223694, 0.17657476663589478, 0.19896171987056732, 0.21971113979816437, 0.14129915833473206]","[21.88583487843867, 19.152053410669136, 20.54527257320265, 15.84666883981091, 17.74463750703037, 13.305786741478597]"
04ad21d7-32bc-42e2-aec6-2d01edbd4838,167515,6,2,0.352726012468338,3.193744827479076,1,0.28700390458106995,3.1595897661935353,3.4068663175147185,0,3.0,0.0,0.0,0.0,false,false,false,"[0.2688137888908386, 0.28700390458106995, 0.352726012468338, 0.0006437124102376401, 0.09081210941076279, 4.7090870225474646e-07]","[3.2229311022448552, 3.1595897661935353, 3.193744827479076, 4.810583861778395, 3.676319508561808, 4.819280436620403]"
04adeecb-79e9-4687-a4fa-a2cfa3ba9055,6951,6,2,0.4549383521080017,4.618388072421335,3,0.03369445726275444,4.450430740983247,4.921785123038524,0,3.0,0.0,0.0,0.0,false,false,false,"[0.34185582399368286, 0.09606821835041046, 0.4549383521080017, 0.03369445726275444, 0.061232686042785645, 0.012210449203848839]","[4.506814119279977, 4.499188699475382, 4.618388072421335, 4.450430740983247, 4.500835056443506, 4.5385552876340824]"
04ae045a-1d40-4f8c-93f1-fb3e36d3b7e6,22214,6,4,0.4172269403934479,11.351003830171678,3,0.2964491844177246,11.350390127101717,11.355652358542692,0,3.0,0.0,0.0,0.0,false,false,false,"[0.013299108482897282, 0.11068765074014664, 0.029010633006691933, 0.2964491844177246, 0.4172269403934479, 0.1333264708518982]","[11.353568281874844, 11.350761046770039, 11.35259207321424, 11.350390127101717, 11.351003830171678, 11.352465625812545]"
04b093db-80ce-4881-8fce-4895fb65dc49,35411,6,2,0.37673261761665344,3.477195871480173,4,0.10908970981836319,3.4645150817332797,4.41513297619319,0,3.0,0.0,0.0,0.0,false,false,false,"[0.19445489346981049, 0.27352145314216614, 0.37673261761665344, 0.011992397718131542, 0.10908970981836319, 0.03420890122652054]","[3.9157954016439716, 3.478973262317283, 3.477195871480173, 3.498138801526565, 3.4645150817332797, 3.7684429040419762]"
04b12dab-9486-44b2-8adc-6474b565f42f,28275,6,2,0.4206501543521881,26.782691242703972,0,0.23378914594650269,26.764393453830618,26.718609415766416,0,3.0,0.0,0.0,0.0,false,false,false,"[0.23378914594650269, 0.2864452004432678, 0.4206501543521881, 0.008086713962256908, 0.050601404160261154, 0.00042735060560517013]","[26.764393453830618, 26.791262802726905, 26.782691242703972, 26.802182385429266, 26.798259906459478, 26.8074269066512]"
04b1ce97-eb8a-45ae-a7b0-41f5a7585e23,54354,6,3,0.3877534568309784,25.62438071944748,0,0.0007982613751664758,18.59124515485053,22.57134069165262,0,3.0,0.0,0.0,0.0,false,false,false,"[0.0007982613751664758, 0.06131255626678467, 0.012760931625962257, 0.3877534568309784, 0.19604890048503876, 0.3413258492946625]","[18.59124515485053, 22.69141768694744, 21.019000557660334, 25.62438071944748, 24.143781235911927, 27.30034600923556]"
04b233a3-1124-4b3a-a618-b63008872885,102942,6,3,0.38885676860809326,14.745205282767596,5,0.28658878803253174,13.243834744740818,13.948461682967542,0,3.0,0.0,0.0,0.0,false,false,false,"[0.00022822883329354227, 0.04347384348511696, 0.0009577805176377296, 0.38885676860809326, 0.2798946499824524, 0.28658878803253174]","[36.7567795724897, 20.725451470557935, 25.634933191532877, 14.745205282767596, 16.813195783636207, 13.243834744740818]"
04b33d11-6991-43f4-ab94-237bc69c84b8,57366,6,2,0.36568376421928406,17.977736589336182,5,0.04817798733711243,13.283556211632272,17.95606213766736,0,3.0,0.0,0.0,0.0,false,false,false,"[0.07828200608491898, 0.2448442429304123, 0.36568376421928406, 0.09946732223033905, 0.1635446548461914, 0.04817798733711243]","[17.978742702330628, 17.97640705137276, 17.977736589336182, 15.29366486586188, 16.768390464572832, 13.283556211632272]"
04b6c66c-6a10-4895-9973-0b98f9e43290,75609,6,0,0.6577561497688293,13.812203706313321,0,0.6577561497688293,13.812203706313321,12.492542083484036,0,3.0,0.0,0.0,0.0,false,false,false,"[0.6577561497688293, 0.06610862910747528, 0.2752310335636139, 2.872115328500513e-05, 0.0008422630489803851, 3.3168307709274814e-05]","[13.812203706313321, 18.21044241069805, 16.003651217252823, 23.68713081192941, 20.57038364188022, 26.224650909340934]"
04b8bf6d-7847-4846-a230-a62fd57dc3e7,90055,6,2,0.414964884519577,12.591314220601028,0,0.1582924872636795,12.590054663256527,12.592624968143111,0,3.0,0.0,0.0,0.0,false,false,false,"[0.1582924872636795, 0.06935876607894897, 0.414964884519577, 0.08617756515741348, 0.11708478629589081, 0.15412147343158722]","[12.590054663256527, 12.592595926100863, 12.591314220601028, 12.593838287298091, 12.592129246972414, 12.5932058615191]"
04ba916b-af9a-4a5e-b2a9-2d08377e1ec9,4907,6,3,0.6195100545883179,11.934312327425907,0,1.2613716080522863e-06,10.39099832882325,11.832085376009934,0,3.0,0.0,0.0,0.0,false,false,false,"[1.2613716080522863e-06, 0.015172121115028858, 0.0020089801400899887, 0.6195100545883179, 0.2634740173816681, 0.09983359277248383]","[10.39099832882325, 11.33703604803506, 10.962645875423465, 11.934312327425907, 11.706449976005779, 12.385103765833781]"
04bd90b0-7719-4c3a-924d-c9f2b15103ff,104820,6,3,0.26493796706199646,24.698689866998386,5,0.1809486597776413,22.66886379224163,16.53154951411959,0,3.0,0.0,0.0,0.0,false,false,false,"[0.03251052275300026, 0.18053394556045532, 0.10780437290668488, 0.26493796706199646, 0.2332645058631897, 0.1809486597776413]","[25.98032884068285, 25.979032279465937, 25.982138626664078, 24.698689866998386, 25.978435018638223, 22.66886379224163]"
04bfeb19-ffc1-41ce-bc75-1b300264661b,32893,6,4,0.3549139201641083,10.567623568941139,0,0.00433084461838007,10.565662023597348,10.572471978869123,0,3.0,0.0,0.0,0.0,false,false,false,"[0.00433084461838007, 0.32728204131126404, 0.10222010314464569, 0.17770227789878845, 0.3549139201641083, 0.033550746738910675]","[10.565662023597348, 10.565662023597348, 10.566139804491566, 10.56811143298403, 10.567623568941139, 10.573975891774133]"
04c5c41c-a64c-4a07-a8f3-7139cfcf510c,34698,6,1,0.6305933594703674,13.603220762410428,0,0.003192744217813015,7.760319530382644,14.511877826624845,0,3.0,0.0,0.0,0.0,false,false,false,"[0.003192744217813015, 0.6305933594703674, 0.10598164796829224, 0.14672738313674927, 0.07618360221385956, 0.03732124716043472]","[7.760319530382644, 13.603220762410428, 11.078018491956659, 16.31215695499124, 16.494461670772473, 17.71624080276062]"
04c97cb8-7e55-4a33-ab3a-b05597d94405,15802,6,2,0.7038083672523499,6.845790516381227,0,0.27564501762390137,6.840364916971082,6.816438085979017,0,3.0,0.0,0.0,0.0,false,false,false,"[0.27564501762390137, 0.016762202605605125, 0.7038083672523499, 0.0015884110471233726, 0.0014307273086160421, 0.0007652954082004726]","[6.840364916971082, 6.847549531285128, 6.845790516381227, 6.845003793302218, 6.847144704851429, 6.847067066706766]"
04d21248-5ed5-49f3-bec3-fbf1c830e327,114276,6,0,0.3698599636554718,15.584158669211938,4,0.08524133265018463,1.801337567867298,7.591523782123146,3,3.0,0.11282992642372847,0.13453678833436156,0.04484559611145385,false,true,false,"[0.3698599636554718, 0.22512643039226532, 0.2921837270259857, 0.02248501591384411, 0.08524133265018463, 0.005103577859699726]","[15.584158669211938, 4.983701494508061, 9.521019785966159, 1.8269788662359419, 1.801337567867298, 1.8271352909171785]"
04d2f54b-f914-4a55-afb3-6d030c9daffc,187246,6,4,0.351253867149353,10.555654079133612,0,0.004610142204910517,8.564111223866945,10.556042791018932,0,3.0,0.0,0.0,0.0,false,false,false,"[0.004610142204910517, 0.24370811879634857, 0.20159056782722473, 0.170514315366745, 0.351253867149353, 0.02832295559346676]","[8.564111223866945, 10.555654079133612, 10.514690261265878, 10.55584842557233, 10.555654079133612, 10.555341348789065]"
04de68ee-b28b-4cff-bd79-4809acea144a,213933,6,1,0.25498372316360474,5.659809637678546,5,0.04345312342047691,5.279341269534718,4.064190006859151,0,3.0,0.0,0.0,0.0,false,false,false,"[0.0716952383518219, 0.25498372316360474, 0.2041853964328766, 0.18946973979473114, 0.236212819814682, 0.04345312342047691]","[7.9852435988864565, 5.659809637678546, 6.334997180254639, 5.355172404375432, 5.374765802703885, 5.279341269534718]"
04e1749e-5d62-4a4d-ba66-f2a77a24c613,52179,6,4,0.3293667137622833,21.450715883408755,5,0.07028265297412872,19.27959597029702,19.904022966547192,0,3.0,0.0,0.0,0.0,false,false,false,"[0.0006724189152009785, 0.24855947494506836, 0.10609642416238785, 0.24502228200435638, 0.3293667137622833, 0.07028265297412872]","[22.498804150697456, 22.174588195359515, 22.451989688721067, 20.492084027347968, 21.450715883408755, 19.27959597029702]"
04e4a6ff-6e53-4f00-aebc-aedb7cf467ac,19646,6,3,0.49058154225349426,2.970968089844581,5,0.1451689749956131,2.9677288385729303,2.9025022070693134,6,3.0,1.000000019063009,0.027152984841032606,0.009050994947010869,true,true,true,"[0.00015541465836577117, 0.08167769014835358, 0.0017527875024825335, 0.49058154225349426, 0.2806636095046997, 0.1451689749956131]","[2.997118281095233, 2.982382478723901, 2.9912575165228956, 2.970968089844581, 2.975875161917229, 2.9677288385729303]"
04e4ff3d-71f8-4fbf-b5ac-85520278970a,32764,6,1,0.2778785526752472,19.13685126182341,5,0.0218166783452034,18.44644374046441,19.307407366723073,0,3.0,0.0,0.0,0.0,false,false,false,"[0.11164723336696625, 0.2778785526752472, 0.2496187835931778, 0.15736767649650574, 0.18167108297348022, 0.0218166783452034]","[19.469428823671077, 19.13685126182341, 19.26821872054235, 18.867273719094015, 18.999585084792383, 18.44644374046441]"
04e7e3ac-16b0-4e27-80ce-0f43dd5cefe2,26522,6,3,0.35954779386520386,39.803087094883324,0,0.0002802637463901192,39.79605305754852,39.8068825375754,0,3.0,0.0,0.0,0.0,false,false,false,"[0.0002802637463901192, 0.09938742220401764, 0.006666142027825117, 0.35954779386520386, 0.2557162046432495, 0.278402179479599]","[39.79605305754852, 39.8014719134986, 39.80047462413406, 39.803087094883324, 39.801983806066694, 39.80411089328844]"
04e8e751-f9c7-4058-80d5-e1f050485b1e,48030,6,3,0.32901501655578613,8.902070551083266,1,0.1826266050338745,8.897750727724414,8.931585662192719,0,3.0,0.0,0.0,0.0,false,false,false,"[0.010103432461619377, 0.1826266050338745, 0.07240643352270126, 0.32901501655578613, 0.3182215094566345, 0.08762695640325546]","[8.902640402006895, 8.897750727724414, 8.900041564775034, 8.902070551083266, 8.902085038177823, 8.907310103683626]"
04e9c1ca-7560-476e-9d1c-8f5255a06a8b,264083,6,4,0.2694624364376068,17.302785247889855,5,0.1389988213777542,16.845666696702573,17.299362922043226,0,3.0,0.0,0.0,0.0,false,false,false,"[0.012011096812784672, 0.21514983475208282, 0.09916350245475769, 0.26521438360214233, 0.2694624364376068, 0.1389988213777542]","[17.303329200910706, 17.303784226723536, 17.305238235355336, 17.300332260593244, 17.302785247889855, 16.845666696702573]"
04ef09c0-54bc-4d64-aff5-f2ef142b67f1,148018,6,2,0.310082346200943,6.9649367379738125,3,0.15864349901676178,6.922707872464108,6.9738341998060625,0,3.0,0.0,0.0,0.0,false,false,false,"[0.1270437091588974, 0.17809078097343445, 0.310082346200943, 0.15864349901676178, 0.15513767302036285, 0.07100197672843933]","[6.9791559480233705, 7.00900684526995, 6.9649367379738125, 6.922707872464108, 6.99062165383654, 6.957016536305122]"
04f0a78b-fe7d-425f-9ccd-a476900d201f,22318,6,4,0.2636125385761261,33.11628057862825,5,0.06453526020050049,27.88727944982358,30.291014495520976,0,3.0,0.0,0.0,0.0,false,false,false,"[0.04075467959046364, 0.24679580330848694, 0.1665623039007187, 0.21773946285247803, 0.2636125385761261, 0.06453526020050049]","[41.065535493391316, 35.39333086006435, 38.01069650950364, 30.837576716025698, 33.11628057862825, 27.88727944982358]"
04f37236-9236-4b40-ae3f-79b5ec2ee6a2,9129,6,4,0.3891356587409973,157.64756354928085,0,0.0336042158305645,142.06110816173893,145.67198117420156,0,3.0,0.0,0.0,0.0,false,false,false,"[0.0336042158305645, 0.3524567782878876, 0.11909611523151398, 0.09018635004758835, 0.3891356587409973, 0.015520844608545303]","[142.06110816173893, 152.57228815640713, 147.68952145224222, 163.94419969113332, 157.64756354928085, 171.06465339699008]"
04f5057b-695b-4c61-a721-b42c7d44d23b,43741,6,4,0.3227689266204834,10.790396564948253,5,0.06316103786230087,7.175367989850429,10.78510505378735,0,3.0,0.0,0.0,0.0,false,false,false,"[0.05123040825128555, 0.2109842449426651, 0.09626556932926178, 0.2555898427963257, 0.3227689266204834, 0.06316103786230087]","[10.785492704789842, 10.793595476436638, 10.784113349828074, 9.394544400150926, 10.790396564948253, 7.175367989850429]"
04f5e07c-edfc-4d3f-a4f3-68d7bb571f85,601,6,4,0.3717389702796936,13.363356477714689,5,0.031583286821842194,10.27390925843599,12.336029373706209,0,3.0,0.0,0.0,0.0,false,false,false,"[0.0013985924888402224, 0.28557100892066956, 0.1410047858953476, 0.1687033623456955, 0.3717389702796936, 0.031583286821842194]","[13.514248139474413, 13.515743632154265, 13.516196453824879, 11.971556371851428, 13.363356477714689, 10.27390925843599]"
04fabaa0-0235-453e-b8e7-be677cf4997b,149772,6,0,0.646142840385437,40.50052956192633,0,0.646142840385437,40.50052956192633,40.51809494418047,0,3.0,0.0,0.0,0.0,false,false,false,"[0.646142840385437, 0.04545769840478897, 0.29909393191337585, 0.002133552683517337, 0.006613824050873518, 0.0005581799778155982]","[40.50052956192633, 40.52797159385387, 40.527231901094915, 40.52933013331536, 40.52669089084469, 40.52611887815836]"
04fdd3d3-3df9-4c9a-a3d2-7c5008c8430f,115179,6,2,0.2504630982875824,20.5427394461723,5,0.004657748620957136,5.5600136815132615,15.276673838968666,0,3.0,0.0,0.0,0.0,false,false,false,"[0.24312041699886322, 0.1627509593963623, 0.2504630982875824, 0.09702593833208084, 0.24198178946971893, 0.004657748620957136]","[30.832338899715673, 14.726333940184343, 20.5427394461723, 8.702939471556476, 11.445029779268806, 5.5600136815132615]"
050085ee-771c-418c-8530-7dd36704ae1c,10153,6,3,0.45001059770584106,37.41577755483465,0,8.823626274079288e-09,37.40562294153196,37.41187074331733,0,3.0,0.0,0.0,0.0,false,false,false,"[8.823626274079288e-09, 0.01813780702650547, 1.8725136214925442e-06, 0.45001059770584106, 0.20189806818962097, 0.32995161414146423]","[37.40562294153196, 37.41343256463285, 37.41085678568736, 37.41577755483465, 37.41423898095896, 37.41444854075167]"
05013c02-9ed7-4b78-b703-ad56c51de61a,124535,6,2,0.4678381681442261,6.34217980876117,0,0.2597859799861908,6.310270387808159,6.352747287020533,0,3.0,0.0,0.0,0.0,false,false,false,"[0.2597859799861908, 0.1491553783416748, 0.4678381681442261, 0.01368624810129404, 0.047650352120399475, 0.06188385933637619]","[6.310270387808159, 6.363379714794122, 6.34217980876117, 6.3829843411606895, 6.375279383053762, 6.404804829669554]"
050319e5-06a6-486e-8129-dcb9f79859be,43145,6,3,0.44136908650398254,95.88447427005066,5,0.21891631186008453,92.21711727572651,91.39780927892646,0,3.0,0.0,0.0,0.0,false,false,false,"[0.00606868602335453, 0.05662976950407028, 0.015915509313344955, 0.44136908650398254, 0.261100709438324, 0.21891631186008453]","[109.10757557039187, 100.76119921750528, 103.11242373104469, 95.88447427005066, 98.28843399167093, 92.21711727572651]"
05033799-7b85-468d-a4a0-24b087648130,96597,6,4,0.386726975440979,29.789669436112625,5,0.0010038483887910843,18.259898365801945,29.86495575485803,0,3.0,0.0,0.0,0.0,false,false,false,"[0.015522086061537266, 0.3579403758049011, 0.2372351735830307, 0.001571456901729107, 0.386726975440979, 0.0010038483887910843]","[30.479770947449342, 30.02570999780628, 30.07251250790404, 20.79350682389587, 29.789669436112625, 18.259898365801945]"
05038ece-1935-49e5-8a02-0e10dffd4931,21322,6,1,0.6306777596473694,24.624216550383327,5,0.00036115694092586637,11.928963388932852,24.916254655028307,0,3.0,0.0,0.0,0.0,false,false,false,"[1.2693534699792508e-05, 0.6306777596473694, 0.0850331038236618, 0.006480643060058355, 0.2774345874786377, 0.00036115694092586637]","[26.90075949736775, 24.624216550383327, 26.71067998828365, 16.559612534398266, 20.728081761097535, 11.928963388932852]"
050647f1-7c6b-4cba-8285-f6d0ba54abc4,41828,6,4,0.27551230788230896,6.546835145851772,5,0.03631893917918205,5.403182361481973,6.782588356425402,0,3.0,0.0,0.0,0.0,false,false,false,"[0.09138986468315125, 0.24304446578025818, 0.16317473351955414, 0.1905597746372223, 0.27551230788230896, 0.03631893917918205]","[9.209648310654401, 7.228109927106051, 8.091181439551685, 5.889815591101448, 6.546835145851772, 5.403182361481973]"
050867a9-8342-4833-8c30-a48d833512ba,661,6,0,0.5108448266983032,18.163924187574565,0,0.5108448266983032,18.163924187574565,23.35168987148819,0,3.0,0.0,0.0,0.0,false,false,false,"[0.5108448266983032, 0.0856119841337204, 0.39910027384757996, 5.3510244470089674e-05, 0.004381598439067602, 7.844733772799373e-06]","[18.163924187574565, 26.459758726657732, 22.938631494974832, 36.78724175802279, 30.79373254425161, 40.97817236298973]"
050c02cf-de95-4075-b14f-ce794a0f2aa2,198933,6,0,0.5573165416717529,5.672565617826986,0,0.5573165416717529,5.672565617826986,11.726169066370188,0,3.0,0.0,0.0,0.0,false,false,false,"[0.5573165416717529, 0.0906827375292778, 0.24315287172794342, 0.03333272784948349, 0.055408377200365067, 0.020106760784983635]","[5.672565617826986, 9.398449493457628, 7.7816633398125585, 11.62198175259207, 10.969723834853578, 11.650560110798677]"
050c5cf4-1ac8-4bcc-b0e4-10f33041a287,36414,6,1,0.36797407269477844,27.753183411293083,0,0.09310483187437057,27.675170086753234,27.77285570294464,0,3.0,0.0,0.0,0.0,false,false,false,"[0.09310483187437057, 0.36797407269477844, 0.2475900650024414, 0.10293693840503693, 0.17339815199375153, 0.01499590091407299]","[27.675170086753234, 27.753183411293083, 27.75871468459392, 27.754624830939317, 27.760396674985767, 27.760806145300638]"
0517f53f-def0-487e-a8f0-9a35a3bc72b5,13224,6,4,0.4331541061401367,33.64756684927034,0,0.003049449762329459,33.63860066480596,33.646550775636705,0,3.0,0.0,0.0,0.0,false,false,false,"[0.003049449762329459, 0.372996985912323, 0.05109062045812607, 0.13562917709350586, 0.4331541061401367, 0.004079631995409727]","[33.63860066480596, 33.6423487891068, 33.64227090327113, 33.65366147085555, 33.64756684927034, 33.660212446252515]"
051ce6d7-91d4-4812-a4c2-7b27a8558df3,10905,6,3,0.4304364025592804,3.86809380440299,3,0.4304364025592804,3.86809380440299,3.861100187698795,0,3.0,0.0,0.0,0.0,false,false,false,"[0.0024551358073949814, 0.03976760059595108, 0.012272532097995281, 0.4304364025592804, 0.15181075036525726, 0.36325761675834656]","[3.888205501729891, 3.8802900199057704, 3.8904271381882496, 3.86809380440299, 3.8738559314544907, 3.885770229594095]"
051d5cad-a738-4656-9b54-8bd87d312a0b,128672,6,0,0.6517149806022644,54.18906604299176,5,0.0006507079233415425,25.69978546935704,47.81516892866706,0,3.0,0.0,0.0,0.0,false,false,false,"[0.6517149806022644, 0.05232388153672218, 0.23799604177474976, 0.010000389069318771, 0.04731398820877075, 0.0006507079233415425]","[54.18906604299176, 44.397956753814285, 49.35681184580801, 33.073235262543754, 38.861831234819945, 25.69978546935704]"
05214d2e-78f8-4415-8e1b-12d12aa9cff8,36959,6,1,0.5458223819732666,33.54119372938381,1,0.5458223819732666,33.54119372938381,33.53739935833046,0,3.0,0.0,0.0,0.0,false,false,false,"[0.041512712836265564, 0.5458223819732666, 0.33377817273139954, 0.0028785003814846277, 0.07586019486188889, 0.00014798213669564575]","[33.5435539613586, 33.54119372938381, 33.54177074396481, 33.54443007779156, 33.54503427567176, 33.545552744256774]"
05232a32-b689-4d23-b31a-f29e41183cbb,86664,6,1,0.3656313419342041,36.86145709966264,4,0.23587748408317566,36.859496966617435,36.858951195855234,0,3.0,0.0,0.0,0.0,false,false,false,"[0.04200441390275955, 0.3656313419342041, 0.3279125690460205, 0.02836335450410843, 0.23587748408317566, 0.00021087040659040213]","[36.86363968912907, 36.86145709966264, 36.860229308450776, 36.86267766916166, 36.859496966617435, 36.86404184759542]"
0526691b-3d9e-4a75-a8fc-88fc5acdb794,62742,6,4,0.3623047173023224,13.093983070010808,3,0.1174241229891777,13.092023496673885,13.097895603285359,0,3.0,0.0,0.0,0.0,false,false,false,"[0.022999616339802742, 0.3314100503921509, 0.12475147098302841, 0.1174241229891777, 0.3623047173023224, 0.04111003875732422]","[13.094979533459522, 13.094477951918169, 13.093986390740842, 13.092023496673885, 13.093983070010808, 13.092498530576638]"
052ceffc-02b5-43a4-a1c0-c0acc9205a7a,150123,6,3,0.35654720664024353,37.889018734578634,0,0.003007593797519803,32.28732913552094,38.9091539065221,0,3.0,0.0,0.0,0.0,false,false,false,"[0.003007593797519803, 0.1542881727218628, 0.017144862562417984, 0.35654720664024353, 0.3044739067554474, 0.16453824937343597]","[32.28732913552094, 37.22033545258486, 36.90356140049892, 37.889018734578634, 37.88066100471562, 38.583466321923346]"
052d58dc-0e06-4067-a8c4-51591de3c943,26447,6,5,0.42151498794555664,66.87215069913147,4,0.1795823574066162,66.87129857524221,66.87223637654941,0,3.0,0.0,0.0,0.0,false,false,false,"[0.002712835790589452, 0.10315227508544922, 0.03716904670000076, 0.25586843490600586, 0.1795823574066162, 0.42151498794555664]","[66.87435746329899, 66.87260224553758, 66.8713240642627, 66.87172463676147, 66.87129857524221, 66.87215069913147]"
052f75e7-667f-41e1-8a5a-7bb61e7fda7d,176284,6,1,0.4352041184902191,3.09597386882017,2,0.2390335500240326,3.0956677485950697,3.0896919036246717,0,3.0,0.0,0.0,0.0,false,false,false,"[0.07426785677671432, 0.4352041184902191, 0.2390335500240326, 0.0519491508603096, 0.19346685707569122, 0.006078468635678291]","[3.09787859199906, 3.09597386882017, 3.0956677485950697, 3.0973791176455188, 3.0957383993166805, 3.0992958155727304]"
0531a0b8-6660-4796-a7df-0faaa45106fa,71384,6,5,0.2592526972293854,17.39652344273255,5,0.2592526972293854,17.39652344273255,19.359866827997386,0,3.0,0.0,0.0,0.0,false,false,false,"[0.12160086631774902, 0.15367735922336578, 0.07419724017381668, 0.1786862164735794, 0.2125856578350067, 0.2592526972293854]","[19.370119527668063, 19.36425980709273, 19.3671897220341, 19.36328347248236, 19.36279519128841, 17.39652344273255]"
05340841-b54a-4f51-8f5c-cbfe98fca3cb,56219,6,1,0.2881019115447998,37.382255572285636,0,0.025477293878793716,36.78715135903845,37.07946548804753,0,3.0,0.0,0.0,0.0,false,false,false,"[0.025477293878793716, 0.2881019115447998, 0.19992579519748688, 0.21596792340278625, 0.22974126040935516, 0.04078584909439087]","[36.78715135903845, 37.382255572285636, 37.93294506919756, 38.03014163250416, 38.99411770892551, 39.25100072427851]"
0537fb18-f22f-490c-aa9f-05bd219a7379,126734,6,1,0.3660426437854767,27.621720638290512,5,0.06024206429719925,23.10149425719692,22.815726368209603,0,3.0,0.0,0.0,0.0,false,false,false,"[0.002809913596138358, 0.3660426437854767, 0.19185899198055267, 0.17144015431404114, 0.2076062709093094, 0.06024206429719925]","[30.832104020592862, 27.621720638290512, 28.90010853143957, 24.362935181044122, 26.291622275306437, 23.10149425719692]"
053b09d0-1322-4d1e-acc2-852f5146bbb3,105569,6,0,0.6960879564285278,3.8190023285807992,5,2.2096016039085953e-07,3.8185449423418563,3.8119195277335196,0,3.0,0.0,0.0,0.0,false,false,false,"[0.6960879564285278, 2.946776156420583e-08, 0.30391165614128113, 1.1351720985430802e-07, 4.242887996497302e-08, 2.2096016039085953e-07]","[3.8190023285807992, 3.8194078493773422, 3.8190023285807992, 3.8189763890166084, 3.8190023285807992, 3.8185449423418563]"
053b1526-516f-401b-b21a-8b25ab8627b3,16213,6,1,0.41028761863708496,31.19443288452893,0,0.0005697385058738291,23.71869790603788,30.964512908395886,0,3.0,0.0,0.0,0.0,false,false,false,"[0.0005697385058738291, 0.41028761863708496, 0.2959222197532654, 0.08203142881393433, 0.20944443345069885, 0.001744530745781958]","[23.71869790603788, 31.19443288452893, 29.062783789567003, 34.293305335091524, 32.77598570465646, 35.72723866132179]"
053c3bcc-4786-4058-b1e3-465be3de0ab7,127157,6,1,0.2443101555109024,10.161368713729347,2,0.18661078810691833,10.160892894585153,10.16487072228867,0,3.0,0.0,0.0,0.0,false,false,false,"[0.07437311857938766, 0.2443101555109024, 0.18661078810691833, 0.20488056540489197, 0.19541823863983154, 0.0944070965051651]","[10.1638852428081, 10.161368713729347, 10.160892894585153, 10.16212454107723, 10.16105693534923, 10.161803737122804]"
0540abc4-2a79-45e4-ad5a-9c37528bd650,34236,6,3,0.42809683084487915,6.278697590407034,3,0.42809683084487915,6.278697590407034,5.998934318865601,0,3.0,0.0,0.0,0.0,false,false,false,"[0.1286444216966629, 0.007237332873046398, 0.05796119570732117, 0.42809683084487915, 0.03721807152032852, 0.3408421277999878]","[7.468446048848765, 7.642623614012215, 7.128449708583415, 6.278697590407034, 7.275758954715658, 6.715142318427516]"
0542ac7f-bab1-4627-b488-36ab08fe73c3,49309,6,2,0.3745391368865967,10.17826900734762,3,0.06566484272480011,10.172615236087848,10.17978814817278,0,3.0,0.0,0.0,0.0,false,false,false,"[0.038566987961530685, 0.33499762415885925, 0.3745391368865967, 0.06566484272480011, 0.15612803399562836, 0.030103402212262154]","[10.175600380163702, 10.177296785345899, 10.17826900734762, 10.172615236087848, 10.175215249271407, 10.17339103540365]"
0543fa2d-e8d3-408f-898a-98237353ebc5,93570,6,4,0.4111725687980652,26.49383000867731,3,0.014526925049722195,26.485714459376076,26.498341458979567,0,3.0,0.0,0.0,0.0,false,false,false,"[0.11692878603935242, 0.31343692541122437, 0.1413743793964386, 0.014526925049722195, 0.4111725687980652, 0.0025603577960282564]","[26.499239736348677, 26.504062435671035, 26.502544012179793, 26.485714459376076, 26.49383000867731, 26.501279193890344]"
05449af9-36ac-4a8e-9722-80a5b15aa6f7,37006,6,0,0.9790257811546326,15.347411660808394,2,0.008762892335653305,10.766046632751344,18.331688486532734,0,3.0,0.0,0.0,0.0,false,false,false,"[0.9790257811546326, 0.002755260793492198, 0.008762892335653305, 0.004337474703788757, 0.003190402640029788, 0.001928329118527472]","[15.347411660808394, 14.233073607413832, 10.766046632751344, 18.472822670157704, 18.472522565309948, 18.47392605768967]"
054a41cd-46ae-48e8-bb3f-3ac2eb951d66,63204,6,3,0.2745073139667511,2.692596969416798,3,0.2745073139667511,2.692596969416798,2.870666306005592,5,3.0,0.9885613992810249,0.21350013583331628,0.07116671194443874,true,true,true,"[0.011438603512942791, 0.16982987523078918, 0.09611650556325912, 0.2745073139667511, 0.25970733165740967, 0.18840037286281586]","[3.442479116837732, 2.792069948066886, 2.940649707864705, 2.692596969416798, 2.8303623938629965, 2.7662300374775546]"
054a75aa-f6cb-4d09-99c0-ee6c350f9a25,96662,6,3,0.30156850814819336,18.661534659949748,0,2.7837484594783746e-05,18.65603385173882,17.924287222945235,0,3.0,0.0,0.0,0.0,false,false,false,"[2.7837484594783746e-05, 0.15383696556091309, 0.10043065249919891, 0.30156850814819336, 0.28220513463020325, 0.1619308888912201]","[18.65603385173882, 18.65861638235531, 18.657503754054932, 18.661534659949748, 18.658530297211595, 18.66141632446031]"
054bf510-134b-4640-8a3a-856762ab8eeb,78125,6,4,0.6984342932701111,6.5727295501379,1,0.25733786821365356,4.834613819563798,7.164219570882021,0,3.0,0.0,0.0,0.0,false,false,false,"[0.0014722731430083513, 0.25733786821365356, 0.03686125949025154, 0.005890988744795322, 0.6984342932701111, 3.379254849278368e-06]","[6.951387361928244, 4.834613819563798, 6.5174201306588735, 6.34183712010468, 6.5727295501379, 7.404319581583375]"
054e4640-acdf-4a45-ba3c-16c0d5cbaa1f,121268,6,4,0.41900426149368286,9.36921436682582,5,0.06559034436941147,4.516781105828885,15.880676023522721,0,3.0,0.0,0.0,0.0,false,false,false,"[0.0009871360380202532, 0.23925335705280304, 0.049257613718509674, 0.2259073555469513, 0.41900426149368286, 0.06559034436941147]","[17.671708699228294, 13.1386251161318, 16.1925693435018, 6.183497860105376, 9.36921436682582, 4.516781105828885]"
0553b9d1-e849-40e2-804a-af3dbe5e1d22,1954,6,2,0.34812435507774353,28.73155690614906,4,0.17114251852035522,28.72988043830423,28.739559454710385,0,3.0,0.0,0.0,0.0,false,false,false,"[0.12776026129722595, 0.2980569303035736, 0.34812435507774353, 0.05481632426381111, 0.17114251852035522, 9.961015166481957e-05]","[28.73134853901291, 28.731413140455096, 28.73155690614906, 28.731934738878753, 28.72988043830423, 28.73137287348458]"
055502f2-a874-416e-b1f1-a7c2d8cb86a0,45898,6,3,0.7237039804458618,11.40211500700953,0,3.2153679967450444e-06,11.395809087547345,11.399663826519886,0,3.0,0.0,0.0,0.0,false,false,false,"[3.2153679967450444e-06, 0.0008180179866030812, 2.619061433506431e-06, 0.7237039804458618, 0.12929558753967285, 0.14617659151554108]","[11.395809087547345, 11.401017668960058, 11.399082398293581, 11.40211500700953, 11.400178856032213, 11.407488664232282]"
05569dbf-547c-4d33-bc15-3e3f56dcaf60,26065,6,3,0.502994179725647,48.59753816870982,0,0.032286643981933594,35.17191747512862,36.85169330498499,0,3.0,0.0,0.0,0.0,false,false,false,"[0.032286643981933594, 0.014390820637345314, 0.048365093767642975, 0.502994179725647, 0.12433752417564392, 0.2776257395744324]","[35.17191747512862, 43.84643865105439, 38.48474134858589, 48.59753816870982, 47.606928433565585, 48.59876721905022]"
055711bd-7a01-465b-8a22-1de3687f9f12,61293,6,4,0.3125024437904358,21.853755478101398,5,0.06204463168978691,20.681648948236177,21.854731652151205,0,3.0,0.0,0.0,0.0,false,false,false,"[0.005717369262129068, 0.2824946641921997, 0.09723018109798431, 0.24001069366931915, 0.3125024437904358, 0.06204463168978691]","[21.854311473161832, 21.85521362946679, 21.856162423451185, 21.85278337768845, 21.853755478101398, 20.681648948236177]"
055a053f-766f-4c0d-8c0c-d8a781d6cd4b,16596,6,3,0.37120646238327026,13.786119060451401,4,0.21422086656093597,12.738769059841198,12.651818402634913,0,3.0,0.0,0.0,0.0,false,false,false,"[0.01076515018939972, 0.13004142045974731, 0.06485825777053833, 0.37120646238327026, 0.21422086656093597, 0.20890779793262482]","[13.74574686779694, 13.628133772685606, 12.969396417088234, 13.786119060451401, 12.738769059841198, 13.339040106474968]"
055e1805-296e-40cf-aa1a-87337b119e55,182170,6,3,0.3731703758239746,29.018160148004075,0,0.13640357553958893,28.806351589105788,29.0546834711809,0,3.0,0.0,0.0,0.0,false,false,false,"[0.13640357553958893, 0.07500630617141724, 0.08243053406476974, 0.3731703758239746, 0.09283806383609772, 0.24015116691589355]","[28.806351589105788, 28.94916941581036, 28.881507699154067, 29.018160148004075, 28.984404989121646, 29.042541455163605]"
055ec09f-356f-47c9-afe6-295a38a47ff5,69560,6,4,0.28561773896217346,15.77914559442542,0,0.10651981830596924,15.016628081531556,15.755724973378435,0,3.0,0.0,0.0,0.0,false,false,false,"[0.10651981830596924, 0.17146702110767365, 0.22295890748500824, 0.04722120612859726, 0.28561773896217346, 0.16621538996696472]","[15.016628081531556, 15.587081404944977, 15.29230639520229, 15.106325443874093, 15.77914559442542, 16.837652532843116]"
055ff4aa-1fef-460d-9467-952c8899ab33,3732,6,2,0.4635539650917053,34.51940671228786,3,0.0005791971343569458,34.51662552261114,34.51880467251192,0,3.0,0.0,0.0,0.0,false,false,false,"[0.408865749835968, 0.11225765943527222, 0.4635539650917053, 0.0005791971343569458, 0.01473214291036129, 1.1251326213823631e-05]","[34.51787917141258, 34.51849432987541, 34.51940671228786, 34.51662552261114, 34.521170871989135, 34.52196116516118]"
056327df-9012-4124-87b2-9c3fd36987cc,58125,6,4,0.3737710118293762,29.39871418944638,0,0.021415812894701958,28.67828065585322,29.094488510486002,0,3.0,0.0,0.0,0.0,false,false,false,"[0.021415812894701958, 0.2484516054391861, 0.0801781415939331, 0.18688133358955383, 0.3737710118293762, 0.08930207788944244]","[28.67828065585322, 29.234977907603362, 28.99589236535255, 29.58260577117572, 29.39871418944638, 29.668326590051894]"
0563b463-5ecc-448f-968a-c5f4c7be4a4f,43282,6,4,0.45481643080711365,20.780253221512854,5,0.039760690182447433,11.706020928955791,21.81624278226722,0,3.0,0.0,0.0,0.0,false,false,false,"[0.001306714490056038, 0.28933846950531006, 0.0620233528316021, 0.15275432169437408, 0.45481643080711365, 0.039760690182447433]","[23.785627851918303, 23.782246953491597, 23.781396176143343, 17.17677036028807, 20.780253221512854, 11.706020928955791]"
0563dead-5e96-4d59-852a-4a9efaa76123,44385,6,4,0.35225334763526917,16.532057232248427,0,0.000445410143584013,12.513169303698625,16.974213340633057,0,3.0,0.0,0.0,0.0,false,false,false,"[0.000445410143584013, 0.2527276575565338, 0.024757176637649536, 0.2768385410308838, 0.35225334763526917, 0.09297790378332138]","[12.513169303698625, 15.127432022739482, 13.887299773646713, 18.19129399745614, 16.532057232248427, 21.515923502838373]"
05649cd9-316a-4f0c-a7c9-c2bbb0873cc3,150356,6,4,0.2805551588535309,12.466964491061466,0,0.05510757490992546,12.463017592017268,12.463816364617799,0,3.0,0.0,0.0,0.0,false,false,false,"[0.05510757490992546, 0.19287532567977905, 0.1230352371931076, 0.20980696380138397, 0.2805551588535309, 0.13861969113349915]","[12.463017592017268, 12.46655636805982, 12.466282287237602, 12.465332033640816, 12.466964491061466, 12.46423593950151]"
0564de5b-5103-4ff9-b030-4324ecf3d372,91561,6,4,0.3043971061706543,10.780989505550943,0,0.0062459055334329605,10.774272411241295,10.779751259526325,0,3.0,0.0,0.0,0.0,false,false,false,"[0.0062459055334329605, 0.12057912349700928, 0.025832293555140495, 0.2654174864292145, 0.3043971061706543, 0.27752813696861267]","[10.774272411241295, 10.780745701812728, 10.7779742253863, 10.782182896375966, 10.780989505550943, 10.77970004688533]"
056c987c-b3e4-4efb-84cc-12e0fb5c6b8d,39995,6,0,0.6331668496131897,9.774435149456004,0,0.6331668496131897,9.774435149456004,9.62469501755293,0,3.0,0.0,0.0,0.0,false,false,false,"[0.6331668496131897, 0.007702365983277559, 0.35911938548088074, 1.6420558495156001e-06, 8.673354386701249e-06, 1.0890818202824448e-06]","[9.774435149456004, 10.863047597622655, 10.8023659728303, 10.863665450845449, 10.855616516008059, 10.858487462062126]"
0572aa8a-b9b4-4e50-b6e8-875a6f7c03d0,7476,6,1,0.4730032682418823,5.1955644023029395,0,0.013545290566980839,5.190189533383737,5.190159318903348,0,3.0,0.0,0.0,0.0,false,false,false,"[0.013545290566980839, 0.4730032682418823, 0.08945934474468231, 0.11995673179626465, 0.2565902769565582, 0.04744512215256691]","[5.190189533383737, 5.1955644023029395, 5.192872179243784, 5.202044609044106, 5.197165937750704, 5.207093794079336]"
0574580f-6dbc-48c2-9bd6-a5b5559e70a3,68990,6,1,0.3286330997943878,18.784444532482343,2,0.08000972867012024,18.7648369206426,18.83318669704234,0,3.0,0.0,0.0,0.0,false,false,false,"[6.176725582918152e-05, 0.3286330997943878, 0.08000972867012024, 0.2204495668411255, 0.2935638129711151, 0.07728197425603867]","[21.473286578572612, 18.784444532482343, 18.7648369206426, 18.808843714126557, 18.80377989831775, 18.822927502452067]"
05791ba5-0393-483e-a945-150c2e7aa1ed,151435,6,2,0.43665221333503723,16.34955679215495,0,0.25655168294906616,14.4368845285424,16.654162868847756,0,3.0,0.0,0.0,0.0,false,false,false,"[0.25655168294906616, 0.30667543411254883, 0.43665221333503723, 3.8800073525635526e-05, 1.2978783161088359e-05, 6.890781514812261e-05]","[14.4368845285424, 18.15929078788446, 16.34955679215495, 26.62569936345341, 23.562257844609604, 26.62850344469218]"
0579b963-1e7b-42f8-b8bd-e2377ad20028,30795,6,5,0.35888731479644775,13.784210821232108,0,0.2828247547149658,10.98762844952351,11.401914216668192,0,3.0,0.0,0.0,0.0,false,false,false,"[0.2828247547149658, 0.028094617649912834, 0.26173317432403564, 0.04665331169962883, 0.021806804463267326, 0.35888731479644775]","[10.98762844952351, 11.247987228052585, 11.090199162833528, 12.763296645704456, 11.808666283286605, 13.784210821232108]"
057adf67-91c2-43de-a2fd-6279244018fc,198950,6,4,0.2922903597354889,22.58575577136637,5,0.0803629457950592,19.422341190383783,22.688301101509854,0,3.0,0.0,0.0,0.0,false,false,false,"[0.034750841557979584, 0.2790992558002472, 0.08979929238557816, 0.22369734942913055, 0.2922903597354889, 0.0803629457950592]","[30.669220602315004, 23.90126138416287, 25.69828063306736, 21.244054286830796, 22.58575577136637, 19.422341190383783]"
057ef557-55c0-44b0-9897-800e84c4edd6,37575,6,2,0.4309738576412201,28.32865003492727,0,0.1005164384841919,25.732557024085096,27.146873950530082,0,3.0,0.0,0.0,0.0,false,false,false,"[0.1005164384841919, 0.2196301817893982, 0.4309738576412201, 0.07281223684549332, 0.09831471741199493, 0.07775261253118515]","[25.732557024085096, 32.28306750713847, 28.32865003492727, 39.0648712964332, 36.27137862899736, 42.13563118193553]"
05800648-93a6-406a-b1ca-7581b9b13b34,22559,6,4,0.3104020655155182,13.001850478092548,5,0.0002943755825981498,8.306510841735847,13.032773577616126,0,3.0,0.0,0.0,0.0,false,false,false,"[0.039217494428157806, 0.1371883600950241, 0.20383796095848083, 0.3090597093105316, 0.3104020655155182, 0.0002943755825981498]","[15.921423273022722, 13.777836948079933, 14.498797822446841, 11.754417012360877, 13.001850478092548, 8.306510841735847]"
05867415-6588-4a6a-8ed1-4329e8908059,25998,6,1,0.3739626109600067,4.068449521355128,4,0.1936211735010147,4.067493993899934,4.083089408326355,0,3.0,0.0,0.0,0.0,false,false,false,"[0.11244677007198334, 0.3739626109600067, 0.30912601947784424, 0.010841816663742065, 0.1936211735010147, 1.6167180092452327e-06]","[4.070518133003847, 4.068449521355128, 4.071277783810125, 4.067849006194788, 4.067493993899934, 4.079005815918213]"
0586fc9e-edd4-438d-9695-57fa7807701b,17982,6,2,0.46470344066619873,32.365652270764606,0,0.44760662317276,32.35808637522364,32.357104681436745,0,3.0,0.0,0.0,0.0,false,false,false,"[0.44760662317276, 0.08609776198863983, 0.46470344066619873, 5.4021993491915055e-06, 0.0015711766900494695, 1.5638523109373637e-05]","[32.35808637522364, 32.36735416244453, 32.365652270764606, 32.36809737198203, 32.36644299210475, 32.36914742397844]"
0587f00a-570e-4031-92ac-64a8d145212e,83513,6,2,0.3216075003147125,36.75232809260365,5,0.004773888271301985,36.74743500990103,36.763001694899124,0,3.0,0.0,0.0,0.0,false,false,false,"[0.11208914965391159, 0.31027138233184814, 0.3216075003147125, 0.07142511755228043, 0.17983296513557434, 0.004773888271301985]","[36.75623838923634, 36.75135785468313, 36.75232809260365, 36.75037713408776, 36.7503708549848, 36.74743500990103]"
058ccb3f-762b-48ed-9173-44e1908be94a,103647,6,4,0.4677923023700714,10.461202492039137,3,0.08403205126523972,7.676326239265825,11.13824789657383,0,3.0,0.0,0.0,0.0,false,false,false,"[0.006066379137337208, 0.36413875222206116, 0.07780466228723526, 0.08403205126523972, 0.4677923023700714, 0.0001659008557908237]","[20.073202260009467, 12.18236602375225, 15.078258086917986, 7.676326239265825, 10.461202492039137, 26.33531145502017]"
058e1923-47d3-4ce6-ab81-1fa24912971e,51544,6,4,0.3128912150859833,28.937815943602274,5,0.020192982628941536,25.334135754156485,24.698116786850257,0,3.0,0.0,0.0,0.0,false,false,false,"[0.031602486968040466, 0.2862996459007263, 0.1284331977367401, 0.22058042883872986, 0.3128912150859833, 0.020192982628941536]","[36.51955737467032, 30.705324177754733, 32.88765738420126, 27.234522617720405, 28.937815943602274, 25.334135754156485]"
058e3179-8177-4393-a652-ca91d3f159f8,51054,6,4,0.40589505434036255,5.9034776930895685,4,0.40589505434036255,5.9034776930895685,5.7082189205997675,0,3.0,0.0,0.0,0.0,false,false,false,"[0.04197215288877487, 0.26853495836257935, 0.05132349580526352, 0.18412098288536072, 0.40589505434036255, 0.048153284937143326]","[9.258207235403896, 5.956359595284191, 6.617001833289815, 5.94167524827412, 5.9034776930895685, 5.919209703633824]"
058ff7f5-7ccb-4ca6-b406-e2e6a3e14ad0,8457,6,1,0.36344414949417114,12.49293593970184,0,0.04909388720989227,12.486511740042287,12.497031620255186,0,3.0,0.0,0.0,0.0,false,false,false,"[0.04909388720989227, 0.36344414949417114, 0.21573539078235626, 0.10841715335845947, 0.2581147849559784, 0.0051946258172392845]","[12.486511740042287, 12.49293593970184, 12.48926157335724, 12.49332083653891, 12.493018919627122, 12.49231883693288]"
