scenario_id,target_actor_id,top1_probability,top1_mode,top1_min_distance,worst_case_min_distance,ground_truth_min_distance,multimodal_gap,prediction_gt_gap,top1_near_miss,multimodal_worst_case_near_miss,ground_truth_near_miss,top1_collision,multimodal_worst_case_collision,ground_truth_collision,artifact_path
02ea59b1-3aac-46cf-b3f7-0358aa842499,161081,0.3409978747367859,5,0.17683085623675635,0.17683085623675635,5.190488064241172,0.0,-5.013657208004416,True,True,False,True,True,False,results/qcnet_server_500/artifacts/02ea59b1-3aac-46cf-b3f7-0358aa842499.npz
022c5148-8d15-4429-b649-6e7dc3354dc8,48263,0.33046868443489075,1,1.961726712091453,0.2571923010072083,6.475963360693914,1.7045344110842446,-6.218771059686706,True,True,False,False,True,False,results/qcnet_server_500/artifacts/022c5148-8d15-4429-b649-6e7dc3354dc8.npz
032618a4-3f4b-456a-b575-17297fcc1ceb,30189,0.371775358915329,1,5.5032561008210905,0.2724839614382911,5.3229722084188476,5.2307721393827995,-5.0504882469805565,False,True,False,False,True,False,results/qcnet_server_500/artifacts/032618a4-3f4b-456a-b575-17297fcc1ceb.npz
03ea387c-b884-43e0-a6b4-071120cd08a2,57341,0.28468263149261475,4,6.717026955664675,0.2921155075894572,8.600663215471515,6.424911448075218,-8.308547707882058,False,True,False,False,True,False,results/qcnet_server_500/artifacts/03ea387c-b884-43e0-a6b4-071120cd08a2.npz
03f4e972-afbe-4d5b-8c74-2472e7f30029,18897,0.26003849506378174,1,6.45245854813372,0.3862011460700629,6.7699867134935845,6.066257402063657,-6.383785567423522,False,True,False,False,True,False,results/qcnet_server_500/artifacts/03f4e972-afbe-4d5b-8c74-2472e7f30029.npz
001749f1-bc1c-47fb-a13f-9ab1f2c050a8,7361,0.2648899257183075,1,3.3171304893715607,0.4480973718285185,3.40640844842747,2.8690331175430424,-2.9583110765989518,False,True,False,False,True,False,results/qcnet_server_500/artifacts/001749f1-bc1c-47fb-a13f-9ab1f2c050a8.npz
00f4189b-4296-4f07-a2b5-787c0db651ff,104998,0.32028982043266296,3,6.477689031909114,0.6453233417773275,7.196128509010138,5.832365690131787,-6.55080516723281,False,True,False,False,True,False,results/qcnet_server_500/artifacts/00f4189b-4296-4f07-a2b5-787c0db651ff.npz
0058ed53-93bf-42a7-9bba-6df3f6ce20f5,101932,0.29448485374450684,1,8.172944143023669,0.6458897924868424,9.283274718718223,7.527054350536826,-8.63738492623138,False,True,False,False,True,False,results/qcnet_server_500/artifacts/0058ed53-93bf-42a7-9bba-6df3f6ce20f5.npz
0181eaca-74f6-4478-865f-df2d20802041,60325,0.48019537329673767,2,0.6833686239930007,0.6833686239930007,14.568678449784795,0.0,-13.885309825791794,True,True,False,True,True,False,results/qcnet_server_500/artifacts/0181eaca-74f6-4478-865f-df2d20802041.npz
0299fdda-3967-47f6-9cfa-0a57869df3ff,157925,0.5293586254119873,2,4.1163356882654325,0.6915906901570137,6.846741183986631,3.4247449981084186,-6.155150493829617,False,True,False,False,True,False,results/qcnet_server_500/artifacts/0299fdda-3967-47f6-9cfa-0a57869df3ff.npz
0284deea-c47e-47c6-b949-13efe955b070,12061,0.3748815655708313,1,5.931802203573815,1.1510991949601779,5.936017700806525,4.780703008613637,-4.784918505846347,False,True,False,False,False,False,results/qcnet_server_500/artifacts/0284deea-c47e-47c6-b949-13efe955b070.npz
03b2fd2c-10a5-4e5d-a5a3-d2a941113b7e,83630,0.30303651094436646,4,1.6207044018979213,1.6207044018979213,2.7047277561059,0.0,-1.084023354207979,True,True,True,False,False,False,results/qcnet_server_500/artifacts/03b2fd2c-10a5-4e5d-a5a3-d2a941113b7e.npz
04d21248-5ed5-49f3-bec3-fbf1c830e327,114276,0.36986052989959717,0,15.584158669211938,1.801337567867298,7.591523782123146,13.78282110134464,-5.790186214255848,False,True,False,False,False,False,results/qcnet_server_500/artifacts/04d21248-5ed5-49f3-bec3-fbf1c830e327.npz
02ad9a10-525b-4c1b-bc2e-1c0762af13a8,91550,0.3599679470062256,2,3.3441417823310937,2.0353163291957217,3.1499198359599663,1.308825453135372,-1.1146035067642446,False,True,False,False,False,False,results/qcnet_server_500/artifacts/02ad9a10-525b-4c1b-bc2e-1c0762af13a8.npz
00351569-255c-433e-b97b-e2a844d1b6e0,114092,0.3062557280063629,3,2.5966607566909525,2.044681911179561,2.1616658873276005,0.5519788455113916,-0.11698397614803957,True,True,True,False,False,False,results/qcnet_server_500/artifacts/00351569-255c-433e-b97b-e2a844d1b6e0.npz
016b7b76-b5d0-4891-8205-3942113b05aa,224032,0.4991244077682495,1,7.380022104929304,2.099125381397909,2.5159013608213985,5.280896723531395,-0.4167759794234893,False,True,True,False,False,False,results/qcnet_server_500/artifacts/016b7b76-b5d0-4891-8205-3942113b05aa.npz
02c16161-8786-4047-ba2e-a62e0faa419d,122687,0.23563574254512787,4,7.3458842280971,2.1066551300746994,11.909215365902257,5.239229098022401,-9.802560235827558,False,True,False,False,False,False,results/qcnet_server_500/artifacts/02c16161-8786-4047-ba2e-a62e0faa419d.npz
03b843b0-4ff4-4ddd-9b5c-c2190a09a607,115384,0.3903394639492035,2,8.795915390799621,2.459503880223641,3.143898328767879,6.33641151057598,-0.6843944485442379,False,True,False,False,False,False,results/qcnet_server_500/artifacts/03b843b0-4ff4-4ddd-9b5c-c2190a09a607.npz
03b8e752-e33e-46a0-a2c4-98e2ffe60edd,21662,0.3848833441734314,2,2.610690783249098,2.535411819079616,3.0405508568539004,0.07527896416948199,-0.5051390377742844,True,True,False,False,False,False,results/qcnet_server_500/artifacts/03b8e752-e33e-46a0-a2c4-98e2ffe60edd.npz
01d69373-46c8-46bf-a500-aa7833faf886,21836,0.29529741406440735,4,2.695992115971388,2.5466604786027087,12.561340565578467,0.14933163736867927,-10.014680086975758,True,True,False,False,False,False,results/qcnet_server_500/artifacts/01d69373-46c8-46bf-a500-aa7833faf886.npz
013563bf-4b77-464d-8930-612b2d58816c,33202,0.7071893811225891,0,2.6359819486567,2.6359819486567,3.3514317090531165,0.0,-0.7154497603964165,True,True,False,False,False,False,results/qcnet_server_500/artifacts/013563bf-4b77-464d-8930-612b2d58816c.npz
031d46d5-aff7-4789-b998-a35511f89389,81658,0.8249019980430603,0,7.899940976100825,2.6914588358355216,7.213824975249262,5.208482140265303,-4.52236613941374,False,True,False,False,False,False,results/qcnet_server_500/artifacts/031d46d5-aff7-4789-b998-a35511f89389.npz
054a41cd-46ae-48e8-bb3f-3ac2eb951d66,63204,0.27449923753738403,3,2.692596969416798,2.692596969416798,2.870666306005592,0.0,-0.17806933658879398,True,True,True,False,False,False,results/qcnet_server_500/artifacts/054a41cd-46ae-48e8-bb3f-3ac2eb951d66.npz
041bb0ad-2153-46f2-8c6e-39c6bb5b48b2,17161,0.31222668290138245,1,7.248754361453509,2.703043725357894,8.421225616726618,4.545710636095615,-5.718181891368724,False,True,False,False,False,False,results/qcnet_server_500/artifacts/041bb0ad-2153-46f2-8c6e-39c6bb5b48b2.npz
01ca1736-ec51-41aa-8c73-3338c574a83a,12200,0.370761901140213,3,2.7282151191231265,2.725497669771173,2.769993952554555,0.002717449351953505,-0.044496282783382135,True,True,True,False,False,False,results/qcnet_server_500/artifacts/01ca1736-ec51-41aa-8c73-3338c574a83a.npz
01097a43-cccc-4ea1-97f7-c24bd10a8234,123913,0.31058499217033386,2,2.808570458497308,2.7276347874589546,3.2701430232627957,0.08093567103835353,-0.5425082358038411,True,True,False,False,False,False,results/qcnet_server_500/artifacts/01097a43-cccc-4ea1-97f7-c24bd10a8234.npz
0409d524-492d-4e54-81eb-69d1f564fd8c,906,0.6218922734260559,4,3.147520854780873,2.7551527219014305,3.205965978003452,0.3923681328794424,-0.4508132561020215,False,True,False,False,False,False,results/qcnet_server_500/artifacts/0409d524-492d-4e54-81eb-69d1f564fd8c.npz
024057e0-ceb2-4469-a7ee-ebb8c2571290,158479,0.4608471393585205,2,3.1078674177121437,2.769502050631898,3.3446679960817542,0.3383653670802458,-0.5751659454498563,False,True,False,False,False,False,results/qcnet_server_500/artifacts/024057e0-ceb2-4469-a7ee-ebb8c2571290.npz
0494d287-7c6a-475c-aea1-594e45e4ac46,104111,0.34679457545280457,4,2.829010614678666,2.829010614678666,6.496731085950697,0.0,-3.667720471272031,True,True,False,False,False,False,results/qcnet_server_500/artifacts/0494d287-7c6a-475c-aea1-594e45e4ac46.npz
00e2cd17-25bc-42f2-8f33-17ae24d17a5f,66170,0.30188319087028503,1,3.037804988180369,2.8678147282154764,2.9413048978773646,0.1699902599648926,-0.07349016966188815,False,True,True,False,False,False,results/qcnet_server_500/artifacts/00e2cd17-25bc-42f2-8f33-17ae24d17a5f.npz
04e4a6ff-6e53-4f00-aebc-aedb7cf467ac,19646,0.4905824065208435,3,2.970968089844581,2.9677288385729303,2.9025022070693134,0.0032392512716508115,0.06522663150361696,True,True,True,False,False,False,results/qcnet_server_500/artifacts/04e4a6ff-6e53-4f00-aebc-aedb7cf467ac.npz
005f3e26-75cb-43a5-b61a-89343d490fdf,110833,0.22460556030273438,4,3.0355593500800175,3.0032057038279225,3.6055977293028985,0.032353646252095025,-0.602392025474976,False,False,False,False,False,False,results/qcnet_server_500/artifacts/005f3e26-75cb-43a5-b61a-89343d490fdf.npz
02491617-bad6-4ad0-aead-e8cabc6bb48c,23199,0.6893350481987,3,3.211976542529146,3.0906778104227217,3.1110492157806253,0.12129873210642428,-0.020371405357903605,False,False,False,False,False,False,results/qcnet_server_500/artifacts/02491617-bad6-4ad0-aead-e8cabc6bb48c.npz
014fd1db-07e6-4975-95f8-d295e675f230,76842,0.5123310685157776,5,3.093689109342706,3.093689109342706,12.868003662411269,0.0,-9.774314553068564,False,False,False,False,False,False,results/qcnet_server_500/artifacts/014fd1db-07e6-4975-95f8-d295e675f230.npz
052f75e7-667f-41e1-8a5a-7bb61e7fda7d,176284,0.4352039396762848,1,3.09597386882017,3.0956677485950697,3.0896919036246717,0.00030612022510023706,0.005975844970397937,False,False,False,False,False,False,results/qcnet_server_500/artifacts/052f75e7-667f-41e1-8a5a-7bb61e7fda7d.npz
0401e4d2-ad48-4b87-bb04-caedbb53986c,29189,0.260164350271225,3,3.1839066919147787,3.1157168789002814,3.2208294308742818,0.06818981301449734,-0.10511255197400038,False,False,False,False,False,False,results/qcnet_server_500/artifacts/0401e4d2-ad48-4b87-bb04-caedbb53986c.npz
0091bad9-e7b2-4c07-aa12-6b5fd03c63d2,68319,0.9121435880661011,4,3.1812300901654145,3.136017652476171,3.2283208610386613,0.04521243768924332,-0.09230320856249019,False,False,False,False,False,False,results/qcnet_server_500/artifacts/0091bad9-e7b2-4c07-aa12-6b5fd03c63d2.npz
02e4437b-309e-452f-90c8-bb8bc7cd0bee,104777,0.887671709060669,0,3.136296957689966,3.136296957689966,3.8474829000547865,0.0,-0.7111859423648204,False,False,False,False,False,False,results/qcnet_server_500/artifacts/02e4437b-309e-452f-90c8-bb8bc7cd0bee.npz
027ef393-57cd-48e8-a2bb-39e78b9c6fb4,152299,0.5031346678733826,0,3.1685772110404726,3.1423344053816895,3.261142515917542,0.02624280565878312,-0.1188081105358525,False,False,False,False,False,False,results/qcnet_server_500/artifacts/027ef393-57cd-48e8-a2bb-39e78b9c6fb4.npz
02b79459-8195-4715-8541-3657915e6245,52991,0.4693596661090851,4,17.844299003987317,3.144168347096561,24.436665536884814,14.700130656890757,-21.292497189788254,False,False,False,False,False,False,results/qcnet_server_500/artifacts/02b79459-8195-4715-8541-3657915e6245.npz
04ad21d7-32bc-42e2-aec6-2d01edbd4838,167515,0.3527260422706604,2,3.193744827479076,3.1595897661935353,3.4068663175147185,0.0341550612855408,-0.2472765513211832,False,False,False,False,False,False,results/qcnet_server_500/artifacts/04ad21d7-32bc-42e2-aec6-2d01edbd4838.npz
034c467f-edb4-43c6-a41c-5489edf90ace,12396,0.43876326084136963,3,3.206959162801084,3.206959162801084,4.4330525288086156,0.0,-1.2260933660075315,False,False,False,False,False,False,results/qcnet_server_500/artifacts/034c467f-edb4-43c6-a41c-5489edf90ace.npz
01883b10-f2de-4514-906d-47a65fec45d3,143362,0.31317874789237976,3,4.573270429959394,3.216359501921245,4.8034393926321055,1.356910928038149,-1.5870798907108603,False,False,False,False,False,False,results/qcnet_server_500/artifacts/01883b10-f2de-4514-906d-47a65fec45d3.npz
02fa3af3-1e85-4037-abd1-cd30bfb0b86f,60184,0.31368470191955566,4,3.2999534155707613,3.2339849190746652,2.8285569024521493,0.06596849649609604,0.40542801662251593,False,False,True,False,False,False,results/qcnet_server_500/artifacts/02fa3af3-1e85-4037-abd1-cd30bfb0b86f.npz
0124a476-262a-4afc-b7b5-3f4d41b413a8,144334,0.39381206035614014,4,3.8938547539741384,3.2426987578122697,3.538238067262369,0.6511559961618687,-0.2955393094500991,False,False,False,False,False,False,results/qcnet_server_500/artifacts/0124a476-262a-4afc-b7b5-3f4d41b413a8.npz
00170a57-eb8a-4947-8b7d-7b12af7af2db,157474,0.5317721366882324,1,3.4270362425625023,3.2614177633511874,3.362151129964027,0.1656184792113149,-0.1007333666128396,False,False,False,False,False,False,results/qcnet_server_500/artifacts/00170a57-eb8a-4947-8b7d-7b12af7af2db.npz
01a33cc7-93cf-44c3-acaa-9f5dc3ca88f9,148294,0.24859203398227692,1,3.266291134172572,3.2656092732124393,3.2675124879767043,0.0006818609601326742,-0.0019032147642650266,False,False,False,False,False,False,results/qcnet_server_500/artifacts/01a33cc7-93cf-44c3-acaa-9f5dc3ca88f9.npz
01ea7833-0216-4af2-a81a-ac6355391f73,224728,0.2693149745464325,1,4.063212670689254,3.282685792798116,4.397609227120188,0.7805268778911385,-1.1149234343220717,False,False,False,False,False,False,results/qcnet_server_500/artifacts/01ea7833-0216-4af2-a81a-ac6355391f73.npz
033e8dfd-8bd9-4a6d-b016-7238c2dfed7a,63024,0.37620964646339417,2,3.5589145218524902,3.3182174355886263,4.585427276978038,0.240697086263864,-1.2672098413894117,False,False,False,False,False,False,results/qcnet_server_500/artifacts/033e8dfd-8bd9-4a6d-b016-7238c2dfed7a.npz
02eb9cea-68ef-44a4-9951-e0301ffcaace,82513,0.30111029744148254,1,3.7027247656246685,3.332101797115076,3.4988605568888103,0.37062296850959253,-0.16675875977373433,False,False,False,False,False,False,results/qcnet_server_500/artifacts/02eb9cea-68ef-44a4-9951-e0301ffcaace.npz
00195499-be19-4cfb-867a-f6a78c43f51c,52958,0.22942039370536804,2,3.403850935477123,3.33868327363696,3.694961345674319,0.06516766184016332,-0.3562780720373593,False,False,False,False,False,False,results/qcnet_server_500/artifacts/00195499-be19-4cfb-867a-f6a78c43f51c.npz
046fba69-fc9c-455a-abef-e9068f43909d,99978,0.402285635471344,1,6.171146070917995,3.3393775709402207,3.2551139728856984,2.8317684999777746,0.08426359805452233,False,False,False,False,False,False,results/qcnet_server_500/artifacts/046fba69-fc9c-455a-abef-e9068f43909d.npz
019f7c63-0331-45e8-957b-65330d52c95d,7039,0.23474161326885223,3,3.439391127487378,3.439391127487378,4.16932466683866,0.0,-0.7299335393512822,False,False,False,False,False,False,results/qcnet_server_500/artifacts/019f7c63-0331-45e8-957b-65330d52c95d.npz
04b093db-80ce-4881-8fce-4895fb65dc49,35411,0.37673303484916687,2,3.477195871480173,3.4645150817332797,4.41513297619319,0.01268078974689324,-0.9506178944599104,False,False,False,False,False,False,results/qcnet_server_500/artifacts/04b093db-80ce-4881-8fce-4895fb65dc49.npz
0366a64a-cb8f-4a14-8aea-c42974734ba0,35169,0.23748746514320374,3,3.5629787646210067,3.5056793676721596,4.156525769442458,0.057299396948847114,-0.6508464017702988,False,False,False,False,False,False,results/qcnet_server_500/artifacts/0366a64a-cb8f-4a14-8aea-c42974734ba0.npz
03068be2-baec-4927-81f9-5ab2f87bd890,169802,0.31972479820251465,2,3.52745538410275,3.519476260349456,3.6689650997291317,0.007979123753294015,-0.14948883937967583,False,False,False,False,False,False,results/qcnet_server_500/artifacts/03068be2-baec-4927-81f9-5ab2f87bd890.npz
00faa003-edc2-4184-b159-26155d40fdcb,123659,0.2938978672027588,2,5.4149696754983925,3.551753198045361,7.181321957655547,1.8632164774530313,-3.629568759610186,False,False,False,False,False,False,results/qcnet_server_500/artifacts/00faa003-edc2-4184-b159-26155d40fdcb.npz
039b426d-f970-40c0-b316-191fadaa0863,152087,0.4445899724960327,1,3.577107268794232,3.5569821756519326,3.5790231693605885,0.020125093142299377,-0.022040993708655865,False,False,False,False,False,False,results/qcnet_server_500/artifacts/039b426d-f970-40c0-b316-191fadaa0863.npz
00a0ec58-1fb9-4a2b-bfd7-f4e5da7a9eff,72146,0.263603538274765,1,3.60250138273153,3.5946193970300526,3.5147082087084005,0.007881985701477578,0.07991118832165212,False,False,False,False,False,False,results/qcnet_server_500/artifacts/00a0ec58-1fb9-4a2b-bfd7-f4e5da7a9eff.npz
0123336f-afc6-4704-9ed0-efc5bea121f0,3063,0.24671697616577148,4,4.217532130901527,3.7029332823009424,3.730708539112839,0.5145988486005848,-0.027775256811896742,False,False,False,False,False,False,results/qcnet_server_500/artifacts/0123336f-afc6-4704-9ed0-efc5bea121f0.npz
04005f96-f7e1-4be5-8100-ca5d0c8158cf,166194,0.3240639865398407,4,5.161071147568362,3.76067201464217,5.939460355483938,1.4003991329261916,-2.1787883408417676,False,False,False,False,False,False,results/qcnet_server_500/artifacts/04005f96-f7e1-4be5-8100-ca5d0c8158cf.npz
04542005-8f8c-4c29-9bed-a45ccca4dfc9,2948,0.34092238545417786,4,5.756324052903844,3.8098357615903224,5.870152690540837,1.9464882913135217,-2.0603169289505145,False,False,False,False,False,False,results/qcnet_server_500/artifacts/04542005-8f8c-4c29-9bed-a45ccca4dfc9.npz
053b09d0-1322-4d1e-acc2-852f5146bbb3,105569,0.6960896253585815,0,3.8190023285807992,3.8185449423418563,3.8119195277335196,0.0004573862389429806,0.006625414608336655,False,False,False,False,False,False,results/qcnet_server_500/artifacts/053b09d0-1322-4d1e-acc2-852f5146bbb3.npz
00a5d0a7-3be4-4008-a77b-4eebe77b1480,12518,0.9767376780509949,0,3.854467246431814,3.853743179570763,3.8630724060725763,0.000724066861051309,-0.009329226501813448,False,False,False,False,False,False,results/qcnet_server_500/artifacts/00a5d0a7-3be4-4008-a77b-4eebe77b1480.npz
051ce6d7-91d4-4812-a4c2-7b27a8558df3,10905,0.4304361939430237,3,3.86809380440299,3.86809380440299,3.861100187698795,0.0,0.006993616704194849,False,False,False,False,False,False,results/qcnet_server_500/artifacts/051ce6d7-91d4-4812-a4c2-7b27a8558df3.npz
02aa936c-8c1a-4be9-97f2-76455b9351a7,201550,0.22825321555137634,3,3.9362359075894116,3.87195546462735,3.7988519883877263,0.06428044296206137,0.07310347623962388,False,False,False,False,False,False,results/qcnet_server_500/artifacts/02aa936c-8c1a-4be9-97f2-76455b9351a7.npz
016571a9-11d3-43e1-9fbb-eb286220fb81,31061,0.288501501083374,2,4.075336030623475,3.9049248106924668,3.837372684230657,0.1704112199310086,0.06755212646180997,False,False,False,False,False,False,results/qcnet_server_500/artifacts/016571a9-11d3-43e1-9fbb-eb286220fb81.npz
04076adc-262b-4f27-ab8f-51ff0ac97a7e,152911,0.38485968112945557,4,10.877210458186628,4.021339958602904,15.35374372482948,6.855870499583724,-11.332403766226577,False,False,False,False,False,False,results/qcnet_server_500/artifacts/04076adc-262b-4f27-ab8f-51ff0ac97a7e.npz
0051a8c9-e50e-4cde-b003-1a103de0fdb1,51752,0.2733485698699951,4,4.165421062093338,4.027109200338117,4.296756375149213,0.1383118617552208,-0.26964717481109624,False,False,False,False,False,False,results/qcnet_server_500/artifacts/0051a8c9-e50e-4cde-b003-1a103de0fdb1.npz
010cc179-827b-433c-a14d-c2b27ee9ded7,57509,0.3526275157928467,4,4.0687593290043305,4.0644742790085955,3.933283508552294,0.00428504999573498,0.13119077045630156,False,False,False,False,False,False,results/qcnet_server_500/artifacts/010cc179-827b-433c-a14d-c2b27ee9ded7.npz
05867415-6588-4a6a-8ed1-4329e8908059,25998,0.3739592730998993,1,4.068449521355128,4.067493993899934,4.083089408326355,0.0009555274551944493,-0.015595414426421428,False,False,False,False,False,False,results/qcnet_server_500/artifacts/05867415-6588-4a6a-8ed1-4329e8908059.npz
01485c35-55a9-4ada-bf96-03751f2193b9,12693,0.3614831864833832,1,4.294729449765479,4.138665151118046,4.700633618850044,0.15606429864743365,-0.5619684677319983,False,False,False,False,False,False,results/qcnet_server_500/artifacts/01485c35-55a9-4ada-bf96-03751f2193b9.npz
00b87c67-701e-40e4-a1b7-002717d0a4e5,159107,0.5963913798332214,0,4.1497751439317145,4.1497751439317145,4.142436829512929,0.0,0.007338314418785963,False,False,False,False,False,False,results/qcnet_server_500/artifacts/00b87c67-701e-40e4-a1b7-002717d0a4e5.npz
002ba35d-be70-4ce4-b15a-01a28e0ae801,124980,0.368608295917511,4,4.480138749287612,4.1865123690126715,4.360785072703967,0.29362638027494015,-0.17427270369129566,False,False,False,False,False,False,results/qcnet_server_500/artifacts/002ba35d-be70-4ce4-b15a-01a28e0ae801.npz
041e7d63-ea63-4e00-a5a5-ca80f4590bde,11412,0.35975611209869385,4,4.197500280013311,4.197500280013311,4.1962211963828615,0.0,0.0012790836304494846,False,False,False,False,False,False,results/qcnet_server_500/artifacts/041e7d63-ea63-4e00-a5a5-ca80f4590bde.npz
0260d253-e5c1-4fb7-a7d8-95d6c4980f06,38603,0.32079166173934937,3,4.327359107658818,4.288757987408273,4.326029087577747,0.038601120250545407,-0.0372711001694741,False,False,False,False,False,False,results/qcnet_server_500/artifacts/0260d253-e5c1-4fb7-a7d8-95d6c4980f06.npz
045dc6dc-ca9b-4942-b008-44a90648b84f,34839,0.5714177489280701,3,4.619939587392129,4.315756031618852,4.890461806234449,0.30418355577327727,-0.5747057746155972,False,False,False,False,False,False,results/qcnet_server_500/artifacts/045dc6dc-ca9b-4942-b008-44a90648b84f.npz
0193b2be-f638-4af5-aa57-5364461286de,128966,0.4246516525745392,3,19.224340844868287,4.324470168112808,19.385167507358535,14.89987067675548,-15.060697339245728,False,False,False,False,False,False,results/qcnet_server_500/artifacts/0193b2be-f638-4af5-aa57-5364461286de.npz
046fb843-7436-439b-93e0-0278cfab0eb2,158192,0.27982786297798157,4,4.388378899187161,4.3851276409684585,4.386941722390182,0.003251258218702091,-0.0018140814217231238,False,False,False,False,False,False,results/qcnet_server_500/artifacts/046fb843-7436-439b-93e0-0278cfab0eb2.npz
03e59942-053e-41bb-a202-a6c120e05247,31260,0.41739585995674133,4,4.417217652872733,4.414627472939491,4.4147984255178905,0.002590179933241288,-0.00017095257839905287,False,False,False,False,False,False,results/qcnet_server_500/artifacts/03e59942-053e-41bb-a202-a6c120e05247.npz
04adeecb-79e9-4687-a4fa-a2cfa3ba9055,6951,0.45492541790008545,2,4.618388072421335,4.450430740983247,4.921785123038524,0.167957331438088,-0.471354382055277,False,False,False,False,False,False,results/qcnet_server_500/artifacts/04adeecb-79e9-4687-a4fa-a2cfa3ba9055.npz
01cde1f9-df92-4761-aa64-3fed3d1e93c2,219404,0.4035687744617462,3,11.438088407129129,4.513735524367998,11.439945597873562,6.924352882761131,-6.926210073505564,False,False,False,False,False,False,results/qcnet_server_500/artifacts/01cde1f9-df92-4761-aa64-3fed3d1e93c2.npz
054e4640-acdf-4a45-ba3c-16c0d5cbaa1f,121268,0.41900384426116943,4,9.36921436682582,4.5167949252622135,15.880676023522721,4.852419441563607,-11.363881098260507,False,False,False,False,False,False,results/qcnet_server_500/artifacts/054e4640-acdf-4a45-ba3c-16c0d5cbaa1f.npz
01dc8c71-9e9b-483b-91a5-e71d093659ee,134867,0.47618240118026733,0,4.535487359221296,4.535487359221296,4.648252289552401,0.0,-0.1127649303311049,False,False,False,False,False,False,results/qcnet_server_500/artifacts/01dc8c71-9e9b-483b-91a5-e71d093659ee.npz
034dc4cc-785d-4a0a-aba3-db9d2ed6f80d,136609,0.5405718684196472,2,4.835091141882644,4.628042027119587,6.571828639703902,0.20704911476305643,-1.943786612584315,False,False,False,False,False,False,results/qcnet_server_500/artifacts/034dc4cc-785d-4a0a-aba3-db9d2ed6f80d.npz
02b186e4-b7f3-4c47-a492-3219e3d6e3ba,20034,0.3362421989440918,1,10.067546704385023,4.657849568318998,11.796884094638981,5.4096971360660255,-7.139034526319984,False,False,False,False,False,False,results/qcnet_server_500/artifacts/02b186e4-b7f3-4c47-a492-3219e3d6e3ba.npz
054bf510-134b-4640-8a3a-856762ab8eeb,78125,0.6984472870826721,4,6.5727295501379,4.834613819563798,7.164219570882021,1.7381157305741022,-2.3296057513182227,False,False,False,False,False,False,results/qcnet_server_500/artifacts/054bf510-134b-4640-8a3a-856762ab8eeb.npz
00b3a6f5-32ce-4d91-b320-10284ab921be,11285,0.23070776462554932,3,4.890162921536311,4.884405450381267,5.0562274512842045,0.005757471155044769,-0.17182200090293787,False,False,False,False,False,False,results/qcnet_server_500/artifacts/00b3a6f5-32ce-4d91-b320-10284ab921be.npz
028ccc06-4cae-4395-ab18-f037e07e9c42,51480,0.3376052677631378,1,4.995002305246992,4.994427784230385,4.994231192282666,0.0005745210166070436,0.00019659194771826094,False,False,False,False,False,False,results/qcnet_server_500/artifacts/028ccc06-4cae-4395-ab18-f037e07e9c42.npz
0572aa8a-b9b4-4e50-b6e8-875a6f7c03d0,7476,0.4730203449726105,1,5.1955644023029395,5.190189533383737,5.190159318903348,0.005374868919202136,3.021448038964536e-05,False,False,False,False,False,False,results/qcnet_server_500/artifacts/0572aa8a-b9b4-4e50-b6e8-875a6f7c03d0.npz
03860546-32d9-4d54-9eb7-2ccdee3dfbe1,15229,0.5578182339668274,0,5.230303995003366,5.217499643503665,5.685447271346679,0.012804351499701383,-0.4679476278430146,False,False,False,False,False,False,results/qcnet_server_500/artifacts/03860546-32d9-4d54-9eb7-2ccdee3dfbe1.npz
00ef7d7b-4709-4429-8714-48cfea6b4dde,34327,0.5282148718833923,1,5.235066749995783,5.2198254657078795,5.247133650788815,0.015241284287903056,-0.027308185080935132,False,False,False,False,False,False,results/qcnet_server_500/artifacts/00ef7d7b-4709-4429-8714-48cfea6b4dde.npz
00aa433e-6dcf-4919-b660-309d6bd75447,38836,0.32570818066596985,1,5.548678710739206,5.2248515777063815,5.677070225263404,0.3238271330328244,-0.45221864755702246,False,False,False,False,False,False,results/qcnet_server_500/artifacts/00aa433e-6dcf-4919-b660-309d6bd75447.npz
007e6152-fb08-4a1b-be8c-d60e4d8635ce,12856,0.6393935680389404,0,5.237291377653658,5.237291377653658,5.205781105859733,0.0,0.03151027179392418,False,False,False,False,False,False,results/qcnet_server_500/artifacts/007e6152-fb08-4a1b-be8c-d60e4d8635ce.npz
025487a2-79fe-4db5-99cc-3bb248999f79,202223,0.33504801988601685,1,5.252040126047302,5.250983464351955,5.254326848562915,0.0010566616953475716,-0.003343384210960032,False,False,False,False,False,False,results/qcnet_server_500/artifacts/025487a2-79fe-4db5-99cc-3bb248999f79.npz
04de68ee-b28b-4cff-bd79-4809acea144a,213933,0.2549835741519928,1,5.659809637678546,5.279341269534718,4.064190006859151,0.3804683681438279,1.2151512626755663,False,False,False,False,False,False,results/qcnet_server_500/artifacts/04de68ee-b28b-4cff-bd79-4809acea144a.npz
02140af8-c64b-4f82-87a7-b32c7ec3633e,71963,0.29759761691093445,1,11.682782983277072,5.3387995984795324,14.093563419045882,6.343983384797539,-8.75476382056635,False,False,False,False,False,False,results/qcnet_server_500/artifacts/02140af8-c64b-4f82-87a7-b32c7ec3633e.npz
050647f1-7c6b-4cba-8285-f6d0ba54abc4,41828,0.27550551295280457,4,6.546835145851772,5.403380454145998,6.782588356425402,1.1434546917057737,-1.3792079022794033,False,False,False,False,False,False,results/qcnet_server_500/artifacts/050647f1-7c6b-4cba-8285-f6d0ba54abc4.npz
0236e0f6-fa31-45ec-82b2-c1abcdc486fc,216054,0.2925121784210205,2,5.435786717257031,5.435786717257031,5.4492891601060744,0.0,-0.013502442849043561,False,False,False,False,False,False,results/qcnet_server_500/artifacts/0236e0f6-fa31-45ec-82b2-c1abcdc486fc.npz
03f3d173-aeb9-459d-8844-15573a4f8f77,3902,0.5566254258155823,2,7.63798513772235,5.476060289900094,6.881207272865803,2.161924847822257,-1.405146982965709,False,False,False,False,False,False,results/qcnet_server_500/artifacts/03f3d173-aeb9-459d-8844-15573a4f8f77.npz
04fdd3d3-3df9-4c9a-a3d2-7c5008c8430f,115179,0.25046271085739136,2,20.5427394461723,5.5600136815132615,15.276673838968666,14.982725764659037,-9.716660157455404,False,False,False,False,False,False,results/qcnet_server_500/artifacts/04fdd3d3-3df9-4c9a-a3d2-7c5008c8430f.npz
02fb0b7d-7396-4cfd-afd9-5ad6a8302e51,43160,0.33417025208473206,1,5.571751268289219,5.567942651564653,5.573379063065969,0.003808616724565894,-0.00543641150131613,False,False,False,False,False,False,results/qcnet_server_500/artifacts/02fb0b7d-7396-4cfd-afd9-5ad6a8302e51.npz
01aa2ec8-ba08-41e7-9d41-215c38581c7c,7675,0.29848629236221313,3,13.59913197846847,5.5839902721874575,20.397935491274193,8.015141706281014,-14.813945219086737,False,False,False,False,False,False,results/qcnet_server_500/artifacts/01aa2ec8-ba08-41e7-9d41-215c38581c7c.npz
050c02cf-de95-4075-b14f-ce794a0f2aa2,198933,0.5573145747184753,0,5.672565617826986,5.672565617826986,11.726169066370188,0.0,-6.053603448543202,False,False,False,False,False,False,results/qcnet_server_500/artifacts/050c02cf-de95-4075-b14f-ce794a0f2aa2.npz
04832be8-34e4-4c9b-b3de-98fb665a0d0b,3338,0.3098916709423065,1,5.685433950452672,5.680124263419947,5.712545192088995,0.005309687032724497,-0.032420928669047555,False,False,False,False,False,False,results/qcnet_server_500/artifacts/04832be8-34e4-4c9b-b3de-98fb665a0d0b.npz
04007593-6b60-42ca-8eb2-4de5308f6224,3533,0.30173489451408386,1,12.596091045759565,5.701534023198116,11.45833463957808,6.8945570225614485,-5.756800616379964,False,False,False,False,False,False,results/qcnet_server_500/artifacts/04007593-6b60-42ca-8eb2-4de5308f6224.npz
03afc320-acb1-4717-8240-fca72512106c,8291,0.43045637011528015,4,5.738426900804365,5.73316096915968,5.735550436622218,0.005265931644684585,-0.0023894674625379864,False,False,False,False,False,False,results/qcnet_server_500/artifacts/03afc320-acb1-4717-8240-fca72512106c.npz
0493aba2-d61a-440b-b51a-b4236069080f,108577,0.33244091272354126,1,5.907430832431882,5.87479422842138,5.785809952162444,0.03263660401050217,0.08898427625893568,False,False,False,False,False,False,results/qcnet_server_500/artifacts/0493aba2-d61a-440b-b51a-b4236069080f.npz
001f9701-34f9-4811-bcbb-8cf1a412fb0e,111399,0.23581267893314362,4,7.187305577385192,5.885145777436397,6.677872054417642,1.3021597999487957,-0.7927262769812451,False,False,False,False,False,False,results/qcnet_server_500/artifacts/001f9701-34f9-4811-bcbb-8cf1a412fb0e.npz
058e3179-8177-4393-a652-ca91d3f159f8,51054,0.4058891236782074,4,5.9034776930895685,5.9034776930895685,5.7082189205997675,0.0,0.19525877248980095,False,False,False,False,False,False,results/qcnet_server_500/artifacts/058e3179-8177-4393-a652-ca91d3f159f8.npz
02d3faab-eb6c-4f42-a922-857e314c1507,194436,0.3207176625728607,1,6.1272162690107175,6.0940108854739945,6.9522747420026025,0.03320538353672298,-0.858263856528608,False,False,False,False,False,False,results/qcnet_server_500/artifacts/02d3faab-eb6c-4f42-a922-857e314c1507.npz
031d5bf6-1d44-4fbc-918c-61eb9203a170,117892,0.388852596282959,3,9.724443387325202,6.123284082822114,9.716624119627047,3.6011593045030885,-3.5933400368049337,False,False,False,False,False,False,results/qcnet_server_500/artifacts/031d5bf6-1d44-4fbc-918c-61eb9203a170.npz
02017859-da93-41ba-aa76-2288cb63f92f,43822,0.21922649443149567,4,6.211330445173245,6.167368485182554,6.350110750943842,0.04396195999069086,-0.18274226576128783,False,False,False,False,False,False,results/qcnet_server_500/artifacts/02017859-da93-41ba-aa76-2288cb63f92f.npz
023f9e9c-75f1-494d-9b69-3ca2cd17a8d6,19971,0.34306415915489197,4,12.400136570409133,6.19765775337427,14.78949639177093,6.202478817034863,-8.59183863839666,False,False,False,False,False,False,results/qcnet_server_500/artifacts/023f9e9c-75f1-494d-9b69-3ca2cd17a8d6.npz
00eb27a5-f716-4f7f-a877-113550040df3,132244,0.4831233620643616,5,6.276276992142647,6.241604207206601,6.275115742318885,0.03467278493604642,-0.03351153511228411,False,False,False,False,False,False,results/qcnet_server_500/artifacts/00eb27a5-f716-4f7f-a877-113550040df3.npz
0540abc4-2a79-45e4-ad5a-9c37528bd650,34236,0.42809727787971497,3,6.278697590407034,6.278697590407034,5.998934318865601,0.0,0.2797632715414329,False,False,False,False,False,False,results/qcnet_server_500/artifacts/0540abc4-2a79-45e4-ad5a-9c37528bd650.npz
05013c02-9ed7-4b78-b703-ad56c51de61a,124535,0.467837929725647,2,6.34217980876117,6.310270387808159,6.352747287020533,0.03190942095301086,-0.04247689921237363,False,False,False,False,False,False,results/qcnet_server_500/artifacts/05013c02-9ed7-4b78-b703-ad56c51de61a.npz
00422cc5-b120-49db-982f-fc0c1e1eaf8d,28930,0.36858126521110535,2,14.498690375429021,6.314420436275411,13.831570524715536,8.18426993915361,-7.517150088440125,False,False,False,False,False,False,results/qcnet_server_500/artifacts/00422cc5-b120-49db-982f-fc0c1e1eaf8d.npz
04293a58-5a12-4454-91d3-cc728d55db85,25643,0.30863142013549805,2,6.495830344745307,6.494268714960936,6.490012309442214,0.0015616297843710214,0.004256405518721529,False,False,False,False,False,False,results/qcnet_server_500/artifacts/04293a58-5a12-4454-91d3-cc728d55db85.npz
020128fb-4f88-4901-b942-2b815fbf0738,149262,0.2642325162887573,3,6.657837423798526,6.621633162229681,6.621953275192255,0.03620426156884449,-0.0003201129625738375,False,False,False,False,False,False,results/qcnet_server_500/artifacts/020128fb-4f88-4901-b942-2b815fbf0738.npz
02bb77b3-e288-4e26-9139-f47f6863fbc2,140679,0.31939274072647095,4,6.659728370430767,6.633492951668474,6.621395097984526,0.026235418762293072,0.012097853683948223,False,False,False,False,False,False,results/qcnet_server_500/artifacts/02bb77b3-e288-4e26-9139-f47f6863fbc2.npz
01c53999-fca1-4c5c-b790-56d05a62d45d,7030,0.6594895124435425,2,7.0339584784663405,6.688917718613316,6.973709441408935,0.34504075985302407,-0.28479172279561826,False,False,False,False,False,False,results/qcnet_server_500/artifacts/01c53999-fca1-4c5c-b790-56d05a62d45d.npz
03dc1a2f-f3ea-4632-8231-4b69ceffa660,175703,0.2574106752872467,1,6.741382721302751,6.701405075582963,6.732500586631965,0.03997764571978735,-0.031095511049001878,False,False,False,False,False,False,results/qcnet_server_500/artifacts/03dc1a2f-f3ea-4632-8231-4b69ceffa660.npz
02f2d954-5514-4c12-a608-8d5a0aebbe61,74670,0.35600486397743225,4,6.831262287042026,6.831262287042026,7.831957700198518,0.0,-1.0006954131564916,False,False,False,False,False,False,results/qcnet_server_500/artifacts/02f2d954-5514-4c12-a608-8d5a0aebbe61.npz
04c97cb8-7e55-4a33-ab3a-b05597d94405,15802,0.7038073539733887,2,6.845790516381227,6.840364916971082,6.816438085979017,0.005425599410144422,0.023926830992065717,False,False,False,False,False,False,results/qcnet_server_500/artifacts/04c97cb8-7e55-4a33-ab3a-b05597d94405.npz
04892447-9f9c-4d47-9d4f-d4c40c2cfe2f,70692,0.30756089091300964,4,8.396402725529065,6.853219857279113,8.387357015890439,1.5431828682499518,-1.5341371586113262,False,False,False,False,False,False,results/qcnet_server_500/artifacts/04892447-9f9c-4d47-9d4f-d4c40c2cfe2f.npz
04ef09c0-54bc-4d64-aff5-f2ef142b67f1,148018,0.3100820779800415,2,6.9649367379738125,6.922707872464108,6.9738341998060625,0.042228865509704505,-0.051126327341954436,False,False,False,False,False,False,results/qcnet_server_500/artifacts/04ef09c0-54bc-4d64-aff5-f2ef142b67f1.npz
0067cf62-4775-425e-8edc-28fd8622b920,4529,0.258982390165329,5,6.984217976932128,6.984217976932128,6.459581391940928,0.0,0.5246365849912005,False,False,False,False,False,False,results/qcnet_server_500/artifacts/0067cf62-4775-425e-8edc-28fd8622b920.npz
04f5057b-695b-4c61-a721-b42c7d44d23b,43741,0.32276901602745056,4,10.790396564948253,7.175367989850429,10.78510505378735,3.615028575097824,-3.6097370639369206,False,False,False,False,False,False,results/qcnet_server_500/artifacts/04f5057b-695b-4c61-a721-b42c7d44d23b.npz
0203f947-02e1-48c0-8d2d-eb26e39317bd,129729,0.2552942633628845,1,10.785364159359276,7.234642773609814,10.20918797723642,3.550721385749462,-2.9745452036266062,False,False,False,False,False,False,results/qcnet_server_500/artifacts/0203f947-02e1-48c0-8d2d-eb26e39317bd.npz
03f494d8-9efa-4116-a701-7ee0f4f27206,25678,0.49908924102783203,2,8.908446624144464,7.2392892778948585,14.409671171383897,1.6691573462496052,-7.170381893489038,False,False,False,False,False,False,results/qcnet_server_500/artifacts/03f494d8-9efa-4116-a701-7ee0f4f27206.npz
0136e98b-3f68-4cb4-9b5c-cbe5799980c9,28264,0.3000483810901642,1,7.37158336236369,7.366223188215859,7.355963411337905,0.005360174147831742,0.010259776877953541,False,False,False,False,False,False,results/qcnet_server_500/artifacts/0136e98b-3f68-4cb4-9b5c-cbe5799980c9.npz
020cd834-379f-418e-891e-e6e766b26c14,98692,0.35501182079315186,0,9.96843564799474,7.412807994582408,8.63194382728833,2.5556276534123317,-1.2191358327059216,False,False,False,False,False,False,results/qcnet_server_500/artifacts/020cd834-379f-418e-891e-e6e766b26c14.npz
01465848-057b-4ec6-934d-2f0609f344cc,61053,0.3595528304576874,3,7.600673392717938,7.425012761694685,7.563242770645724,0.1756606310232529,-0.1382300089510391,False,False,False,False,False,False,results/qcnet_server_500/artifacts/01465848-057b-4ec6-934d-2f0609f344cc.npz
00868013-e5b7-4b75-b30c-045bb4244627,88865,0.6063648462295532,5,17.932914260691202,7.594837978115279,14.620286785240507,10.338076282575923,-7.025448807125229,False,False,False,False,False,False,results/qcnet_server_500/artifacts/00868013-e5b7-4b75-b30c-045bb4244627.npz
058ccb3f-762b-48ed-9173-44e1908be94a,103647,0.46779075264930725,4,10.461202492039137,7.676326239265825,11.13824789657383,2.7848762527733113,-3.4619216573080047,False,False,False,False,False,False,results/qcnet_server_500/artifacts/058ccb3f-762b-48ed-9173-44e1908be94a.npz
04c5c41c-a64c-4a07-a8f3-7139cfcf510c,34698,0.6305930614471436,1,13.603220762410428,7.760319530382644,14.511877826624845,5.842901232027784,-6.751558296242201,False,False,False,False,False,False,results/qcnet_server_500/artifacts/04c5c41c-a64c-4a07-a8f3-7139cfcf510c.npz
049d6799-e01b-40d9-92a5-0d7f3b6c542b,12223,0.4419487416744232,1,7.920656449086857,7.820106541744429,5.275592442775739,0.10054990734242786,2.5445140989686896,False,False,False,False,False,False,results/qcnet_server_500/artifacts/049d6799-e01b-40d9-92a5-0d7f3b6c542b.npz
049b91df-a0c0-4ab9-8f6a-a7f7a64dba62,59632,0.31313344836235046,2,7.858127248471387,7.85631002495777,7.857382064745035,0.0018172235136173498,-0.0010720397872656662,False,False,False,False,False,False,results/qcnet_server_500/artifacts/049b91df-a0c0-4ab9-8f6a-a7f7a64dba62.npz
004153a3-9385-4f91-b702-76d58a222bdb,22911,0.4357587695121765,2,7.895550763703994,7.893215925863586,7.881479521344808,0.0023348378404079995,0.011736404518778443,False,False,False,False,False,False,results/qcnet_server_500/artifacts/004153a3-9385-4f91-b702-76d58a222bdb.npz
033f78a3-b3d6-4924-9205-ab524f062dd6,12445,0.3034115731716156,2,7.899551768799636,7.898570222763282,7.892187325674417,0.0009815460363542527,0.006382897088864858,False,False,False,False,False,False,results/qcnet_server_500/artifacts/033f78a3-b3d6-4924-9205-ab524f062dd6.npz
0264af5e-1e0e-4886-8b6c-526c2eab3b14,13717,0.5295335650444031,4,9.81256453230353,7.956093586360356,10.777283453694901,1.8564709459431734,-2.821189867334545,False,False,False,False,False,False,results/qcnet_server_500/artifacts/0264af5e-1e0e-4886-8b6c-526c2eab3b14.npz
0441f342-b2ce-4ded-9672-a45173f72a0d,140579,0.37461698055267334,1,9.191239767273164,8.097407214571874,8.051820080888234,1.09383255270129,0.045587133683639536,False,False,False,False,False,False,results/qcnet_server_500/artifacts/0441f342-b2ce-4ded-9672-a45173f72a0d.npz
0143050d-d577-494c-929b-0a9811c6e7b5,103611,0.3335011899471283,4,8.119627311785495,8.11554892254371,8.127068696397536,0.004078389241785274,-0.011519773853827076,False,False,False,False,False,False,results/qcnet_server_500/artifacts/0143050d-d577-494c-929b-0a9811c6e7b5.npz
005b26cb-7ddc-4e9e-b2d1-55c49f1c6e85,23924,0.5047019720077515,2,10.499974863839716,8.131244347003728,11.941688065078226,2.3687305168359885,-3.8104437180744988,False,False,False,False,False,False,results/qcnet_server_500/artifacts/005b26cb-7ddc-4e9e-b2d1-55c49f1c6e85.npz
008eacb9-eef8-4781-96e4-7446926a2fea,9548,0.2778174877166748,4,9.788304017077719,8.261712080942104,9.878926495666695,1.526591936135615,-1.6172144147245913,False,False,False,False,False,False,results/qcnet_server_500/artifacts/008eacb9-eef8-4781-96e4-7446926a2fea.npz
00190202-a988-4f35-96b5-876869b4e0a3,147327,0.4628434479236603,0,8.30623984742856,8.30623984742856,8.33376100675116,0.0,-0.027521159322599686,False,False,False,False,False,False,results/qcnet_server_500/artifacts/00190202-a988-4f35-96b5-876869b4e0a3.npz
05800648-93a6-406a-b1ca-7581b9b13b34,22559,0.31040167808532715,4,13.001850478092548,8.306509105756547,13.032773577616126,4.695341372336001,-4.726264471859579,False,False,False,False,False,False,results/qcnet_server_500/artifacts/05800648-93a6-406a-b1ca-7581b9b13b34.npz
048218e3-41a1-4342-948a-2b4fa4b98bf4,36062,0.36970892548561096,1,12.862894492615197,8.310215262768505,13.686816537333693,4.552679229846692,-5.376601274565187,False,False,False,False,False,False,results/qcnet_server_500/artifacts/048218e3-41a1-4342-948a-2b4fa4b98bf4.npz
024bfe25-e29a-4b12-9edb-5bb727cf27a1,1337,0.36875349283218384,4,10.302171763023544,8.311049980238655,12.990004917585075,1.991121782784889,-4.67895493734642,False,False,False,False,False,False,results/qcnet_server_500/artifacts/024bfe25-e29a-4b12-9edb-5bb727cf27a1.npz
0306f815-82cf-4ea7-948a-b4c0c7aadd2b,71096,0.3540629744529724,1,12.526600258665502,8.384279697749566,15.398004972382049,4.142320560915936,-7.013725274632483,False,False,False,False,False,False,results/qcnet_server_500/artifacts/0306f815-82cf-4ea7-948a-b4c0c7aadd2b.npz
029e621e-c82d-4a2f-8498-1ebbd94c6a35,107790,0.36826789379119873,2,8.627494329587806,8.454121908834628,8.817452887086615,0.1733724207531786,-0.36333097825198735,False,False,False,False,False,False,results/qcnet_server_500/artifacts/029e621e-c82d-4a2f-8498-1ebbd94c6a35.npz
04d2f54b-f914-4a55-afb3-6d030c9daffc,187246,0.35125425457954407,4,10.555654079133612,8.564111223866945,10.556042791018932,1.9915428552666672,-1.9919315671519868,False,False,False,False,False,False,results/qcnet_server_500/artifacts/04d2f54b-f914-4a55-afb3-6d030c9daffc.npz
01d2eaa8-9188-4346-afaa-0a8fc55f76e2,12270,0.547141969203949,2,8.673798289448483,8.572138929930095,8.593455256750378,0.10165935951838811,-0.021316326820283393,False,False,False,False,False,False,results/qcnet_server_500/artifacts/01d2eaa8-9188-4346-afaa-0a8fc55f76e2.npz
04923054-3816-4fe8-81f0-8f0911c73e27,52338,0.5610005259513855,3,11.617447451305864,8.75730407092784,10.3890568695518,2.860143380378025,-1.6317527986239604,False,False,False,False,False,False,results/qcnet_server_500/artifacts/04923054-3816-4fe8-81f0-8f0911c73e27.npz
0269b56d-c68f-4a49-bed0-360757923c69,172494,0.38612231612205505,4,9.285844237340488,8.764322986564055,8.436975621777028,0.5215212507764324,0.32734736478702686,False,False,False,False,False,False,results/qcnet_server_500/artifacts/0269b56d-c68f-4a49-bed0-360757923c69.npz
01aaa27b-6781-4299-ac1d-11ab7d40b1c9,40311,0.6047940254211426,0,8.790987270252712,8.782148013235028,8.743075508922754,0.008839257017683622,0.0390725043122746,False,False,False,False,False,False,results/qcnet_server_500/artifacts/01aaa27b-6781-4299-ac1d-11ab7d40b1c9.npz
003a8853-461a-4fa4-9a04-be07aae9b70c,128283,0.8518545627593994,0,29.60770350848921,8.80534118351453,15.759848257962243,20.80236232497468,-6.954507074447713,False,False,False,False,False,False,results/qcnet_server_500/artifacts/003a8853-461a-4fa4-9a04-be07aae9b70c.npz
0028b424-9a0a-4b3e-a59e-0fc183c02095,29677,0.3164796233177185,2,12.988121116626221,8.843458625792218,13.824410365259626,4.144662490834003,-4.980951739467407,False,False,False,False,False,False,results/qcnet_server_500/artifacts/0028b424-9a0a-4b3e-a59e-0fc183c02095.npz
04e8e751-f9c7-4058-80d5-e1f050485b1e,48030,0.3290175497531891,3,8.902070551083266,8.897750727724414,8.931585662192719,0.004319823358851949,-0.03383493446830421,False,False,False,False,False,False,results/qcnet_server_500/artifacts/04e8e751-f9c7-4058-80d5-e1f050485b1e.npz
01d3dcb9-50dc-4084-8ef5-b30e11b089cd,116569,0.421890527009964,3,15.93036883474714,8.90287758766335,15.698733760796257,7.027491247083791,-6.795856173132908,False,False,False,False,False,False,results/qcnet_server_500/artifacts/01d3dcb9-50dc-4084-8ef5-b30e11b089cd.npz
0015197d-b916-43b6-bcaa-8a7d90d7b87d,26943,0.6046013832092285,2,11.83605793696525,8.937446739339855,15.367578208782547,2.898611197625396,-6.430131469442692,False,False,False,False,False,False,results/qcnet_server_500/artifacts/0015197d-b916-43b6-bcaa-8a7d90d7b87d.npz
00430751-d928-472b-9944-ea55b2fb8d89,150679,0.382800817489624,0,9.015787666116085,9.01460005092518,9.02906307303107,0.0011876151909042676,-0.014463022105889678,False,False,False,False,False,False,results/qcnet_server_500/artifacts/00430751-d928-472b-9944-ea55b2fb8d89.npz
02fdf762-5621-417e-b488-a43a4be7fb06,194703,0.7018420696258545,3,24.759870271220112,9.017453224815927,22.615849881650593,15.742417046404185,-13.598396656834666,False,False,False,False,False,False,results/qcnet_server_500/artifacts/02fdf762-5621-417e-b488-a43a4be7fb06.npz
00ddb469-aea8-443b-a4f9-a5acff486b77,95081,0.9565418362617493,0,9.105117053199468,9.105117053199468,9.0975369455435,0.0,0.007580107655968504,False,False,False,False,False,False,results/qcnet_server_500/artifacts/00ddb469-aea8-443b-a4f9-a5acff486b77.npz
01f8e244-8202-4e51-9769-9f7bce6487f8,141395,0.29550257325172424,1,9.131993510959449,9.119532894734698,9.12291470388827,0.012460616224750254,-0.00338180915357178,False,False,False,False,False,False,results/qcnet_server_500/artifacts/01f8e244-8202-4e51-9769-9f7bce6487f8.npz
0134aa84-8bf4-4b83-8c84-c3598e69b663,56735,0.39464816451072693,2,24.4936645114168,9.150743854263586,24.558363544956073,15.342920657153213,-15.407619690692487,False,False,False,False,False,False,results/qcnet_server_500/artifacts/0134aa84-8bf4-4b83-8c84-c3598e69b663.npz
00f65fe7-7d7c-4feb-9618-2742362cc12f,14152,0.5200361609458923,1,10.04221961106953,9.16552757644023,9.989663800253425,0.8766920346293006,-0.8241362238131948,False,False,False,False,False,False,results/qcnet_server_500/artifacts/00f65fe7-7d7c-4feb-9618-2742362cc12f.npz
008415aa-6a7d-4c51-9b82-f29bc76f7f28,4947,0.38243308663368225,4,9.483473419122436,9.170445774375414,9.490923435516905,0.31302764474702194,-0.32047766114149034,False,False,False,False,False,False,results/qcnet_server_500/artifacts/008415aa-6a7d-4c51-9b82-f29bc76f7f28.npz
03b4f03b-b54c-423d-a8ab-96e522a74f41,54956,0.862206220626831,0,9.256137680309816,9.256137680309816,10.361293566158091,0.0,-1.1051558858482746,False,False,False,False,False,False,results/qcnet_server_500/artifacts/03b4f03b-b54c-423d-a8ab-96e522a74f41.npz
00b37268-eeb0-4a5b-8241-e33a530fe267,101378,0.39149269461631775,0,9.293484369238847,9.293484369238847,10.788353545881554,0.0,-1.4948691766427071,False,False,False,False,False,False,results/qcnet_server_500/artifacts/00b37268-eeb0-4a5b-8241-e33a530fe267.npz
0007df76-c9a2-47aa-83bf-3b2b414109c9,79739,0.2818062901496887,4,9.466077683197788,9.465920961451571,9.467472996304922,0.00015672174621705892,-0.0015520348533506478,False,False,False,False,False,False,results/qcnet_server_500/artifacts/0007df76-c9a2-47aa-83bf-3b2b414109c9.npz
03ccf9b1-d7be-4312-94ee-a8fbb636a916,30887,0.3168075680732727,2,9.567111097221073,9.564214846396826,9.563903197297593,0.0028962508242464935,0.0003116490992329801,False,False,False,False,False,False,results/qcnet_server_500/artifacts/03ccf9b1-d7be-4312-94ee-a8fbb636a916.npz
0453822e-6641-4919-b303-9f023d9ba14f,135151,0.37820589542388916,3,10.979316393116617,9.697352586646335,11.254816168796726,1.2819638064702819,-1.5574635821503904,False,False,False,False,False,False,results/qcnet_server_500/artifacts/0453822e-6641-4919-b303-9f023d9ba14f.npz
0189a457-7e10-4eee-9532-d5e9273a5ef6,195910,0.4905928075313568,1,23.830554216723925,9.707567414303378,30.334725477796095,14.122986802420547,-20.627158063492715,False,False,False,False,False,False,results/qcnet_server_500/artifacts/0189a457-7e10-4eee-9532-d5e9273a5ef6.npz
056c987c-b3e4-4efb-84cc-12e0fb5c6b8d,39995,0.6331673264503479,0,9.774435149456004,9.774435149456004,9.62469501755293,0.0,0.1497401319030729,False,False,False,False,False,False,results/qcnet_server_500/artifacts/056c987c-b3e4-4efb-84cc-12e0fb5c6b8d.npz
04760083-b2f0-4519-92d4-b07f31e3c512,45114,0.34997501969337463,3,9.792412024272817,9.789830505737182,9.779009981910738,0.002581518535635041,0.010820523826444273,False,False,False,False,False,False,results/qcnet_server_500/artifacts/04760083-b2f0-4519-92d4-b07f31e3c512.npz
03f3e304-eaf2-497f-a4e5-daa4d9a54c8f,42327,0.7306197881698608,3,9.815343019745967,9.811902313495713,9.809942243179517,0.0034407062502541663,0.0019600703161959387,False,False,False,False,False,False,results/qcnet_server_500/artifacts/03f3e304-eaf2-497f-a4e5-daa4d9a54c8f.npz
02509248-5f65-4af6-bc9a-a88369bf32c2,2940,0.4100522994995117,4,13.77143243096304,9.823413915258474,13.771519869871035,3.9480185157045664,-3.9481059546125614,False,False,False,False,False,False,results/qcnet_server_500/artifacts/02509248-5f65-4af6-bc9a-a88369bf32c2.npz
041986e2-4e45-43d7-b11a-53159057bd1d,117108,0.5307950377464294,3,16.275673876510616,9.855117514146498,16.65737456816023,6.420556362364119,-6.802257054013731,False,False,False,False,False,False,results/qcnet_server_500/artifacts/041986e2-4e45-43d7-b11a-53159057bd1d.npz
009cf3d3-fd2c-4361-b926-eca40c138446,29409,0.45552700757980347,5,10.051299910113647,9.940393552207725,10.086043225783184,0.11090635790592174,-0.1456496735754591,False,False,False,False,False,False,results/qcnet_server_500/artifacts/009cf3d3-fd2c-4361-b926-eca40c138446.npz
02382383-9a0f-4654-8a6f-468d285ae847,233347,0.5184028744697571,1,17.165087400595024,10.112910013763397,14.839049781712728,7.052177386831627,-4.726139767949331,False,False,False,False,False,False,results/qcnet_server_500/artifacts/02382383-9a0f-4654-8a6f-468d285ae847.npz
021024aa-34d7-4591-96b7-396004378588,193497,0.2687494456768036,4,10.122803817795702,10.121923779955699,10.128702463968024,0.0008800378400035669,-0.006778684012324732,False,False,False,False,False,False,results/qcnet_server_500/artifacts/021024aa-34d7-4591-96b7-396004378588.npz
03bfd760-d8d9-46f3-aa16-885efb85cf16,89470,0.22348257899284363,2,10.144946276799638,10.144946276799638,10.0754624035836,0.0,0.0694838732160381,False,False,False,False,False,False,results/qcnet_server_500/artifacts/03bfd760-d8d9-46f3-aa16-885efb85cf16.npz
053c3bcc-4786-4058-b1e3-465be3de0ab7,127157,0.24431055784225464,1,10.161368713729347,10.160892894585153,10.16487072228867,0.00047581914419403404,-0.003977827703517178,False,False,False,False,False,False,results/qcnet_server_500/artifacts/053c3bcc-4786-4058-b1e3-465be3de0ab7.npz
0542ac7f-bab1-4627-b488-36ab08fe73c3,49309,0.37453919649124146,2,10.17826900734762,10.172615236087848,10.17978814817278,0.00565377125977129,-0.007172912084930871,False,False,False,False,False,False,results/qcnet_server_500/artifacts/0542ac7f-bab1-4627-b488-36ab08fe73c3.npz
04228a63-7b08-470d-b2fb-88ba6cb7d47a,218006,0.26517006754875183,2,17.9042353603521,10.196802622321664,12.134042799693276,7.707432738030436,-1.9372401773716117,False,False,False,False,False,False,results/qcnet_server_500/artifacts/04228a63-7b08-470d-b2fb-88ba6cb7d47a.npz
007408b9-948f-42c9-aed4-a03339f3aa4f,14263,0.39127206802368164,2,10.692953293984907,10.246195066578643,10.89523258735195,0.4467582274062636,-0.649037520773307,False,False,False,False,False,False,results/qcnet_server_500/artifacts/007408b9-948f-42c9-aed4-a03339f3aa4f.npz
04f5e07c-edfc-4d3f-a4f3-68d7bb571f85,601,0.37173837423324585,4,13.363356477714689,10.27390925843599,12.336029373706209,3.089447219278698,-2.0621201152702184,False,False,False,False,False,False,results/qcnet_server_500/artifacts/04f5e07c-edfc-4d3f-a4f3-68d7bb571f85.npz
04198bb2-6732-4e9e-b69d-14cb29f251c9,13288,0.42407089471817017,5,10.392582521158072,10.389468863036404,10.398419373051874,0.0031136581216681947,-0.008950510015470314,False,False,False,False,False,False,results/qcnet_server_500/artifacts/04198bb2-6732-4e9e-b69d-14cb29f251c9.npz
04ba916b-af9a-4a5e-b2a9-2d08377e1ec9,4907,0.6194968819618225,3,11.934312327425907,10.39099832882325,11.832085376009934,1.5433139986026578,-1.4410870471866843,False,False,False,False,False,False,results/qcnet_server_500/artifacts/04ba916b-af9a-4a5e-b2a9-2d08377e1ec9.npz
0253511d-47fd-446f-bacd-1f81047c24b9,108961,0.7797215580940247,2,10.486495468728435,10.486106389913415,10.43944695653635,0.0003890788150204827,0.04665943337706402,False,False,False,False,False,False,results/qcnet_server_500/artifacts/0253511d-47fd-446f-bacd-1f81047c24b9.npz
03c378df-404e-4e3f-9206-f41869a7b7a0,35318,0.4530259370803833,2,26.602709145557313,10.497978986831104,29.867789643344757,16.10473015872621,-19.369810656513653,False,False,False,False,False,False,results/qcnet_server_500/artifacts/03c378df-404e-4e3f-9206-f41869a7b7a0.npz
008e9697-bbd5-46fa-a2df-bcda736bab18,141607,0.3542552888393402,2,13.894493622041189,10.563514708698465,13.312086799638484,3.330978913342724,-2.7485720909400193,False,False,False,False,False,False,results/qcnet_server_500/artifacts/008e9697-bbd5-46fa-a2df-bcda736bab18.npz
04bfeb19-ffc1-41ce-bc75-1b300264661b,32893,0.35491180419921875,4,10.567623568941139,10.565662023597348,10.572471978869123,0.0019615453437911157,-0.006809955271775081,False,False,False,False,False,False,results/qcnet_server_500/artifacts/04bfeb19-ffc1-41ce-bc75-1b300264661b.npz
00bd1af3-e5a4-4042-b0dd-627f6cc66ee8,57010,0.5831209421157837,2,11.797183093116558,10.652246023813243,11.890918049519842,1.1449370693033156,-1.2386720257065988,False,False,False,False,False,False,results/qcnet_server_500/artifacts/00bd1af3-e5a4-4042-b0dd-627f6cc66ee8.npz
00b2262d-bb33-4756-963e-4a5c87d8bd5d,29348,0.34176701307296753,3,13.169722803210323,10.664434087658126,11.980501439187075,2.5052887155521972,-1.3160673515289485,False,False,False,False,False,False,results/qcnet_server_500/artifacts/00b2262d-bb33-4756-963e-4a5c87d8bd5d.npz
01069700-248e-4881-843a-d41206389020,606,0.2945181429386139,4,11.523875758355594,10.744282915525032,11.580678254171353,0.7795928428305618,-0.8363953386463212,False,False,False,False,False,False,results/qcnet_server_500/artifacts/01069700-248e-4881-843a-d41206389020.npz
05449af9-36ac-4a8e-9722-80a5b15aa6f7,37006,0.9790257811546326,0,15.347411660808394,10.766046632751344,18.331688486532734,4.58136502805705,-7.56564185378139,False,False,False,False,False,False,results/qcnet_server_500/artifacts/05449af9-36ac-4a8e-9722-80a5b15aa6f7.npz
0564de5b-5103-4ff9-b030-4324ecf3d372,91561,0.3044074475765228,4,10.780989505550943,10.774272411241295,10.779751259526325,0.006717094309648175,-0.005478848285029869,False,False,False,False,False,False,results/qcnet_server_500/artifacts/0564de5b-5103-4ff9-b030-4324ecf3d372.npz
03418ae6-9c6c-4853-ace9-6b29fffc9930,67881,0.23565761744976044,4,10.83418859051838,10.833792976970967,10.841938598607097,0.0003956135474130207,-0.008145621636129974,False,False,False,False,False,False,results/qcnet_server_500/artifacts/03418ae6-9c6c-4853-ace9-6b29fffc9930.npz
02ed805c-5223-4a48-a9d1-3768bc72aa7c,39741,0.9925249218940735,0,10.85704665986177,10.85704665986177,11.378933975599764,0.0,-0.5218873157379953,False,False,False,False,False,False,results/qcnet_server_500/artifacts/02ed805c-5223-4a48-a9d1-3768bc72aa7c.npz
01fca836-8c06-47cb-9369-70104ecb3afe,93786,0.37289032340049744,3,16.316096716847348,10.894689244888761,19.745562883404403,5.421407471958586,-8.850873638515642,False,False,False,False,False,False,results/qcnet_server_500/artifacts/01fca836-8c06-47cb-9369-70104ecb3afe.npz
01d7deae-31e9-4657-843f-c30009b09f1c,30693,0.732215940952301,0,10.950880264997476,10.950880264997476,10.95160519009001,0.0,-0.0007249250925340789,False,False,False,False,False,False,results/qcnet_server_500/artifacts/01d7deae-31e9-4657-843f-c30009b09f1c.npz
00062a32-8d6d-4449-9948-6fedac67bfcd,21361,0.3755086660385132,3,10.971450247782645,10.96309097463087,11.417657629336146,0.008359273151775426,-0.45456665470527646,False,False,False,False,False,False,results/qcnet_server_500/artifacts/00062a32-8d6d-4449-9948-6fedac67bfcd.npz
01608445-d0c0-4ab1-ad71-c1f2366af236,24035,0.39055800437927246,2,10.966813394401589,10.964210576272464,10.967030450196724,0.002602818129124884,-0.0028198739242597526,False,False,False,False,False,False,results/qcnet_server_500/artifacts/01608445-d0c0-4ab1-ad71-c1f2366af236.npz
00629110-b592-4d2a-8524-b5f2e9661048,58567,0.5194918513298035,2,12.685496100147173,10.98485519165387,12.688814816832249,1.7006409084933036,-1.7039596251783795,False,False,False,False,False,False,results/qcnet_server_500/artifacts/00629110-b592-4d2a-8524-b5f2e9661048.npz
0579b963-1e7b-42f8-b8bd-e2377ad20028,30795,0.35900455713272095,5,13.784210821232108,10.98762844952351,11.401914216668192,2.796582371708597,-0.41428576714468157,False,False,False,False,False,False,results/qcnet_server_500/artifacts/0579b963-1e7b-42f8-b8bd-e2377ad20028.npz
022dc6e2-adc2-4991-988a-d85957d41262,31595,0.2945665419101715,4,15.503447304201968,10.989103135488483,14.801047884265286,4.514344168713485,-3.811944748776803,False,False,False,False,False,False,results/qcnet_server_500/artifacts/022dc6e2-adc2-4991-988a-d85957d41262.npz
0432f21b-1d05-476e-af14-fe48315d92ed,21952,0.36160019040107727,5,13.993445093710362,10.99245622716862,14.181066980857963,3.000988866541741,-3.1886107536893427,False,False,False,False,False,False,results/qcnet_server_500/artifacts/0432f21b-1d05-476e-af14-fe48315d92ed.npz
001d7c9e-4f80-4d1d-9ad9-5b6432c4fb36,6857,0.3797161877155304,1,14.210587093506392,11.000884315859116,12.416532912856697,3.2097027776472764,-1.4156485969975812,False,False,False,False,False,False,results/qcnet_server_500/artifacts/001d7c9e-4f80-4d1d-9ad9-5b6432c4fb36.npz
03f6587e-bb2d-46e7-aadf-de76aa41c4a5,27202,0.4965505599975586,2,11.020634133861874,11.015154296882619,11.023359413330004,0.005479836979255026,-0.008205116447385308,False,False,False,False,False,False,results/qcnet_server_500/artifacts/03f6587e-bb2d-46e7-aadf-de76aa41c4a5.npz
015b821a-520a-4a2f-92cd-de0de2f617c4,83880,0.3361888527870178,4,15.372154860363674,11.07791798550188,19.458813106476562,4.294236874861793,-8.380895120974682,False,False,False,False,False,False,results/qcnet_server_500/artifacts/015b821a-520a-4a2f-92cd-de0de2f617c4.npz
019535d0-6810-4cf7-8327-d5f59607ae58,149629,0.3659965693950653,4,13.905852094058085,11.256475963580252,10.756705893459028,2.649376130477833,0.4997700701212242,False,False,False,False,False,False,results/qcnet_server_500/artifacts/019535d0-6810-4cf7-8327-d5f59607ae58.npz
0332eace-a5e2-426b-ad40-6651f7759d47,113682,0.6457722783088684,3,11.309084257227587,11.307529924503978,11.443274514093238,0.0015543327236091642,-0.13574458958925995,False,False,False,False,False,False,results/qcnet_server_500/artifacts/0332eace-a5e2-426b-ad40-6651f7759d47.npz
04ae045a-1d40-4f8c-93f1-fb3e36d3b7e6,22214,0.4172269403934479,4,11.351003830171678,11.350390127101717,11.355652358542692,0.0006137030699608914,-0.005262231440974929,False,False,False,False,False,False,results/qcnet_server_500/artifacts/04ae045a-1d40-4f8c-93f1-fb3e36d3b7e6.npz
0373993d-00e7-4113-8657-a8e1b0838ea4,42997,0.29626649618148804,2,11.381628652392797,11.366676338900678,11.365628052937367,0.014952313492118563,0.0010482859633107466,False,False,False,False,False,False,results/qcnet_server_500/artifacts/0373993d-00e7-4113-8657-a8e1b0838ea4.npz
055502f2-a874-416e-b1f1-a7c2d8cb86a0,45898,0.7237138152122498,3,11.40211500700953,11.395809087547345,11.399663826519886,0.006305919462183951,-0.003854738972540517,False,False,False,False,False,False,results/qcnet_server_500/artifacts/055502f2-a874-416e-b1f1-a7c2d8cb86a0.npz
03046c11-3a07-4553-8213-b9bb37171336,108437,0.34359654784202576,1,11.68565014122959,11.684010883079445,11.687975312355777,0.0016392581501456505,-0.003964429276331671,False,False,False,False,False,False,results/qcnet_server_500/artifacts/03046c11-3a07-4553-8213-b9bb37171336.npz
0255d5d9-15ee-477f-8a5d-e021a5462305,61390,0.25554147362709045,1,15.22094592636608,11.695165578445526,17.11205833678759,3.525780347920554,-5.416892758342065,False,False,False,False,False,False,results/qcnet_server_500/artifacts/0255d5d9-15ee-477f-8a5d-e021a5462305.npz
0563b463-5ecc-448f-968a-c5f4c7be4a4f,43282,0.45481613278388977,4,20.780253221512854,11.706020928955791,21.81624278226722,9.074232292557063,-10.11022185331143,False,False,False,False,False,False,results/qcnet_server_500/artifacts/0563b463-5ecc-448f-968a-c5f4c7be4a4f.npz
00a9541f-a00c-45c6-9071-dec34f5f818b,121514,0.308394193649292,5,11.871685589206988,11.871685589206988,13.929222292287081,0.0,-2.0575367030800926,False,False,False,False,False,False,results/qcnet_server_500/artifacts/00a9541f-a00c-45c6-9071-dec34f5f818b.npz
05038ece-1935-49e5-8a02-0e10dffd4931,21322,0.6306771636009216,1,24.624216550383327,11.928963388932852,24.916254655028307,12.695253161450475,-12.987291266095456,False,False,False,False,False,False,results/qcnet_server_500/artifacts/05038ece-1935-49e5-8a02-0e10dffd4931.npz
0228c7db-252d-49ce-8caf-fb6a131261b0,30482,0.4900650382041931,5,12.049446927188916,12.049446927188916,13.598774172529286,0.0,-1.5493272453403701,False,False,False,False,False,False,results/qcnet_server_500/artifacts/0228c7db-252d-49ce-8caf-fb6a131261b0.npz
036db4b2-d27a-40d6-b255-35c166ed2967,8875,0.6875562071800232,0,12.130255749703823,12.130255749703823,15.296304164615847,0.0,-3.1660484149120247,False,False,False,False,False,False,results/qcnet_server_500/artifacts/036db4b2-d27a-40d6-b255-35c166ed2967.npz
02c86c81-b43b-4c93-9033-4f21da22a24d,223,0.9090957045555115,2,12.205173093438813,12.201173838833107,12.194395181098487,0.0039992546057057154,0.006778657734619387,False,False,False,False,False,False,results/qcnet_server_500/artifacts/02c86c81-b43b-4c93-9033-4f21da22a24d.npz
02c22132-7ab8-4b93-9925-cc5bc1759061,82553,0.25752076506614685,1,12.416370162504585,12.215006608703824,12.409988756787948,0.20136355380076054,-0.19498214808412406,False,False,False,False,False,False,results/qcnet_server_500/artifacts/02c22132-7ab8-4b93-9925-cc5bc1759061.npz
0324a545-ba68-4fdc-b4f8-aadf0c57d62f,59901,0.22673378884792328,4,14.626779868894966,12.427142579992507,15.415183768531165,2.1996372889024585,-2.9880411885386575,False,False,False,False,False,False,results/qcnet_server_500/artifacts/0324a545-ba68-4fdc-b4f8-aadf0c57d62f.npz
05649cd9-316a-4f0c-a7c9-c2bbb0873cc3,150356,0.28055545687675476,4,12.466964491061466,12.463017592017268,12.463816364617799,0.003946899044198204,-0.0007987726005307394,False,False,False,False,False,False,results/qcnet_server_500/artifacts/05649cd9-316a-4f0c-a7c9-c2bbb0873cc3.npz
023a6721-dd09-4edb-9d0d-9bbd2ffde5ce,1388,0.38203853368759155,4,12.476127411500265,12.474875950626544,12.433801311902085,0.0012514608737212995,0.04107463872445827,False,False,False,False,False,False,results/qcnet_server_500/artifacts/023a6721-dd09-4edb-9d0d-9bbd2ffde5ce.npz
058ff7f5-7ccb-4ca6-b406-e2e6a3e14ad0,8457,0.36344459652900696,1,12.49293593970184,12.486511740042287,12.497031620255186,0.006424199659551988,-0.010519880212898514,False,False,False,False,False,False,results/qcnet_server_500/artifacts/058ff7f5-7ccb-4ca6-b406-e2e6a3e14ad0.npz
044cf9e7-b4a2-4e88-b14c-737685e78120,223563,0.3993409276008606,3,24.484249181612828,12.504461017541969,27.034599362400208,11.97978816407086,-14.530138344858239,False,False,False,False,False,False,results/qcnet_server_500/artifacts/044cf9e7-b4a2-4e88-b14c-737685e78120.npz
0563dead-5e96-4d59-852a-4a9efaa76123,44385,0.3522725999355316,4,16.532057232248427,12.513169303698625,16.974213340633057,4.018887928549802,-4.461044036934432,False,False,False,False,False,False,results/qcnet_server_500/artifacts/0563dead-5e96-4d59-852a-4a9efaa76123.npz
02e8bdb8-c5a0-4f88-b404-f0e305fca367,111394,0.41776493191719055,4,12.536944639493752,12.53133457528681,12.523868013788832,0.005610064206942766,0.007466561497977864,False,False,False,False,False,False,results/qcnet_server_500/artifacts/02e8bdb8-c5a0-4f88-b404-f0e305fca367.npz
04b8bf6d-7847-4846-a230-a62fd57dc3e7,90055,0.4149632751941681,2,12.591314220601028,12.590054663256527,12.592624968143111,0.0012595573445004504,-0.0025703048865839406,False,False,False,False,False,False,results/qcnet_server_500/artifacts/04b8bf6d-7847-4846-a230-a62fd57dc3e7.npz
055a053f-766f-4c0d-8c0c-d8a781d6cd4b,16596,0.3712063729763031,3,13.786119060451401,12.738769059841198,12.651818402634913,1.0473500006102032,0.0869506572062857,False,False,False,False,False,False,results/qcnet_server_500/artifacts/055a053f-766f-4c0d-8c0c-d8a781d6cd4b.npz
0361c9c4-2afe-4440-ad10-a45fe1b89045,116805,0.30276942253112793,1,12.778707644313936,12.761837419869485,13.010962169236038,0.01687022444445141,-0.24912474936655293,False,False,False,False,False,False,results/qcnet_server_500/artifacts/0361c9c4-2afe-4440-ad10-a45fe1b89045.npz
03a27f05-7a66-4544-b9cb-28f7de91d0f7,143336,0.3208349347114563,3,15.636264512857954,12.802280027946242,23.823993135529527,2.8339844849117117,-11.021713107583285,False,False,False,False,False,False,results/qcnet_server_500/artifacts/03a27f05-7a66-4544-b9cb-28f7de91d0f7.npz
0388916e-09e1-4749-b896-0c81cfb8e227,10427,0.29278984665870667,4,12.871906688991066,12.87026261698235,12.877825964459847,0.0016440720087160798,-0.007563347477496762,False,False,False,False,False,False,results/qcnet_server_500/artifacts/0388916e-09e1-4749-b896-0c81cfb8e227.npz
0401cc93-919d-44a5-bd3b-8e92b46b328b,18305,0.39366066455841064,1,12.93020642815241,12.929577175401523,12.915697642302515,0.0006292527508868773,0.013879533099007801,False,False,False,False,False,False,results/qcnet_server_500/artifacts/0401cc93-919d-44a5-bd3b-8e92b46b328b.npz
014d18b9-7c8e-44c3-aeb0-bd285b6a0009,4663,0.38457930088043213,1,17.508390133685552,12.95332148762986,16.002625793823164,4.555068646055691,-3.049304306193303,False,False,False,False,False,False,results/qcnet_server_500/artifacts/014d18b9-7c8e-44c3-aeb0-bd285b6a0009.npz
00226ff5-0ee6-43b7-8568-ffd0f357db91,25627,0.2784184217453003,0,14.900658820650712,12.999662131632642,12.990370059018108,1.9009966890180703,0.009292072614533353,False,False,False,False,False,False,results/qcnet_server_500/artifacts/00226ff5-0ee6-43b7-8568-ffd0f357db91.npz
0526691b-3d9e-4a75-a8fc-88fc5acdb794,62742,0.36231085658073425,4,13.093983070010808,13.092023496673885,13.097895603285359,0.0019595733369222046,-0.0058721066114735265,False,False,False,False,False,False,results/qcnet_server_500/artifacts/0526691b-3d9e-4a75-a8fc-88fc5acdb794.npz
04b233a3-1124-4b3a-a618-b63008872885,102942,0.3888583779335022,3,14.745205282767596,13.243834744740818,13.948461682967542,1.5013705380267783,-0.7046269382267241,False,False,False,False,False,False,results/qcnet_server_500/artifacts/04b233a3-1124-4b3a-a618-b63008872885.npz
033f0897-01d9-4bac-a48d-beefb0a33b39,129967,0.35755208134651184,5,13.272525505816574,13.272525505816574,21.553011227879104,0.0,-8.28048572206253,False,False,False,False,False,False,results/qcnet_server_500/artifacts/033f0897-01d9-4bac-a48d-beefb0a33b39.npz
04b33d11-6991-43f4-ab94-237bc69c84b8,57366,0.36568328738212585,2,17.977736589336182,13.283556211632272,17.95606213766736,4.69418037770391,-4.672505926035088,False,False,False,False,False,False,results/qcnet_server_500/artifacts/04b33d11-6991-43f4-ab94-237bc69c84b8.npz
049ee267-2c2f-4390-9d32-b653b5cf270f,11768,0.2753461003303528,4,13.302253837122514,13.302037970931819,13.291975464031553,0.00021586619069502433,0.010062506900265333,False,False,False,False,False,False,results/qcnet_server_500/artifacts/049ee267-2c2f-4390-9d32-b653b5cf270f.npz
04a5afea-8019-4716-b51f-e8a0eec4631f,5238,0.2197117805480957,4,17.74463750703037,13.305786741478597,19.978920133207954,4.438850765551772,-6.6731333917293565,False,False,False,False,False,False,results/qcnet_server_500/artifacts/04a5afea-8019-4716-b51f-e8a0eec4631f.npz
0425f9d8-9fbe-4f82-868e-287857dcff4a,72083,0.4633390009403229,0,26.222023322192484,13.575324968366886,15.94275909582199,12.646698353825599,-2.3674341274551036,False,False,False,False,False,False,results/qcnet_server_500/artifacts/0425f9d8-9fbe-4f82-868e-287857dcff4a.npz
04b6c66c-6a10-4895-9973-0b98f9e43290,75609,0.6577562093734741,0,13.812203706313321,13.812203706313321,12.492542083484036,0.0,1.319661622829285,False,False,False,False,False,False,results/qcnet_server_500/artifacts/04b6c66c-6a10-4895-9973-0b98f9e43290.npz
0319dd70-604b-4681-a139-a63b5777df2f,76426,0.5464271306991577,2,16.554544080139554,13.83197956919206,12.603933124412206,2.7225645109474943,1.228046444779853,False,False,False,False,False,False,results/qcnet_server_500/artifacts/0319dd70-604b-4681-a139-a63b5777df2f.npz
037a7f53-8430-447f-8fd7-cb26536c4c78,8653,0.2150922417640686,4,15.343997089126105,13.834216876771064,15.676297795154833,1.5097802123550412,-1.8420809183837683,False,False,False,False,False,False,results/qcnet_server_500/artifacts/037a7f53-8430-447f-8fd7-cb26536c4c78.npz
0461d152-44bf-4a3b-8609-bfbe01b9af8e,72977,0.5853447318077087,3,31.506618119578714,13.965433092286148,29.702632420372062,17.541185027292567,-15.737199328085914,False,False,False,False,False,False,results/qcnet_server_500/artifacts/0461d152-44bf-4a3b-8609-bfbe01b9af8e.npz
0499c82d-458b-464d-a603-e355e5da4ec7,22118,0.3191201984882355,3,14.047828442533307,14.040534560862188,14.060416045516162,0.007293881671118996,-0.019881484653973658,False,False,False,False,False,False,results/qcnet_server_500/artifacts/0499c82d-458b-464d-a603-e355e5da4ec7.npz
0171cf17-b4c7-4772-af3a-54f338d52101,66511,0.336676687002182,4,14.110824512616054,14.1094508079275,14.110754074511334,0.0013737046885538007,-0.0013032665838341728,False,False,False,False,False,False,results/qcnet_server_500/artifacts/0171cf17-b4c7-4772-af3a-54f338d52101.npz
03ef2306-f91d-436e-872d-6aa60d019611,58406,0.5412216782569885,3,15.101622134375607,14.245918258201124,14.94041680344731,0.8557038761744824,-0.6944985452461854,False,False,False,False,False,False,results/qcnet_server_500/artifacts/03ef2306-f91d-436e-872d-6aa60d019611.npz
00c1667c-0e02-44b2-8e5e-29dc81dfd323,49028,0.802753746509552,5,14.260369326074274,14.260369326074274,14.930215032770255,0.0,-0.6698457066959804,False,False,False,False,False,False,results/qcnet_server_500/artifacts/00c1667c-0e02-44b2-8e5e-29dc81dfd323.npz
05791ba5-0393-483e-a945-150c2e7aa1ed,151435,0.4366530478000641,2,16.34955679215495,14.4368845285424,16.654162868847756,1.9126722636125493,-2.2172783403053558,False,False,False,False,False,False,results/qcnet_server_500/artifacts/05791ba5-0393-483e-a945-150c2e7aa1ed.npz
01648874-5934-457c-abb1-586a68bc6cf9,126409,0.30827808380126953,4,14.452203851452207,14.450929401013052,14.456338337210067,0.0012744504391548617,-0.005408936197014214,False,False,False,False,False,False,results/qcnet_server_500/artifacts/01648874-5934-457c-abb1-586a68bc6cf9.npz
03a404ef-b5a3-4cac-80b0-1ab50401dc80,80582,0.3876882791519165,4,14.467302948288893,14.453584358544912,14.465784844244475,0.013718589743980658,-0.012200485699562336,False,False,False,False,False,False,results/qcnet_server_500/artifacts/03a404ef-b5a3-4cac-80b0-1ab50401dc80.npz
033f03e4-b7c5-4bbe-80ce-43bfaa9e40aa,64645,0.33127009868621826,1,15.857869995284336,14.559261815387915,15.834812186427929,1.298608179896421,-1.2755503710400138,False,False,False,False,False,False,results/qcnet_server_500/artifacts/033f03e4-b7c5-4bbe-80ce-43bfaa9e40aa.npz
012d987d-0f4a-47f7-99c3-04278e8e897e,125803,0.5362687706947327,4,27.51694376296406,14.612936822421078,36.90999957820581,12.904006940542983,-22.297062755784737,False,False,False,False,False,False,results/qcnet_server_500/artifacts/012d987d-0f4a-47f7-99c3-04278e8e897e.npz
00dd0b81-388f-40fd-a8f5-82d05d566cf5,46248,0.3606598377227783,4,14.680958342173563,14.680287148869857,14.679854547624938,0.0006711933037060192,0.00043260124491872887,False,False,False,False,False,False,results/qcnet_server_500/artifacts/00dd0b81-388f-40fd-a8f5-82d05d566cf5.npz
0092658a-5705-4a48-9de0-195b430c03f8,57383,0.36473342776298523,3,18.639528494594042,14.736291842735122,18.744709619581194,3.9032366518589203,-4.008417776846072,False,False,False,False,False,False,results/qcnet_server_500/artifacts/0092658a-5705-4a48-9de0-195b430c03f8.npz
025a13f9-b08a-429a-9059-7e9eb1e06c45,56371,0.20057526230812073,3,15.368387817457526,14.76355638709925,16.59319466860016,0.604831430358276,-1.829638281500909,False,False,False,False,False,False,results/qcnet_server_500/artifacts/025a13f9-b08a-429a-9059-7e9eb1e06c45.npz
01968413-2a52-4d0f-aef1-89487e3f7e1e,186448,0.3405410349369049,4,14.92986847444934,14.812392840520932,14.51701312618867,0.11747563392840732,0.2953797143322614,False,False,False,False,False,False,results/qcnet_server_500/artifacts/01968413-2a52-4d0f-aef1-89487e3f7e1e.npz
055ec09f-356f-47c9-afe6-295a38a47ff5,69560,0.2856178879737854,4,15.77914559442542,15.016628081531556,15.755724973378435,0.762517512893865,-0.739096891846879,False,False,False,False,False,False,results/qcnet_server_500/artifacts/055ec09f-356f-47c9-afe6-295a38a47ff5.npz
034cbdd6-ed26-448e-867d-6eac40a106e7,14068,0.5178624391555786,5,15.329066025043343,15.323880946957527,15.3176062742124,0.005185078085816031,0.006274672745126608,False,False,False,False,False,False,results/qcnet_server_500/artifacts/034cbdd6-ed26-448e-867d-6eac40a106e7.npz
014a4282-3688-40b9-a881-02748e279acf,39577,0.27944615483283997,4,15.365238921408576,15.363329165937055,15.371510972367428,0.0019097554715212794,-0.008181806430373584,False,False,False,False,False,False,results/qcnet_server_500/artifacts/014a4282-3688-40b9-a881-02748e279acf.npz
0238aa4b-940b-4bed-b4b2-785d19213cd4,294088,0.27550026774406433,5,15.490849110573425,15.489506810467343,15.484799916344013,0.0013423001060814954,0.004706894123330585,False,False,False,False,False,False,results/qcnet_server_500/artifacts/0238aa4b-940b-4bed-b4b2-785d19213cd4.npz
0208f4d8-f35d-4d8f-9a94-b774de8c3fa0,163616,0.40104547142982483,2,15.537748462473457,15.510298362991266,15.434838147058542,0.027450099482191348,0.07546021593272378,False,False,False,False,False,False,results/qcnet_server_500/artifacts/0208f4d8-f35d-4d8f-9a94-b774de8c3fa0.npz
0006ca28-fcbb-4ae2-9d9e-951fa3b41c1c,62021,0.4142049252986908,2,20.606983121211297,15.606332468210049,20.724609311727292,5.000650653001248,-5.118276843517243,False,False,False,False,False,False,results/qcnet_server_500/artifacts/0006ca28-fcbb-4ae2-9d9e-951fa3b41c1c.npz
01c0d443-8170-4cc9-8001-e4d41034a173,177439,0.2765272259712219,3,15.679030229280833,15.623472186734006,15.702962255820742,0.055558042546827835,-0.07949006908673617,False,False,False,False,False,False,results/qcnet_server_500/artifacts/01c0d443-8170-4cc9-8001-e4d41034a173.npz
0109ca7d-7ec2-4530-bfb1-4c7d1feb892d,18741,0.423406183719635,3,17.82190915647428,15.686673154450718,19.664973414437906,2.1352360020235626,-3.978300259987188,False,False,False,False,False,False,results/qcnet_server_500/artifacts/0109ca7d-7ec2-4530-bfb1-4c7d1feb892d.npz
04952b1e-9c94-47fe-b5f5-6279a62c9a1f,170889,0.35775503516197205,1,19.511929150994405,15.782580344148055,19.522449992401352,3.7293488068463496,-3.739869648253297,False,False,False,False,False,False,results/qcnet_server_500/artifacts/04952b1e-9c94-47fe-b5f5-6279a62c9a1f.npz
0085e780-a3b2-4432-a64f-56e7b3394432,175315,0.3086889982223511,3,16.762553366491492,15.81820793752908,16.769112717483672,0.9443454289624125,-0.9509047799545929,False,False,False,False,False,False,results/qcnet_server_500/artifacts/0085e780-a3b2-4432-a64f-56e7b3394432.npz
0177f3b7-ded5-4542-b4ce-009cda952dc1,58744,0.35944342613220215,2,16.05436542122949,16.051649770589503,16.041891867638093,0.002715650639988354,0.009757902951410102,False,False,False,False,False,False,results/qcnet_server_500/artifacts/0177f3b7-ded5-4542-b4ce-009cda952dc1.npz
027b81a3-f7ae-41dc-aa94-229b40dd98b1,76494,0.4931242763996124,3,16.074518496197214,16.071027825384522,16.073470017456916,0.0034906708126918318,-0.002442192072393823,False,False,False,False,False,False,results/qcnet_server_500/artifacts/027b81a3-f7ae-41dc-aa94-229b40dd98b1.npz
02bd8f8c-e552-42d4-a23c-8d9d2e153b7b,85959,0.3992268145084381,2,16.172705490906573,16.170815172804065,16.172657183491463,0.0018903181025073934,-0.0018420106873975328,False,False,False,False,False,False,results/qcnet_server_500/artifacts/02bd8f8c-e552-42d4-a23c-8d9d2e153b7b.npz
041d6736-34a9-4474-a91a-d3ea0f3b9a29,68425,0.31302526593208313,4,19.35757494975527,16.297502138633348,18.646007972581838,3.0600728111219233,-2.34850583394849,False,False,False,False,False,False,results/qcnet_server_500/artifacts/041d6736-34a9-4474-a91a-d3ea0f3b9a29.npz
03cf6a50-b668-46ce-ba05-6bd4468b8680,42943,0.3565206229686737,1,20.67425890821956,16.351448776904025,19.090581172276796,4.322810131315535,-2.7391323953727706,False,False,False,False,False,False,results/qcnet_server_500/artifacts/03cf6a50-b668-46ce-ba05-6bd4468b8680.npz
023c4757-bfc8-4569-b32e-11dd0c9f53e1,72820,0.2645527124404907,4,16.463984775423103,16.463984775423103,16.46490994187848,0.0,-0.0009251664553779904,False,False,False,False,False,False,results/qcnet_server_500/artifacts/023c4757-bfc8-4569-b32e-11dd0c9f53e1.npz
0169c8ca-0230-4e03-8c83-7d01cbd77d37,202,0.5642488598823547,3,29.863258463848993,16.473994998296106,32.18086581817644,13.389263465552887,-15.706870819880336,False,False,False,False,False,False,results/qcnet_server_500/artifacts/0169c8ca-0230-4e03-8c83-7d01cbd77d37.npz
03b86142-5dd7-47b5-931b-dc75a4ed88ff,79862,0.3353119194507599,3,26.165397077799923,16.654648631406225,28.945906787069525,9.510748446393698,-12.2912581556633,False,False,False,False,False,False,results/qcnet_server_500/artifacts/03b86142-5dd7-47b5-931b-dc75a4ed88ff.npz
00e988db-319b-45b1-b16d-ccbbeaeb07cc,121659,0.3607896566390991,1,19.080899521784556,16.713210641485993,18.434368709550537,2.3676888802985623,-1.7211580680645433,False,False,False,False,False,False,results/qcnet_server_500/artifacts/00e988db-319b-45b1-b16d-ccbbeaeb07cc.npz
001ce108-22b2-4e40-bcf3-40d22732a8c3,192411,0.28580182790756226,3,18.396278705008168,16.778166389947156,18.237195114766635,1.618112315061012,-1.459028724819479,False,False,False,False,False,False,results/qcnet_server_500/artifacts/001ce108-22b2-4e40-bcf3-40d22732a8c3.npz
040320ad-b3cc-4cbf-b9b8-e74267c84ec0,51467,0.3458271622657776,0,27.293042857402675,16.841088297274833,25.1089806838785,10.451954560127842,-8.267892386603666,False,False,False,False,False,False,results/qcnet_server_500/artifacts/040320ad-b3cc-4cbf-b9b8-e74267c84ec0.npz
04e9c1ca-7560-476e-9d1c-8f5255a06a8b,264083,0.26946285367012024,4,17.302785247889855,16.845666696702573,17.299362922043226,0.45711855118728195,-0.45369622534065357,False,False,False,False,False,False,results/qcnet_server_500/artifacts/04e9c1ca-7560-476e-9d1c-8f5255a06a8b.npz
039c3bd7-baf7-429e-adcb-3f0124360e9a,106204,0.335695743560791,2,17.684478356759907,17.064793058862445,17.689694180888374,0.6196852978974619,-0.6249011220259284,False,False,False,False,False,False,results/qcnet_server_500/artifacts/039c3bd7-baf7-429e-adcb-3f0124360e9a.npz
00010486-9a07-48ae-b493-cf4545855937,77544,0.37310001254081726,4,17.12910776585952,17.126779253743834,17.137973409870547,0.0023285121156852995,-0.01119415612671304,False,False,False,False,False,False,results/qcnet_server_500/artifacts/00010486-9a07-48ae-b493-cf4545855937.npz
043b681e-fcf9-43cc-96c9-77416fe8e948,46261,0.27599263191223145,4,17.37410801299847,17.133438601215797,17.69772758097775,0.24066941178267243,-0.5642889797619546,False,False,False,False,False,False,results/qcnet_server_500/artifacts/043b681e-fcf9-43cc-96c9-77416fe8e948.npz
00e452e1-1a79-4327-abb2-fbbe0097b1b5,57984,0.7565732598304749,2,26.600502393131922,17.22523442315263,25.951720760837183,9.37526796997929,-8.726486337684552,False,False,False,False,False,False,results/qcnet_server_500/artifacts/00e452e1-1a79-4327-abb2-fbbe0097b1b5.npz
00d9f613-2637-4665-b640-15ca2219929a,102075,0.4602527618408203,4,17.575652469847757,17.344579071798645,17.571669276340884,0.2310733980491122,-0.2270902045422396,False,False,False,False,False,False,results/qcnet_server_500/artifacts/00d9f613-2637-4665-b640-15ca2219929a.npz
03e1c00b-a7c4-48ba-876b-284f56a0d95f,17251,0.3146500587463379,1,19.210262398391475,17.369900609223134,31.749485060687704,1.840361789168341,-14.37958445146457,False,False,False,False,False,False,results/qcnet_server_500/artifacts/03e1c00b-a7c4-48ba-876b-284f56a0d95f.npz
0531a0b8-6660-4796-a7df-0faaa45106fa,71384,0.2592533528804779,5,17.39652344273255,17.39652344273255,19.359866827997386,0.0,-1.9633433852648352,False,False,False,False,False,False,results/qcnet_server_500/artifacts/0531a0b8-6660-4796-a7df-0faaa45106fa.npz
00eb04c6-a59e-4ff4-9d26-325b629b212b,25265,0.40435609221458435,1,17.42634904873183,17.425877933542896,17.420274840761028,0.00047111518893316884,0.005603092781868213,False,False,False,False,False,False,results/qcnet_server_500/artifacts/00eb04c6-a59e-4ff4-9d26-325b629b212b.npz
045f9c81-96b1-4477-a134-32baeed93710,114920,0.3063797950744629,2,17.45902639166981,17.45856346914344,17.460594723471058,0.0004629225263705905,-0.002031254327619081,False,False,False,False,False,False,results/qcnet_server_500/artifacts/045f9c81-96b1-4477-a134-32baeed93710.npz
02b8441d-1c61-4e33-91ff-ed2a5929b395,52757,0.3776800036430359,1,17.802382655136434,17.79048071384568,17.80007086471267,0.01190194129075195,-0.009590150866987557,False,False,False,False,False,False,results/qcnet_server_500/artifacts/02b8441d-1c61-4e33-91ff-ed2a5929b395.npz
027ce064-d67b-4ef6-b246-a0971274e132,4396,0.26818305253982544,1,17.933098641052627,17.931991280176263,17.935902185237683,0.0011073608763645382,-0.003910905061420777,False,False,False,False,False,False,results/qcnet_server_500/artifacts/027ce064-d67b-4ef6-b246-a0971274e132.npz
00404e6d-ff66-460e-8f22-bc61fc9f7f9d,93160,0.4512372612953186,0,17.93692871838836,17.93345918897808,17.932088347948092,0.003469529410278227,0.0013708410299884122,False,False,False,False,False,False,results/qcnet_server_500/artifacts/00404e6d-ff66-460e-8f22-bc61fc9f7f9d.npz
03ef8a00-676c-456e-bbe9-0fc6fb7b5ad3,25468,0.31288406252861023,4,17.95960976350944,17.958854212478514,17.9587416494065,0.0007555510309273927,0.00011256307201179538,False,False,False,False,False,False,results/qcnet_server_500/artifacts/03ef8a00-676c-456e-bbe9-0fc6fb7b5ad3.npz
02310b3c-10fc-4848-a883-d9578d0e175e,122922,0.39273855090141296,4,19.528145291566187,17.96317555909899,17.882709474545972,1.5649697324671976,0.08046608455301651,False,False,False,False,False,False,results/qcnet_server_500/artifacts/02310b3c-10fc-4848-a883-d9578d0e175e.npz
037ffad2-3957-4598-8041-513514182a5d,63919,0.5556784272193909,4,18.228375970827926,18.150998779493865,18.23026260471178,0.07737719133406173,-0.07926382521791453,False,False,False,False,False,False,results/qcnet_server_500/artifacts/037ffad2-3957-4598-8041-513514182a5d.npz
050867a9-8342-4833-8c30-a48d833512ba,661,0.510847270488739,0,18.163924187574565,18.163924187574565,23.35168987148819,0.0,-5.187765683913625,False,False,False,False,False,False,results/qcnet_server_500/artifacts/050867a9-8342-4833-8c30-a48d833512ba.npz
05033799-7b85-468d-a4a0-24b087648130,96597,0.38672637939453125,4,29.789669436112625,18.259898365801945,29.86495575485803,11.52977107031068,-11.605057389056086,False,False,False,False,False,False,results/qcnet_server_500/artifacts/05033799-7b85-468d-a4a0-24b087648130.npz
03ad6094-9b04-4039-8cc1-488bf898e660,70167,0.35509249567985535,1,18.330621086374986,18.32797642336216,18.33248848337777,0.0026446630128269533,-0.004512060015610331,False,False,False,False,False,False,results/qcnet_server_500/artifacts/03ad6094-9b04-4039-8cc1-488bf898e660.npz
04e4ff3d-71f8-4fbf-b5ac-85520278970a,32764,0.27788129448890686,1,19.13685126182341,18.4464135033506,19.307407366723073,0.690437758472811,-0.8609938633724745,False,False,False,False,False,False,results/qcnet_server_500/artifacts/04e4ff3d-71f8-4fbf-b5ac-85520278970a.npz
03fc110f-101f-474b-a399-95d9b4664d7c,21612,0.4312129616737366,4,18.513285803811403,18.50976160783393,18.509224578140575,0.003524195977472999,0.0005370296933548957,False,False,False,False,False,False,results/qcnet_server_500/artifacts/03fc110f-101f-474b-a399-95d9b4664d7c.npz
04b1ce97-eb8a-45ae-a7b0-41f5a7585e23,54354,0.3877532184123993,3,25.62438071944748,18.59124515485053,22.57134069165262,7.03313556459695,-3.9800955368020894,False,False,False,False,False,False,results/qcnet_server_500/artifacts/04b1ce97-eb8a-45ae-a7b0-41f5a7585e23.npz
054a75aa-f6cb-4d09-99c0-ee6c350f9a25,96662,0.30156785249710083,3,18.661534659949748,18.65603385173882,17.924287222945235,0.005500808210928909,0.7317466287935837,False,False,False,False,False,False,results/qcnet_server_500/artifacts/054a75aa-f6cb-4d09-99c0-ee6c350f9a25.npz
0574580f-6dbc-48c2-9bd6-a5b5559e70a3,68990,0.3286329507827759,1,18.784444532482343,18.76483455816792,18.83318669704234,0.019609974314423795,-0.06835213887442038,False,False,False,False,False,False,results/qcnet_server_500/artifacts/0574580f-6dbc-48c2-9bd6-a5b5559e70a3.npz
00a28ba6-9343-42b7-9458-5aebdf1a7360,51797,0.2822343707084656,4,18.825288033339937,18.825288033339937,18.823596091499674,0.0,0.0016919418402636666,False,False,False,False,False,False,results/qcnet_server_500/artifacts/00a28ba6-9343-42b7-9458-5aebdf1a7360.npz
03f198e9-3ffc-4b04-9863-fb41d2431926,82530,0.5293849110603333,3,19.076183137473418,19.068029822631814,19.06859316140901,0.008153314841603532,-0.0005633387771943887,False,False,False,False,False,False,results/qcnet_server_500/artifacts/03f198e9-3ffc-4b04-9863-fb41d2431926.npz
02538229-02ca-487c-842a-20a60c8767b5,171530,0.21415390074253082,1,21.876393749936664,19.132668666782806,21.559808442267844,2.7437250831538584,-2.4271397754850383,False,False,False,False,False,False,results/qcnet_server_500/artifacts/02538229-02ca-487c-842a-20a60c8767b5.npz
04863ae1-01ca-47d0-a6b6-980f74147055,35298,0.2731918394565582,3,26.98146376287644,19.218660160568035,38.24164453964621,7.762803602308406,-19.022984379078174,False,False,False,False,False,False,results/qcnet_server_500/artifacts/04863ae1-01ca-47d0-a6b6-980f74147055.npz
04e1749e-5d62-4a4d-ba66-f2a77a24c613,52179,0.32936692237854004,4,21.450715883408755,19.27959597029702,19.904022966547192,2.1711199131117347,-0.6244269962501718,False,False,False,False,False,False,results/qcnet_server_500/artifacts/04e1749e-5d62-4a4d-ba66-f2a77a24c613.npz
020eb6fa-c82e-40cc-bd37-ae6992391142,18275,0.2647043466567993,3,19.347974454980626,19.344753886821753,19.34805296831096,0.0032205681588735047,-0.0032990814892066567,False,False,False,False,False,False,results/qcnet_server_500/artifacts/020eb6fa-c82e-40cc-bd37-ae6992391142.npz
057adf67-91c2-43de-a2fd-6279244018fc,198950,0.2922826409339905,4,22.58579850294266,19.422341190383783,22.688301101509854,3.163457312558876,-3.265959911126071,False,False,False,False,False,False,results/qcnet_server_500/artifacts/057adf67-91c2-43de-a2fd-6279244018fc.npz
03aa159a-11c8-48a8-b007-c754b7417d64,68618,0.4223302900791168,5,19.5493227331755,19.535815951889038,19.54022232916103,0.013506781286462655,-0.004406377271990891,False,False,False,False,False,False,results/qcnet_server_500/artifacts/03aa159a-11c8-48a8-b007-c754b7417d64.npz
02590051-6153-4257-b586-9545f58d20f2,201904,0.321908563375473,3,20.81392287675785,19.551253245445924,21.87446525192596,1.262669631311926,-2.3232120064800377,False,False,False,False,False,False,results/qcnet_server_500/artifacts/02590051-6153-4257-b586-9545f58d20f2.npz
00de80df-9dfe-4ef7-a17f-7855caf9878f,34505,0.29861631989479065,4,20.53536385352703,19.56437352383165,20.00139052280836,0.970990329695379,-0.4370169989767092,False,False,False,False,False,False,results/qcnet_server_500/artifacts/00de80df-9dfe-4ef7-a17f-7855caf9878f.npz
027e4177-b97d-4f7c-a0f6-591ca68330f9,2512,0.2701129615306854,1,20.788936246272105,19.95535821158992,20.788063071166615,0.8335780346821835,-0.8327048595766939,False,False,False,False,False,False,results/qcnet_server_500/artifacts/027e4177-b97d-4f7c-a0f6-591ca68330f9.npz
00bb5f2e-c964-4fcd-9c6a-4353a7baed6e,11023,0.48432987928390503,0,24.042366131838932,20.35152175518504,23.976760724224956,3.6908443766538923,-3.6252389690399163,False,False,False,False,False,False,results/qcnet_server_500/artifacts/00bb5f2e-c964-4fcd-9c6a-4353a7baed6e.npz
012ae3e3-aa0b-45e6-af38-f8ddb5ecec6b,91257,0.38695940375328064,3,22.339023845519364,20.64149104742668,22.59984576078824,1.6975327980926842,-1.9583547133615617,False,False,False,False,False,False,results/qcnet_server_500/artifacts/012ae3e3-aa0b-45e6-af38-f8ddb5ecec6b.npz
03ef2f53-ec8f-41c1-be64-91ab10b0dd1e,81247,0.3315635323524475,1,20.653460552337023,20.653460552337023,21.64944558634096,0.0,-0.9959850340039367,False,False,False,False,False,False,results/qcnet_server_500/artifacts/03ef2f53-ec8f-41c1-be64-91ab10b0dd1e.npz
055711bd-7a01-465b-8a22-1de3687f9f12,61293,0.3125024735927582,4,21.853755478101398,20.681648948236177,21.854731652151205,1.1721065298652213,-1.1730827039150284,False,False,False,False,False,False,results/qcnet_server_500/artifacts/055711bd-7a01-465b-8a22-1de3687f9f12.npz
0300c983-cc75-403d-a471-649bd76d34f2,17450,0.49996721744537354,1,23.778960832810224,20.71337388521178,21.462862817877486,3.065586947598444,-0.7494889326657059,False,False,False,False,False,False,results/qcnet_server_500/artifacts/0300c983-cc75-403d-a471-649bd76d34f2.npz
011f5450-0124-43f2-8374-9322c5f99c50,127448,0.4880991578102112,3,24.78179639163416,20.803487647940443,24.109056686400994,3.9783087436937166,-3.3055690384605505,False,False,False,False,False,False,results/qcnet_server_500/artifacts/011f5450-0124-43f2-8374-9322c5f99c50.npz
0467d8fb-9727-4907-bad5-4dedcefb04a7,25989,0.2705238461494446,4,20.86817158541427,20.86795205271396,20.870872272578794,0.00021953270031005445,-0.0029202198648334843,False,False,False,False,False,False,results/qcnet_server_500/artifacts/0467d8fb-9727-4907-bad5-4dedcefb04a7.npz
00abf9e5-4bc0-4b90-a3da-9d858df18f7d,7592,0.46822506189346313,2,20.952566373022073,20.94956892532831,20.95152237934041,0.0029974476937617567,-0.0019534540120993427,False,False,False,False,False,False,results/qcnet_server_500/artifacts/00abf9e5-4bc0-4b90-a3da-9d858df18f7d.npz
01f85d76-2704-4640-b28b-570594232599,82467,0.30695629119873047,1,22.86639187228236,21.042077887888997,21.62253129732247,1.8243139843933633,-0.5804534094334741,False,False,False,False,False,False,results/qcnet_server_500/artifacts/01f85d76-2704-4640-b28b-570594232599.npz
00e194d5-57e3-4cd5-ba8d-61f89acea8c1,19244,0.29596155881881714,2,21.204975557022117,21.204975557022117,21.208882377732127,0.0,-0.0039068207100108054,False,False,False,False,False,False,results/qcnet_server_500/artifacts/00e194d5-57e3-4cd5-ba8d-61f89acea8c1.npz
015ec6a8-5bb1-43d2-9afc-866b8d3a6ae4,23534,0.24532254040241241,4,21.26664709857151,21.26322498028865,21.262744487487808,0.003422118282859543,0.0004804928008432796,False,False,False,False,False,False,results/qcnet_server_500/artifacts/015ec6a8-5bb1-43d2-9afc-866b8d3a6ae4.npz
00546066-20ea-4012-854a-fcdb47973b92,115299,0.23257561028003693,4,23.441563069703083,21.305833646511417,21.860525189925028,2.135729423191666,-0.554691543413611,False,False,False,False,False,False,results/qcnet_server_500/artifacts/00546066-20ea-4012-854a-fcdb47973b92.npz
0215552f-6951-47e5-8cf6-3d1351d28957,16016,0.8125720024108887,0,21.379099842047452,21.369738885349623,21.381891422413165,0.009360956697829437,-0.012152537063542468,False,False,False,False,False,False,results/qcnet_server_500/artifacts/0215552f-6951-47e5-8cf6-3d1351d28957.npz
02f9c042-d28b-4104-88a6-889715346890,4483,0.8430866599082947,2,47.53535735926083,21.393033415227134,47.132367431073234,26.142323944033695,-25.7393340158461,False,False,False,False,False,False,results/qcnet_server_500/artifacts/02f9c042-d28b-4104-88a6-889715346890.npz
0036b8de-9be1-4861-adcf-34671484a3c3,42935,0.527022659778595,4,38.00933910903077,21.394639975212495,47.26503240607924,16.614699133818274,-25.870392430866747,False,False,False,False,False,False,results/qcnet_server_500/artifacts/0036b8de-9be1-4861-adcf-34671484a3c3.npz
01ed6986-529a-4252-b25e-8052fbc8233f,43591,0.27631908655166626,4,22.043037177842756,21.441706543590186,22.029747888747583,0.6013306342525695,-0.5880413451573965,False,False,False,False,False,False,results/qcnet_server_500/artifacts/01ed6986-529a-4252-b25e-8052fbc8233f.npz
03b53590-22e2-4847-87a6-464bbf0b7465,177863,0.5770699381828308,5,46.666230276316455,21.45930151471985,21.14675213040546,25.206928761596604,0.3125493843143907,False,False,False,False,False,False,results/qcnet_server_500/artifacts/03b53590-22e2-4847-87a6-464bbf0b7465.npz
02ecb39d-b566-4a45-b641-694b6dc452c3,162670,0.3156687319278717,1,22.95580113068435,21.870063704339884,22.953431051458796,1.0857374263444655,-1.0833673471189122,False,False,False,False,False,False,results/qcnet_server_500/artifacts/02ecb39d-b566-4a45-b641-694b6dc452c3.npz
02ae120e-ebc6-49bf-924a-f7f328a18cf4,36075,0.29580309987068176,1,21.988371513589396,21.984706355355083,21.990048779911348,0.003665158234312571,-0.005342424556264547,False,False,False,False,False,False,results/qcnet_server_500/artifacts/02ae120e-ebc6-49bf-924a-f7f328a18cf4.npz
044e7279-4f38-4b3d-8409-0a7c11a0b88f,169260,0.3161163032054901,1,34.679247777567625,21.999299352499502,39.82427639066071,12.679948425068122,-17.824977038161204,False,False,False,False,False,False,results/qcnet_server_500/artifacts/044e7279-4f38-4b3d-8409-0a7c11a0b88f.npz
00f0977f-caf9-4781-b2b6-9747cbb7e7a3,3382,0.5575434565544128,2,22.758787937978617,22.42599386338016,22.785729899543355,0.332794074598457,-0.35973603616319494,False,False,False,False,False,False,results/qcnet_server_500/artifacts/00f0977f-caf9-4781-b2b6-9747cbb7e7a3.npz
00450480-0bcd-46b9-a48b-5337d8c9d0a3,281880,0.29617732763290405,4,22.46708486306602,22.430353639424283,22.398474141088613,0.03673122364173764,0.03187949833566961,False,False,False,False,False,False,results/qcnet_server_500/artifacts/00450480-0bcd-46b9-a48b-5337d8c9d0a3.npz
030a3893-bd32-4855-936f-992c77fd4aab,23513,0.5984019637107849,4,24.613986200890675,22.569086000700228,22.007625496794812,2.0449002001904475,0.5614605039054155,False,False,False,False,False,False,results/qcnet_server_500/artifacts/030a3893-bd32-4855-936f-992c77fd4aab.npz
04bd90b0-7719-4c3a-924d-c9f2b15103ff,104820,0.264938086271286,3,24.698689866998386,22.66886379224163,16.53154951411959,2.0298260747567554,6.137314278122041,False,False,False,False,False,False,results/qcnet_server_500/artifacts/04bd90b0-7719-4c3a-924d-c9f2b15103ff.npz
01ad19fa-e2b3-49f4-bfbd-2b346fd1d091,45898,0.3632192313671112,1,30.646657161263242,22.729367082786247,34.55612137726228,7.917290078476995,-11.826754294476032,False,False,False,False,False,False,results/qcnet_server_500/artifacts/01ad19fa-e2b3-49f4-bfbd-2b346fd1d091.npz
01740590-deff-4fa8-928a-e77ad373acf9,159811,0.5293123722076416,0,22.737285817680004,22.737285817680004,20.242911981613176,0.0,2.4943738360668277,False,False,False,False,False,False,results/qcnet_server_500/artifacts/01740590-deff-4fa8-928a-e77ad373acf9.npz
01398017-cd33-4092-a16c-2b1f78da7546,3414,0.3619553744792938,4,22.971048869558548,22.971048869558548,22.966221467878114,0.0,0.004827401680433496,False,False,False,False,False,False,results/qcnet_server_500/artifacts/01398017-cd33-4092-a16c-2b1f78da7546.npz
0537fb18-f22f-490c-aa9f-05bd219a7379,126734,0.36604297161102295,1,27.621720638290512,23.10149425719692,22.815726368209603,4.520226381093593,0.28576788898731564,False,False,False,False,False,False,results/qcnet_server_500/artifacts/0537fb18-f22f-490c-aa9f-05bd219a7379.npz
03219b3e-b385-4779-99f5-aa1ca5783f33,66000,0.22516104578971863,4,23.120255655762264,23.11426705301361,23.124112867724275,0.00598860274865487,-0.00984581471066548,False,False,False,False,False,False,results/qcnet_server_500/artifacts/03219b3e-b385-4779-99f5-aa1ca5783f33.npz
023247e3-b62d-4d81-8453-5d24354e3c9f,30447,0.5466959476470947,1,25.62595523385451,23.390914299806074,24.587797498894055,2.2350409340484347,-1.1968831990879814,False,False,False,False,False,False,results/qcnet_server_500/artifacts/023247e3-b62d-4d81-8453-5d24354e3c9f.npz
0424e1ff-4b0a-45ff-9641-a030a37a40b7,14491,0.40190523862838745,3,23.470989922406638,23.457709060773237,23.46062566819983,0.013280861633401031,-0.0029166074265951636,False,False,False,False,False,False,results/qcnet_server_500/artifacts/0424e1ff-4b0a-45ff-9641-a030a37a40b7.npz
0044b5c0-f492-43b3-ae9c-daa8ff1c9584,152834,0.3977371156215668,3,23.54343162449964,23.540380968302372,23.55417334151993,0.0030506561972671875,-0.013792373217558662,False,False,False,False,False,False,results/qcnet_server_500/artifacts/0044b5c0-f492-43b3-ae9c-daa8ff1c9584.npz
02a69394-a6db-4322-ac2d-b38119e94c15,92494,0.29387709498405457,2,31.168508716521455,23.552907786678755,27.930191086600704,7.615600929842699,-4.377283299921949,False,False,False,False,False,False,results/qcnet_server_500/artifacts/02a69394-a6db-4322-ac2d-b38119e94c15.npz
03d2245b-361b-4f1b-aeb1-39cc105d9abd,4458,0.5869281888008118,0,27.424540482003554,23.672320431588105,27.434724164418736,3.752220050415449,-3.762403732830631,False,False,False,False,False,False,results/qcnet_server_500/artifacts/03d2245b-361b-4f1b-aeb1-39cc105d9abd.npz
047077a9-096f-49c6-a09b-65dd96d1a5c6,26388,0.5133558511734009,3,23.711724935964867,23.710193282990293,23.704242541649435,0.001531652974573916,0.0059507413408574905,False,False,False,False,False,False,results/qcnet_server_500/artifacts/047077a9-096f-49c6-a09b-65dd96d1a5c6.npz
053b1526-516f-401b-b21a-8b25ab8627b3,16213,0.41028642654418945,1,31.19443288452893,23.71869790603788,30.964512908395886,7.475734978491047,-7.245815002358004,False,False,False,False,False,False,results/qcnet_server_500/artifacts/053b1526-516f-401b-b21a-8b25ab8627b3.npz
013c7009-91c3-42e8-8ef2-8633d90f7d95,153435,0.3733786344528198,2,37.69603236535152,23.748392187457174,37.69925661316611,13.947640177894346,-13.95086442570894,False,False,False,False,False,False,results/qcnet_server_500/artifacts/013c7009-91c3-42e8-8ef2-8633d90f7d95.npz
02994e7a-1be1-4e43-9f16-02f8aaca86b4,9347,0.5325383543968201,0,23.901250462699995,23.8916689783888,23.919972337844133,0.009581484311194544,-0.028303359455332355,False,False,False,False,False,False,results/qcnet_server_500/artifacts/02994e7a-1be1-4e43-9f16-02f8aaca86b4.npz
046c3777-ffa1-4e58-a071-d0e45522b44c,228097,0.8979787826538086,0,48.23102218595877,24.408367248386902,48.22109761772606,23.82265493757187,-23.812730369339157,False,False,False,False,False,False,results/qcnet_server_500/artifacts/046c3777-ffa1-4e58-a071-d0e45522b44c.npz
045fd937-8671-4e40-991c-9b02c19372a2,16381,0.24493253231048584,4,24.907503031916455,24.903128990807765,24.906579313709628,0.004374041108690108,-0.0034503229018625348,False,False,False,False,False,False,results/qcnet_server_500/artifacts/045fd937-8671-4e40-991c-9b02c19372a2.npz
030c97d9-a9f6-4f3a-851c-b3491a09d4eb,58068,0.3464237153530121,2,24.917718063507174,24.90765350580127,24.89992789005271,0.010064557705902644,0.00772561574856212,False,False,False,False,False,False,results/qcnet_server_500/artifacts/030c97d9-a9f6-4f3a-851c-b3491a09d4eb.npz
01c4ac10-5f99-460f-bc86-fd64d704ddf8,69424,0.2533800005912781,1,31.973013857342906,24.9170913410251,30.131334936674655,7.055922516317807,-5.214243595649556,False,False,False,False,False,False,results/qcnet_server_500/artifacts/01c4ac10-5f99-460f-bc86-fd64d704ddf8.npz
01340461-df3d-4d25-9085-657d1c7839f3,158123,0.40866899490356445,1,25.52454758925269,25.19790956471105,24.930970362773092,0.3266380245416407,0.2669392019379586,False,False,False,False,False,False,results/qcnet_server_500/artifacts/01340461-df3d-4d25-9085-657d1c7839f3.npz
0169cd4a-5b5a-4016-80b9-828cc05e554c,919,0.33373215794563293,1,35.45798024757447,25.20797209917634,37.73721329358833,10.250008148398127,-12.529241194411991,False,False,False,False,False,False,results/qcnet_server_500/artifacts/0169cd4a-5b5a-4016-80b9-828cc05e554c.npz
021bb967-2faf-4528-a334-9b249d4b36ee,39359,0.4194238483905792,1,32.5598917486709,25.303822450199608,34.8112950110046,7.256069298471292,-9.507472560804995,False,False,False,False,False,False,results/qcnet_server_500/artifacts/021bb967-2faf-4528-a334-9b249d4b36ee.npz
058e1923-47d3-4ce6-ab81-1fa24912971e,51544,0.3128873109817505,4,28.937573657283394,25.333893774826727,24.698116786850257,3.6036798824566674,0.6357769879764703,False,False,False,False,False,False,results/qcnet_server_500/artifacts/058e1923-47d3-4ce6-ab81-1fa24912971e.npz
0307fa81-9363-4b36-83d5-9eb7f1d5e188,39444,0.252072274684906,2,25.492849843489452,25.489244631103297,25.487794962369367,0.0036052123861551877,0.0014496687339295988,False,False,False,False,False,False,results/qcnet_server_500/artifacts/0307fa81-9363-4b36-83d5-9eb7f1d5e188.npz
051d5cad-a738-4656-9b54-8bd87d312a0b,128672,0.6517117619514465,0,54.18906604299176,25.69955323670041,47.81516892866706,28.48951280629135,-22.115615691966653,False,False,False,False,False,False,results/qcnet_server_500/artifacts/051d5cad-a738-4656-9b54-8bd87d312a0b.npz
057ef557-55c0-44b0-9897-800e84c4edd6,37575,0.4309702217578888,2,28.32865003492727,25.732557024085096,27.146873950530082,2.596093010842175,-1.414316926444986,False,False,False,False,False,False,results/qcnet_server_500/artifacts/057ef557-55c0-44b0-9897-800e84c4edd6.npz
018b5689-8c37-4286-aebc-85b51a5d9392,84977,0.4330800473690033,5,25.911605645468665,25.902222959409087,27.442688242062154,0.009382686059577594,-1.5404652826530665,False,False,False,False,False,False,results/qcnet_server_500/artifacts/018b5689-8c37-4286-aebc-85b51a5d9392.npz
02807b27-d648-4887-a79e-6f7b775eb34c,133041,0.432616651058197,2,26.09364993864569,26.037503811666678,25.126024651121845,0.05614612697901222,0.9114791605448325,False,False,False,False,False,False,results/qcnet_server_500/artifacts/02807b27-d648-4887-a79e-6f7b775eb34c.npz
02c4c773-a4f1-4f9b-a186-d0d34ff93641,50869,0.9050540328025818,0,26.158570299780894,26.158570299780894,26.224905722487733,0.0,-0.0663354227068389,False,False,False,False,False,False,results/qcnet_server_500/artifacts/02c4c773-a4f1-4f9b-a186-d0d34ff93641.npz
045f966b-6e83-411e-b7b3-2a8dbdebd427,213196,0.431465208530426,0,42.30084583551879,26.234675870877517,31.347902256518033,16.066169964641276,-5.113226385640516,False,False,False,False,False,False,results/qcnet_server_500/artifacts/045f966b-6e83-411e-b7b3-2a8dbdebd427.npz
0543fa2d-e8d3-408f-898a-98237353ebc5,93570,0.4111576974391937,4,26.49383000867731,26.485714459376076,26.498341458979567,0.008115549301233926,-0.012626999603490674,False,False,False,False,False,False,results/qcnet_server_500/artifacts/0543fa2d-e8d3-408f-898a-98237353ebc5.npz
0189cec7-f323-4487-97d9-46cbd40a2af0,10641,0.2615606188774109,1,26.673912799319115,26.67333531893361,26.67363576434911,0.0005774803855054245,-0.00030044541550111603,False,False,False,False,False,False,results/qcnet_server_500/artifacts/0189cec7-f323-4487-97d9-46cbd40a2af0.npz
04b12dab-9486-44b2-8adc-6474b565f42f,28275,0.4206497371196747,2,26.782691242703972,26.764393453830618,26.718609415766416,0.018297788873354648,0.04578403806420184,False,False,False,False,False,False,results/qcnet_server_500/artifacts/04b12dab-9486-44b2-8adc-6474b565f42f.npz
00976f6f-59fa-4fad-ba0b-828cce074d97,32730,0.2207164615392685,1,28.450822853330102,26.768159159575504,28.450294786452908,1.6826636937545985,-1.682135626877404,False,False,False,False,False,False,results/qcnet_server_500/artifacts/00976f6f-59fa-4fad-ba0b-828cce074d97.npz
02f59b36-3288-4c79-ac01-b5afd35eb53e,6220,0.42153674364089966,3,29.11621319855408,27.238002874696214,32.731130817044104,1.8782103238578678,-5.49312794234789,False,False,False,False,False,False,results/qcnet_server_500/artifacts/02f59b36-3288-4c79-ac01-b5afd35eb53e.npz
0119275b-35ba-48d9-9cde-cb72f2849423,24777,0.5404870510101318,2,27.61208190018607,27.611924525982207,27.606163629358317,0.00015737420386230383,0.005760896623890233,False,False,False,False,False,False,results/qcnet_server_500/artifacts/0119275b-35ba-48d9-9cde-cb72f2849423.npz
050c5cf4-1ac8-4bcc-b0e4-10f33041a287,36414,0.3679748773574829,1,27.753183411293083,27.675170086753234,27.77285570294464,0.07801332453984955,-0.0976856161914057,False,False,False,False,False,False,results/qcnet_server_500/artifacts/050c5cf4-1ac8-4bcc-b0e4-10f33041a287.npz
03a6c21a-dfbb-4047-b47f-6e8032f09fcd,26318,0.24822591245174408,1,32.674788795774475,27.76273038289562,29.06955861035708,4.9120584128788565,-1.3068282274614624,False,False,False,False,False,False,results/qcnet_server_500/artifacts/03a6c21a-dfbb-4047-b47f-6e8032f09fcd.npz
04f0a78b-fe7d-425f-9ccd-a476900d201f,22318,0.26361069083213806,4,33.11628057862825,27.886921062342097,30.291014495520976,5.229359516286152,-2.404093433178879,False,False,False,False,False,False,results/qcnet_server_500/artifacts/04f0a78b-fe7d-425f-9ccd-a476900d201f.npz
024338e0-da9b-42a3-a67c-9e2b80e3e466,41712,0.4591445326805115,2,27.923166801229577,27.92169208178512,27.92885203572466,0.0014747194444559852,-0.00715995393953861,False,False,False,False,False,False,results/qcnet_server_500/artifacts/024338e0-da9b-42a3-a67c-9e2b80e3e466.npz
056327df-9012-4124-87b2-9c3fd36987cc,58125,0.3737712502479553,4,29.39871418944638,28.67828065585322,29.094488510486002,0.7204335335931589,-0.41620785463278054,False,False,False,False,False,False,results/qcnet_server_500/artifacts/056327df-9012-4124-87b2-9c3fd36987cc.npz
0553b9d1-e849-40e2-804a-af3dbe5e1d22,1954,0.3481241762638092,2,28.73155690614906,28.72988043830423,28.739559454710385,0.001676467844827556,-0.009679016406153096,False,False,False,False,False,False,results/qcnet_server_500/artifacts/0553b9d1-e849-40e2-804a-af3dbe5e1d22.npz
055e1805-296e-40cf-aa1a-87337b119e55,182170,0.3731715679168701,3,29.018160148004075,28.806351589105788,29.0546834711809,0.2118085588982872,-0.2483318820751137,False,False,False,False,False,False,results/qcnet_server_500/artifacts/055e1805-296e-40cf-aa1a-87337b119e55.npz
02464d4a-8287-46b2-88e8-4ca9a7f8db86,120279,0.3571496307849884,3,28.842430285260594,28.84195941546783,28.836276709443215,0.000470869792764006,0.0056827060246149586,False,False,False,False,False,False,results/qcnet_server_500/artifacts/02464d4a-8287-46b2-88e8-4ca9a7f8db86.npz
038bb426-003e-456e-8e12-306ae67f649b,19052,0.2439696341753006,1,28.85257083649305,28.851759178904846,28.852578320091602,0.0008116575882048949,-0.0008191411867564113,False,False,False,False,False,False,results/qcnet_server_500/artifacts/038bb426-003e-456e-8e12-306ae67f649b.npz
0046bad9-f29c-4365-bfba-a087a1075667,6335,0.41430747509002686,1,41.494288155573344,28.895839083454867,42.20988317031074,12.598449072118477,-13.314044086855873,False,False,False,False,False,False,results/qcnet_server_500/artifacts/0046bad9-f29c-4365-bfba-a087a1075667.npz
03f8ebd3-d8bb-4204-951c-5e016e2f4297,63057,0.2977915108203888,4,29.022004187092968,29.018194766302233,29.023035155237626,0.003809420790734208,-0.00484038893539207,False,False,False,False,False,False,results/qcnet_server_500/artifacts/03f8ebd3-d8bb-4204-951c-5e016e2f4297.npz
039c8d26-7741-42b4-a329-8cc63fb7bac7,74762,0.3519822359085083,1,30.29587706741648,29.0499843607629,30.43270967237682,1.2458927066535814,-1.382725311613921,False,False,False,False,False,False,results/qcnet_server_500/artifacts/039c8d26-7741-42b4-a329-8cc63fb7bac7.npz
0168106d-6aac-4b54-adec-fb9996040418,22044,0.3548230826854706,2,29.303502144531965,29.300126370891444,29.322429024598012,0.003375773640520663,-0.02230265370656781,False,False,False,False,False,False,results/qcnet_server_500/artifacts/0168106d-6aac-4b54-adec-fb9996040418.npz
041b48a8-77a0-4140-a0a4-4a6faafcaa5c,187084,0.4660925567150116,2,29.30595354769597,29.30595354769597,29.31432126694039,0.0,-0.008367719244418481,False,False,False,False,False,False,results/qcnet_server_500/artifacts/041b48a8-77a0-4140-a0a4-4a6faafcaa5c.npz
003363ad-fa78-45f9-a8d7-716f4ea6d586,28412,0.24225476384162903,2,31.213937605182966,29.567326054003743,31.21388845613369,1.6466115511792232,-1.6465624021299483,False,False,False,False,False,False,results/qcnet_server_500/artifacts/003363ad-fa78-45f9-a8d7-716f4ea6d586.npz
03439826-bc62-468c-b0f3-f70cd248e38e,23027,0.28059861063957214,2,41.94381337165486,29.7080337086917,42.09179421496944,12.23577966296316,-12.383760506277739,False,False,False,False,False,False,results/qcnet_server_500/artifacts/03439826-bc62-468c-b0f3-f70cd248e38e.npz
02eef7c9-620e-4823-b97a-082397bc8078,101940,0.3951372802257538,4,30.031231270235637,30.029692044233126,30.028933744332264,0.001539226002510219,0.0007582999008626246,False,False,False,False,False,False,results/qcnet_server_500/artifacts/02eef7c9-620e-4823-b97a-082397bc8078.npz
022accfa-a406-419b-bdad-b2867370b477,152903,0.2663608193397522,1,36.36616988526632,30.770660612862,43.41827383849042,5.595509272404325,-12.647613225628422,False,False,False,False,False,False,results/qcnet_server_500/artifacts/022accfa-a406-419b-bdad-b2867370b477.npz
0343f631-e928-4f53-8b7b-d753d8a0f012,11382,0.24792148172855377,2,37.23507405792223,30.817154240968634,34.94129677313451,6.417919816953599,-4.124142532165877,False,False,False,False,False,False,results/qcnet_server_500/artifacts/0343f631-e928-4f53-8b7b-d753d8a0f012.npz
03a64339-2304-4ff7-8540-0dae906f7e09,106014,0.6401976943016052,4,37.481020319969176,30.888113838592616,38.321719627715545,6.592906481376559,-7.433605789122929,False,False,False,False,False,False,results/qcnet_server_500/artifacts/03a64339-2304-4ff7-8540-0dae906f7e09.npz
02fa5a73-aac4-4c52-ba41-a7f5804d93ab,83176,0.3443213999271393,3,30.99921029377092,30.99344679594148,30.984338100524877,0.00576349782943808,0.009108695416603751,False,False,False,False,False,False,results/qcnet_server_500/artifacts/02fa5a73-aac4-4c52-ba41-a7f5804d93ab.npz
0388f280-f4cf-4f22-8b61-3408b9d41816,58204,0.39243045449256897,5,31.041694808900267,31.036862400755794,31.111628652435037,0.004832408144473277,-0.07476625167924311,False,False,False,False,False,False,results/qcnet_server_500/artifacts/0388f280-f4cf-4f22-8b61-3408b9d41816.npz
00d95e80-1f97-48ef-8bf6-651e6c93678f,2956,0.41065284609794617,1,31.074101846032676,31.0492777176045,31.07552353183407,0.024824128428175385,-0.02624581422956851,False,False,False,False,False,False,results/qcnet_server_500/artifacts/00d95e80-1f97-48ef-8bf6-651e6c93678f.npz
03a4e06a-bccc-459f-ac32-076bba9d4e3d,71866,0.9473426938056946,0,31.269965279001468,31.25630605015597,31.272499753461986,0.01365922884549775,-0.01619370330601555,False,False,False,False,False,False,results/qcnet_server_500/artifacts/03a4e06a-bccc-459f-ac32-076bba9d4e3d.npz
0066f16d-cee1-44db-aa9d-aca38e9761f4,110567,0.38667330145835876,2,35.06215827611763,31.273224464799195,31.423808623813084,3.788933811318433,-0.15058415901388855,False,False,False,False,False,False,results/qcnet_server_500/artifacts/0066f16d-cee1-44db-aa9d-aca38e9761f4.npz
00a8fc17-d464-47c6-95f9-4e99a9a6fe86,4990,0.6674502491950989,0,31.40025408668205,31.382320222846793,31.387332692473876,0.017933863835256858,-0.005012469627082794,False,False,False,False,False,False,results/qcnet_server_500/artifacts/00a8fc17-d464-47c6-95f9-4e99a9a6fe86.npz
040b4d71-da76-40f6-8c04-69b6de088f5e,39803,0.5327764749526978,4,44.03928620365748,31.506723022002173,45.2222075389219,12.53256318165531,-13.715484516919727,False,False,False,False,False,False,results/qcnet_server_500/artifacts/040b4d71-da76-40f6-8c04-69b6de088f5e.npz
00ea15e0-d833-4d56-8b67-c640fefc81ee,153419,0.33079397678375244,2,31.68439636541322,31.65358939221381,31.695160183262594,0.030806973199410947,-0.04157079104878392,False,False,False,False,False,False,results/qcnet_server_500/artifacts/00ea15e0-d833-4d56-8b67-c640fefc81ee.npz
02df3560-c7df-4c72-9aba-45babf8aef8e,219482,0.35535115003585815,4,35.281770830939095,31.784284287412234,35.27696590603508,3.497486543526861,-3.4926816186228464,False,False,False,False,False,False,results/qcnet_server_500/artifacts/02df3560-c7df-4c72-9aba-45babf8aef8e.npz
018230c9-cd2b-474d-9079-20e31b1d6648,214915,0.524941623210907,2,32.72425673573205,31.988306139445896,32.822459442718575,0.7359505962861519,-0.8341533032726787,False,False,False,False,False,False,results/qcnet_server_500/artifacts/018230c9-cd2b-474d-9079-20e31b1d6648.npz
052ceffc-02b5-43a4-a1c0-c0acc9205a7a,150123,0.3565475344657898,3,37.889018734578634,32.28732913552094,38.9091539065221,5.601689599057693,-6.621824771001158,False,False,False,False,False,False,results/qcnet_server_500/artifacts/052ceffc-02b5-43a4-a1c0-c0acc9205a7a.npz
02b57064-6fe3-41a4-8ad5-24e51abbdac4,69497,0.4944486916065216,4,32.35198500098726,32.35142974715734,32.3447711875513,0.0005552538299227194,0.006658559606037784,False,False,False,False,False,False,results/qcnet_server_500/artifacts/02b57064-6fe3-41a4-8ad5-24e51abbdac4.npz
02cc4ddf-7f67-4f14-9e66-653810ccdfc2,117860,0.32356420159339905,4,32.357961369595266,32.357961369595266,32.3503402971016,0.0,0.00762107249366295,False,False,False,False,False,False,results/qcnet_server_500/artifacts/02cc4ddf-7f67-4f14-9e66-653810ccdfc2.npz
0586fc9e-edd4-438d-9695-57fa7807701b,17982,0.4647033214569092,2,32.365652270764606,32.35808637522364,32.357104681436745,0.007565895540963652,0.0009816937868976083,False,False,False,False,False,False,results/qcnet_server_500/artifacts/0586fc9e-edd4-438d-9695-57fa7807701b.npz
03a49a6a-6197-4f48-9eae-080bf2752efa,10107,0.9014971852302551,1,41.47516146284088,32.41080013250266,44.75928127284598,9.064361330338222,-12.348481140343324,False,False,False,False,False,False,results/qcnet_server_500/artifacts/03a49a6a-6197-4f48-9eae-080bf2752efa.npz
045bfbec-6c4c-4e4e-b474-2e0e33f5c907,59188,0.4108283221721649,4,32.46427091480524,32.456524674312774,32.475386058506004,0.007746240492465972,-0.01886138419322947,False,False,False,False,False,False,results/qcnet_server_500/artifacts/045bfbec-6c4c-4e4e-b474-2e0e33f5c907.npz
03504b48-db27-47c2-859e-5ddb67d13e0b,13952,0.384161114692688,1,32.904784799398705,32.901415479713535,32.89931707173428,0.003369319685170069,0.002098407979254091,False,False,False,False,False,False,results/qcnet_server_500/artifacts/03504b48-db27-47c2-859e-5ddb67d13e0b.npz
0362f719-8568-46b3-a855-787a337be0dc,30746,0.6345701217651367,2,35.55937315162006,33.22361262232754,35.07768530028444,2.3357605292925143,-1.8540726779569,False,False,False,False,False,False,results/qcnet_server_500/artifacts/0362f719-8568-46b3-a855-787a337be0dc.npz
02547d9c-2dd4-4b6f-8678-10ce8b82f320,14600,0.3961341381072998,1,47.99091676485607,33.262793999683986,45.96609264618013,14.728122765172081,-12.703298646496144,False,False,False,False,False,False,results/qcnet_server_500/artifacts/02547d9c-2dd4-4b6f-8678-10ce8b82f320.npz
05214d2e-78f8-4415-8e1b-12d12aa9cff8,36959,0.5458225607872009,1,33.54119372938381,33.54119372938381,33.53739935833046,0.0,0.0037943710533454578,False,False,False,False,False,False,results/qcnet_server_500/artifacts/05214d2e-78f8-4415-8e1b-12d12aa9cff8.npz
0517f53f-def0-487e-a8f0-9a35a3bc72b5,13224,0.43315446376800537,4,33.64756684927034,33.63860066480596,33.646550775636705,0.008966184464377136,-0.007950110830741153,False,False,False,False,False,False,results/qcnet_server_500/artifacts/0517f53f-def0-487e-a8f0-9a35a3bc72b5.npz
02fc0395-856b-4131-a6eb-2a5d211d41c9,31608,0.30207860469818115,1,40.49737893853742,33.75222453539193,41.54640675008648,6.7451544031454915,-7.794182214694551,False,False,False,False,False,False,results/qcnet_server_500/artifacts/02fc0395-856b-4131-a6eb-2a5d211d41c9.npz
055ff4aa-1fef-460d-9467-952c8899ab33,3732,0.463553249835968,2,34.51940671228786,34.51662552261114,34.51880467251192,0.002781189676717588,-0.002179149900776167,False,False,False,False,False,False,results/qcnet_server_500/artifacts/055ff4aa-1fef-460d-9467-952c8899ab33.npz
04127f9a-8ef0-425f-9e8f-3d14f014ff29,110277,0.3554884195327759,1,34.56418535175489,34.55806714496758,34.56460356783337,0.006118206787306235,-0.0065364228657927015,False,False,False,False,False,False,results/qcnet_server_500/artifacts/04127f9a-8ef0-425f-9e8f-3d14f014ff29.npz
0484a954-0537-4de1-8243-366914daabfc,55234,0.3833354711532593,2,34.64764694314036,34.646957747977424,34.62881458698497,0.0006891951629341975,0.018143160992451612,False,False,False,False,False,False,results/qcnet_server_500/artifacts/0484a954-0537-4de1-8243-366914daabfc.npz
025dc8d5-bc7f-49b0-9a7e-ffe18b3e1125,81978,0.4089341163635254,1,47.057326694402306,34.74818782853926,47.008851578101094,12.309138865863048,-12.260663749561836,False,False,False,False,False,False,results/qcnet_server_500/artifacts/025dc8d5-bc7f-49b0-9a7e-ffe18b3e1125.npz
03a32a48-8d16-45fe-9e41-6939b79524ae,17098,0.28292250633239746,1,34.963151326559924,34.96244830933544,34.96181588635819,0.0007030172244810728,0.0006324229772545209,False,False,False,False,False,False,results/qcnet_server_500/artifacts/03a32a48-8d16-45fe-9e41-6939b79524ae.npz
05569dbf-547c-4d33-bc15-3e3f56dcaf60,26065,0.5029943585395813,3,48.59753816870982,35.17191747512862,36.85169330498499,13.425620693581195,-1.6797758298563679,False,False,False,False,False,False,results/qcnet_server_500/artifacts/05569dbf-547c-4d33-bc15-3e3f56dcaf60.npz
0417b507-cd8b-4772-9ef4-b81fe8dcade2,95979,0.344618022441864,4,41.72626762968037,35.97318950501815,41.728161753862054,5.753078124662224,-5.754972248843906,False,False,False,False,False,False,results/qcnet_server_500/artifacts/0417b507-cd8b-4772-9ef4-b81fe8dcade2.npz
01154df6-1058-404c-91eb-e78992da5a38,19841,0.399091511964798,4,41.292524192518336,36.42701652339671,46.638785059337984,4.865507669121627,-10.211768535941275,False,False,False,False,False,False,results/qcnet_server_500/artifacts/01154df6-1058-404c-91eb-e78992da5a38.npz
0587f00a-570e-4031-92ac-64a8d145212e,83513,0.3216075897216797,2,36.75232809260365,36.74743500990103,36.763001694899124,0.004893082702615459,-0.015566684998091773,False,False,False,False,False,False,results/qcnet_server_500/artifacts/0587f00a-570e-4031-92ac-64a8d145212e.npz
05340841-b54a-4f51-8f5c-cbfe98fca3cb,56219,0.2881021201610565,1,37.382255572285636,36.78715135903845,37.07946548804753,0.5951042132471898,-0.2923141290090854,False,False,False,False,False,False,results/qcnet_server_500/artifacts/05340841-b54a-4f51-8f5c-cbfe98fca3cb.npz
05232a32-b689-4d23-b31a-f29e41183cbb,86664,0.36563119292259216,1,36.86145709966264,36.859496966617435,36.858951195855234,0.0019601330452019283,0.0005457707622014141,False,False,False,False,False,False,results/qcnet_server_500/artifacts/05232a32-b689-4d23-b31a-f29e41183cbb.npz
0482b702-6553-43bc-895a-76d78a245e85,10511,0.20684704184532166,1,37.081575496874756,37.07939767537364,37.0843432442159,0.002177821501113897,-0.004945568842259718,False,False,False,False,False,False,results/qcnet_server_500/artifacts/0482b702-6553-43bc-895a-76d78a245e85.npz
050085ee-771c-418c-8530-7dd36704ae1c,10153,0.45000943541526794,3,37.41577755483465,37.40562294153196,37.41187074331733,0.010154613302688631,-0.006247801785370655,False,False,False,False,False,False,results/qcnet_server_500/artifacts/050085ee-771c-418c-8530-7dd36704ae1c.npz
029012ee-19d6-4d7d-b45e-09cdd77d0e92,274540,0.2194136381149292,3,40.399913397375435,37.754293524644915,43.018551347095965,2.6456198727305207,-5.26425782245105,False,False,False,False,False,False,results/qcnet_server_500/artifacts/029012ee-19d6-4d7d-b45e-09cdd77d0e92.npz
03467aa3-7094-4b5c-83fc-d7eac8e3bd4f,92785,0.5191059112548828,2,38.36544960640139,37.823150834988226,38.13608341494683,0.5422987714131651,-0.3129325799586056,False,False,False,False,False,False,results/qcnet_server_500/artifacts/03467aa3-7094-4b5c-83fc-d7eac8e3bd4f.npz
02eb864b-0f8d-4e20-8f61-87425c8302c6,7668,0.942658543586731,0,38.476497970463555,38.476497970463555,46.44024836515403,0.0,-7.9637503946904715,False,False,False,False,False,False,results/qcnet_server_500/artifacts/02eb864b-0f8d-4e20-8f61-87425c8302c6.npz
03959fe1-bb37-4d9a-a610-50a28d3101a6,5982,0.427714079618454,5,57.48902259378863,38.91222990969066,41.497850753352004,18.576792684097974,-2.5856208436613457,False,False,False,False,False,False,results/qcnet_server_500/artifacts/03959fe1-bb37-4d9a-a610-50a28d3101a6.npz
015e5479-1888-4d13-816c-689d9437599e,65073,0.5779410004615784,3,39.065059827388964,39.057082733266185,39.05136916575731,0.007977094122779249,0.005713567508877304,False,False,False,False,False,False,results/qcnet_server_500/artifacts/015e5479-1888-4d13-816c-689d9437599e.npz
01d10f88-b95b-44ae-a33f-3f819f372553,6499,0.3338431119918823,3,50.401712552750844,39.17925123312224,50.18947470652972,11.222461319628607,-11.010223473407486,False,False,False,False,False,False,results/qcnet_server_500/artifacts/01d10f88-b95b-44ae-a33f-3f819f372553.npz
00a50e9f-63a1-4678-a4fe-c6109721ecba,22588,0.5172537565231323,2,43.46902295225052,39.288634541582105,59.880944438744386,4.180388410668414,-20.59230989716228,False,False,False,False,False,False,results/qcnet_server_500/artifacts/00a50e9f-63a1-4678-a4fe-c6109721ecba.npz
02baa3c0-37b0-4599-baff-a4101532687d,88647,0.26322856545448303,3,39.52277281866381,39.52122975185633,39.51479778653289,0.0015430668074785103,0.006431965323443478,False,False,False,False,False,False,results/qcnet_server_500/artifacts/02baa3c0-37b0-4599-baff-a4101532687d.npz
0418997d-1747-42f2-afed-66b6904e02e9,180829,0.542812168598175,0,39.58052167175681,39.58052167175681,41.00587313679743,0.0,-1.4253514650406203,False,False,False,False,False,False,results/qcnet_server_500/artifacts/0418997d-1747-42f2-afed-66b6904e02e9.npz
04e7e3ac-16b0-4e27-80ce-0f43dd5cefe2,26522,0.35954487323760986,3,39.803087094883324,39.79605305754852,39.8068825375754,0.007034037334804566,-0.010829480026878002,False,False,False,False,False,False,results/qcnet_server_500/artifacts/04e7e3ac-16b0-4e27-80ce-0f43dd5cefe2.npz
00230ccd-4922-4f8c-b67f-ba70d0db22d3,79514,0.335020512342453,2,40.67626449413668,40.19058872488509,40.06084239419795,0.4856757692515927,0.1297463306871407,False,False,False,False,False,False,results/qcnet_server_500/artifacts/00230ccd-4922-4f8c-b67f-ba70d0db22d3.npz
04fabaa0-0235-453e-b8e7-be677cf4997b,149772,0.6461415886878967,0,40.50052956192633,40.50052956192633,40.51809494418047,0.0,-0.017565382254140616,False,False,False,False,False,False,results/qcnet_server_500/artifacts/04fabaa0-0235-453e-b8e7-be677cf4997b.npz
045719b9-ed2c-4859-8c1c-9873481d4c98,168106,0.26207807660102844,4,41.40539993277247,41.39495023533553,41.39539014805906,0.010449697436939687,-0.0004399127235288347,False,False,False,False,False,False,results/qcnet_server_500/artifacts/045719b9-ed2c-4859-8c1c-9873481d4c98.npz
0215f173-8164-4cef-b51c-fea24c98cba9,7242,0.5205920934677124,2,57.5668397700616,42.20182948121607,33.30736999147087,15.365010288845525,8.894459489745202,False,False,False,False,False,False,results/qcnet_server_500/artifacts/0215f173-8164-4cef-b51c-fea24c98cba9.npz
019049a7-4f8b-429a-a925-478d97a4ef8a,21054,0.7879855632781982,1,42.46988550146022,42.45917692491304,42.469984261188955,0.010708576547180826,-0.010807336275917123,False,False,False,False,False,False,results/qcnet_server_500/artifacts/019049a7-4f8b-429a-a925-478d97a4ef8a.npz
0343292a-3214-4da9-b05b-eca3f2336d73,118359,0.5556411147117615,2,42.61953307077266,42.61953307077266,50.431381788683176,0.0,-7.8118487179105145,False,False,False,False,False,False,results/qcnet_server_500/artifacts/0343292a-3214-4da9-b05b-eca3f2336d73.npz
032cfd2b-f5db-4f2b-bc27-d1d89305a666,19805,0.4281659722328186,1,44.341942921056756,42.751786914784496,45.231201113233915,1.5901560062722595,-2.479414198449419,False,False,False,False,False,False,results/qcnet_server_500/artifacts/032cfd2b-f5db-4f2b-bc27-d1d89305a666.npz
013b721e-322b-4e5c-91f2-3c455c1196ec,41998,0.25681376457214355,4,48.844091727072865,43.0016884713877,48.18921628511436,5.842403255685163,-5.1875278137266605,False,False,False,False,False,False,results/qcnet_server_500/artifacts/013b721e-322b-4e5c-91f2-3c455c1196ec.npz
0182d40d-e8e4-4149-84db-b4dd76de9cdc,23272,0.2855226993560791,4,48.86292390020505,43.743043206623035,48.86197439117161,5.119880693582012,-5.118931184548572,False,False,False,False,False,False,results/qcnet_server_500/artifacts/0182d40d-e8e4-4149-84db-b4dd76de9cdc.npz
00e21119-f350-4664-b77e-18823533a1a6,20927,0.3939920663833618,0,44.4037281094857,44.4037281094857,54.94019160456171,0.0,-10.536463495076013,False,False,False,False,False,False,results/qcnet_server_500/artifacts/00e21119-f350-4664-b77e-18823533a1a6.npz
03dd6505-37c2-4032-bf3a-7a5dc95caa36,7528,0.316220223903656,3,44.46364798819291,44.45180670303637,44.47149430182314,0.01184128515654237,-0.019687598786774174,False,False,False,False,False,False,results/qcnet_server_500/artifacts/03dd6505-37c2-4032-bf3a-7a5dc95caa36.npz
04a49c79-972d-4d77-84ed-dbf71dd8050a,67133,0.40959689021110535,3,44.87094154242431,44.8581878414673,44.87086774879222,0.012753700957013336,-0.012679907324923079,False,False,False,False,False,False,results/qcnet_server_500/artifacts/04a49c79-972d-4d77-84ed-dbf71dd8050a.npz
03a54244-d4a4-4b8e-8cbc-4f0729fe4cb1,69572,0.3243354558944702,2,46.056012866756575,45.26546785990993,46.27212149059178,0.7905450068466422,-1.0066536306818463,False,False,False,False,False,False,results/qcnet_server_500/artifacts/03a54244-d4a4-4b8e-8cbc-4f0729fe4cb1.npz
030fdfe8-8404-45b0-ada4-117e24498069,169606,0.37676721811294556,4,47.020274340825125,45.304296546812495,47.02123232721453,1.7159777940126304,-1.7169357804020322,False,False,False,False,False,False,results/qcnet_server_500/artifacts/030fdfe8-8404-45b0-ada4-117e24498069.npz
014586b7-0816-4c04-b92d-981bd5de9984,157277,0.4468321204185486,1,45.753600218538054,45.753600218538054,45.75652906192615,0.0,-0.002928843388097846,False,False,False,False,False,False,results/qcnet_server_500/artifacts/014586b7-0816-4c04-b92d-981bd5de9984.npz
00cf7a09-b98d-4c87-921a-830066a07100,58534,0.6075490713119507,4,46.46664899483678,46.466622371874244,46.463884168949015,2.6622962536748673e-05,0.002738202925229416,False,False,False,False,False,False,results/qcnet_server_500/artifacts/00cf7a09-b98d-4c87-921a-830066a07100.npz
029e1006-cff6-47cb-81de-d1c18deee079,38093,0.42853909730911255,2,47.0119261930015,46.786381666192916,46.77757017905079,0.2255445268085836,0.00881148714212543,False,False,False,False,False,False,results/qcnet_server_500/artifacts/029e1006-cff6-47cb-81de-d1c18deee079.npz
0325149c-9366-4a2a-a582-81acb67ae829,28753,0.2988717555999756,4,47.70809223254332,47.69494784041585,47.70717995518224,0.013144392127472315,-0.012232114766391078,False,False,False,False,False,False,results/qcnet_server_500/artifacts/0325149c-9366-4a2a-a582-81acb67ae829.npz
02de1808-f374-41ce-84cb-a311dd8ac17c,129895,0.31087782979011536,4,49.868021947736096,49.86462257096299,49.8650101029883,0.003399376773103313,-0.00038753202530728004,False,False,False,False,False,False,results/qcnet_server_500/artifacts/02de1808-f374-41ce-84cb-a311dd8ac17c.npz
0168f167-e4ad-4850-962b-6f0ec3292f92,20113,0.27383744716644287,2,59.837992492284265,50.450762814216965,57.54240007943648,9.3872296780673,-7.091637265219518,False,False,False,False,False,False,results/qcnet_server_500/artifacts/0168f167-e4ad-4850-962b-6f0ec3292f92.npz
027f22a3-4bd9-42ae-a165-a9d6b4e2ef78,141178,0.3511090576648712,4,50.927970470649726,50.92302688835949,50.92659985978409,0.004943582290238169,-0.003572971424603111,False,False,False,False,False,False,results/qcnet_server_500/artifacts/027f22a3-4bd9-42ae-a165-a9d6b4e2ef78.npz
011d6552-93e1-4766-a2ac-8209ef17f9c9,94489,0.7725409269332886,0,51.01972976589288,51.01972976589288,52.68784494788406,0.0,-1.6681151819911761,False,False,False,False,False,False,results/qcnet_server_500/artifacts/011d6552-93e1-4766-a2ac-8209ef17f9c9.npz
00b265e1-3c7e-44fc-b725-29d4f2cde0bd,101317,0.38157016038894653,3,52.48460422260258,52.484362822267485,52.48395728856131,0.00024140033509212344,0.00040553370617857354,False,False,False,False,False,False,results/qcnet_server_500/artifacts/00b265e1-3c7e-44fc-b725-29d4f2cde0bd.npz
011edc25-d8b7-4471-a2dc-9d44231f1b62,139875,0.39855653047561646,5,53.58364052416261,53.58364052416261,58.74084750482547,0.0,-5.157206980662856,False,False,False,False,False,False,results/qcnet_server_500/artifacts/011edc25-d8b7-4471-a2dc-9d44231f1b62.npz
019231d2-4fa5-4f1a-bb2d-04c4a08890b3,40201,0.35522836446762085,3,57.1877865273432,57.18275272906095,57.1875585753761,0.0050337982822483696,-0.004805846315150575,False,False,False,False,False,False,results/qcnet_server_500/artifacts/019231d2-4fa5-4f1a-bb2d-04c4a08890b3.npz
0072a11c-c3f5-4d44-b4e1-04117bc4100b,5346,0.762126088142395,4,58.04761950890142,58.02484705911079,58.05828475908424,0.022772449790629423,-0.033437699973447366,False,False,False,False,False,False,results/qcnet_server_500/artifacts/0072a11c-c3f5-4d44-b4e1-04117bc4100b.npz
02461a3b-b783-458c-93b1-5726183b6869,54340,0.4043990969657898,2,58.26324704218571,58.25549852068444,58.556760908779246,0.007748521501270034,-0.30126238809480554,False,False,False,False,False,False,results/qcnet_server_500/artifacts/02461a3b-b783-458c-93b1-5726183b6869.npz
01cf2434-2b72-41fd-8fd8-439038f90959,517,0.8737713098526001,0,58.42544115664709,58.42544115664709,58.42961656209345,0.0,-0.004175405446360969,False,False,False,False,False,False,results/qcnet_server_500/artifacts/01cf2434-2b72-41fd-8fd8-439038f90959.npz
02b6146b-376b-43d1-a8bb-6a73088d7260,129311,0.5384160876274109,2,59.823751354975926,59.81683740664107,59.82872783469755,0.006913948334855036,-0.011890428056481994,False,False,False,False,False,False,results/qcnet_server_500/artifacts/02b6146b-376b-43d1-a8bb-6a73088d7260.npz
04657af7-1b29-4831-ad15-4602bf931ca8,40378,0.499978244304657,1,70.60174524189257,59.94622323626908,69.10496774534654,10.655522005623496,-9.158744509077465,False,False,False,False,False,False,results/qcnet_server_500/artifacts/04657af7-1b29-4831-ad15-4602bf931ca8.npz
022caabc-26fb-4ef7-8495-63ac3894b018,161,0.47033318877220154,2,70.73457953303625,63.77373785296109,69.42866598774779,6.960841680075163,-5.654928134786701,False,False,False,False,False,False,results/qcnet_server_500/artifacts/022caabc-26fb-4ef7-8495-63ac3894b018.npz
052d58dc-0e06-4067-a8c4-51591de3c943,26447,0.42153042554855347,5,66.87215069913147,66.87129857524221,66.87223637654941,0.0008521238892598149,-0.000937801307202335,False,False,False,False,False,False,results/qcnet_server_500/artifacts/052d58dc-0e06-4067-a8c4-51591de3c943.npz
001e7a56-f046-4f05-bd8f-ddf320079eae,128381,0.4228047728538513,0,70.51764305280915,70.49719445802393,70.49403905395825,0.020448594785221985,0.0031554040656800453,False,False,False,False,False,False,results/qcnet_server_500/artifacts/001e7a56-f046-4f05-bd8f-ddf320079eae.npz
0470b14d-42cd-4679-98f7-747965af66c0,1025,0.46511223912239075,2,73.74636925189664,71.60836059880619,75.08348924971577,2.138008653090452,-3.475128650909582,False,False,False,False,False,False,results/qcnet_server_500/artifacts/0470b14d-42cd-4679-98f7-747965af66c0.npz
028a6168-6c93-44a3-8be7-874a717f3770,68538,0.4064783453941345,3,85.04282435278364,72.43457090167897,81.16124436614392,12.608253451104673,-8.726673464464952,False,False,False,False,False,False,results/qcnet_server_500/artifacts/028a6168-6c93-44a3-8be7-874a717f3770.npz
0266f999-928b-441a-8c82-3a67038f646f,9288,0.8124774098396301,2,76.38599116447777,73.97663381655485,80.51367863435122,2.4093573479229207,-6.537044817796371,False,False,False,False,False,False,results/qcnet_server_500/artifacts/0266f999-928b-441a-8c82-3a67038f646f.npz
03e52ed8-8f9c-4320-803d-d0f58586fdf9,117145,0.3894341289997101,3,73.98200704617956,73.98113301836636,73.99406318766225,0.0008740278131966761,-0.012930169295884753,False,False,False,False,False,False,results/qcnet_server_500/artifacts/03e52ed8-8f9c-4320-803d-d0f58586fdf9.npz
00e14259-7419-4f92-9699-835bc4f62536,40102,0.7530441284179688,4,80.50449772562473,75.45692761988701,80.53266765344394,5.047570105737719,-5.075740033556926,False,False,False,False,False,False,results/qcnet_server_500/artifacts/00e14259-7419-4f92-9699-835bc4f62536.npz
039a20c5-36fd-438e-add8-498f3781a679,127785,0.3254212737083435,2,78.67212488765485,76.05029233724102,80.97047205589584,2.621832550413828,-4.920179718654822,False,False,False,False,False,False,results/qcnet_server_500/artifacts/039a20c5-36fd-438e-add8-498f3781a679.npz
040d2c8e-a999-4323-8218-9c27d65ac81d,13165,0.3656085729598999,3,96.81293227215903,77.57463446118247,92.2514106807914,19.23829781097656,-14.676776219608925,False,False,False,False,False,False,results/qcnet_server_500/artifacts/040d2c8e-a999-4323-8218-9c27d65ac81d.npz
03ab4086-6585-4e07-8494-e61efadbf5e4,12087,0.2712121903896332,4,93.05856945791062,81.94243768927915,100.72567268310753,11.116131768631476,-18.783234993828387,False,False,False,False,False,False,results/qcnet_server_500/artifacts/03ab4086-6585-4e07-8494-e61efadbf5e4.npz
00f1879f-ec21-4a4c-9c7b-84648379249b,24744,0.34611716866493225,3,86.49623791093705,83.22306436653189,91.84516960429957,3.273173544405168,-8.622105237767684,False,False,False,False,False,False,results/qcnet_server_500/artifacts/00f1879f-ec21-4a4c-9c7b-84648379249b.npz
032d083b-3926-4b24-bff4-cc61bd423960,245036,0.5593483448028564,2,90.05976234692126,89.17325514271285,86.11982308706229,0.8865072042084137,3.0534320556505605,False,False,False,False,False,False,results/qcnet_server_500/artifacts/032d083b-3926-4b24-bff4-cc61bd423960.npz
025fd3a0-aee2-4739-b16a-4f7810831f1f,28903,0.2883533239364624,3,91.79236376746181,89.39070772041504,87.78876165139722,2.401656047046771,1.6019460690178136,False,False,False,False,False,False,results/qcnet_server_500/artifacts/025fd3a0-aee2-4739-b16a-4f7810831f1f.npz
050319e5-06a6-486e-8129-dcb9f79859be,43145,0.44138315320014954,3,95.88447427005066,92.21711727572651,91.39780927892646,3.6673569943241517,0.819307996800049,False,False,False,False,False,False,results/qcnet_server_500/artifacts/050319e5-06a6-486e-8129-dcb9f79859be.npz
007471ae-7006-49ec-903d-a9465c4fa379,186690,0.277118057012558,4,97.99853804875778,94.00835797674623,99.8881664717257,3.9901800720115546,-5.879808494979471,False,False,False,False,False,False,results/qcnet_server_500/artifacts/007471ae-7006-49ec-903d-a9465c4fa379.npz
009ba352-ea89-45cb-83e8-c8e65148d87e,156930,0.317702054977417,4,96.87269977984322,96.87215650300003,96.8840613884137,0.000543276843188778,-0.01190488541367074,False,False,False,False,False,False,results/qcnet_server_500/artifacts/009ba352-ea89-45cb-83e8-c8e65148d87e.npz
022d8a5b-10e5-436f-85e5-aa3240c778e5,417,0.27258870005607605,3,102.7289690006644,100.67137037284259,109.67609118960496,2.057598627821818,-9.004720816762372,False,False,False,False,False,False,results/qcnet_server_500/artifacts/022d8a5b-10e5-436f-85e5-aa3240c778e5.npz
00bb46d3-2f4e-4c7b-95bd-51a65ff9670e,6879,0.874403715133667,4,124.35620928053011,110.63071298556727,115.22802606426885,13.725496294962838,-4.597313078701575,False,False,False,False,False,False,results/qcnet_server_500/artifacts/00bb46d3-2f4e-4c7b-95bd-51a65ff9670e.npz
0280d95b-37bb-4af9-9b35-64e9e3a09897,133434,0.3275480568408966,1,120.01998712768139,111.04666043803348,118.34664593305733,8.973326689647905,-7.299985495023847,False,False,False,False,False,False,results/qcnet_server_500/artifacts/0280d95b-37bb-4af9-9b35-64e9e3a09897.npz
021d8f3c-0f97-40e9-90f1-96f22706f5b6,59118,0.953923225402832,0,112.45954803912726,112.42635283329368,112.44325899883303,0.03319520583357871,-0.016906165539353424,False,False,False,False,False,False,results/qcnet_server_500/artifacts/021d8f3c-0f97-40e9-90f1-96f22706f5b6.npz
0433b812-37b0-401b-b114-5a2400c977b2,30468,0.5729819536209106,1,123.96865129791439,123.82485876529003,124.05181560643089,0.1437925326243601,-0.22695684114086134,False,False,False,False,False,False,results/qcnet_server_500/artifacts/0433b812-37b0-401b-b114-5a2400c977b2.npz
04f37236-9236-4b40-ae3f-79b5ec2ee6a2,9129,0.3891332745552063,4,157.64756354928085,142.06110816173893,145.67198117420156,15.586455387541918,-3.6108730124626334,False,False,False,False,False,False,results/qcnet_server_500/artifacts/04f37236-9236-4b40-ae3f-79b5ec2ee6a2.npz
03c94364-761e-4e62-a05e-0d62d5af9b7a,7767,0.4047756493091583,4,145.00945023098205,144.99991305771908,145.0175802267533,0.0095371732629701,-0.017667169034211838,False,False,False,False,False,False,results/qcnet_server_500/artifacts/03c94364-761e-4e62-a05e-0d62d5af9b7a.npz
